pfaf_id,bws_01_raw,bws_01_score,bws_01_cat,bws_01_label,bwd_01_raw,bwd_01_score,bwd_01_cat,bwd_01_label,bws_02_raw,bws_02_score,bws_02_cat,bws_02_label,bwd_02_raw,bwd_02_score,bwd_02_cat,bwd_02_label,bws_03_raw,bws_03_score,bws_03_cat,bws_03_label,bwd_03_raw,bwd_03_score,bwd_03_cat,bwd_03_label,bws_04_raw,bws_04_score,bws_04_cat,bws_04_label,bwd_04_raw,bwd_04_score,bwd_04_cat,bwd_04_label,bws_05_raw,bws_05_score,bws_05_cat,bws_05_label,bwd_05_raw,bwd_05_score,bwd_05_cat,bwd_05_label,bws_06_raw,bws_06_score,bws_06_cat,bws_06_label,bwd_06_raw,bwd_06_score,bwd_06_cat,bwd_06_label,bws_07_raw,bws_07_score,bws_07_cat,bws_07_label,bwd_07_raw,bwd_07_score,bwd_07_cat,bwd_07_label,bws_08_raw,bws_08_score,bws_08_cat,bws_08_label,bwd_08_raw,bwd_08_score,bwd_08_cat,bwd_08_label,bws_09_raw,bws_09_score,bws_09_cat,bws_09_label,bwd_09_raw,bwd_09_score,bwd_09_cat,bwd_09_label,bws_10_raw,bws_10_score,bws_10_cat,bws_10_label,bwd_10_raw,bwd_10_score,bwd_10_cat,bwd_10_label,bws_11_raw,bws_11_score,bws_11_cat,bws_11_label,bwd_11_raw,bwd_11_score,bwd_11_cat,bwd_11_label,bws_12_raw,bws_12_score,bws_12_cat,bws_12_label,bwd_12_raw,bwd_12_score,bwd_12_cat,bwd_12_label,name_0,name_1
725555,0.0059847964348798,0.0,0.0,Low (<10%),0.0014153544473799,0.0283070889475982,0.0,Low (<5%),0.0056412999290006,0.0,0.0,Low (<10%),0.0013330409557238,0.0266608191144764,0.0,Low (<5%),0.0039492470338463,0.0,0.0,Low (<10%),0.0009364412125088,0.0187288242501776,0.0,Low (<5%),0.0031231476312573,0.0,0.0,Low (<10%),0.0007424320067148,0.0148486401342962,0.0,Low (<5%),0.0032996686748688,0.0,0.0,Low (<10%),0.0007871945847303,0.0157438916946063,0.0,Low (<5%),0.0035071980108453,0.0,0.0,Low (<10%),0.0008461512516885,0.0169230250337702,0.0,Low (<5%),0.0033423756340543,0.0,0.0,Low (<10%),0.0008261967381552,0.0165239347631059,0.0,Low (<5%),0.0039689810986194,0.0,0.0,Low (<10%),0.0009649308650211,0.0192986173004232,0.0,Low (<5%),0.0053266789677585,0.0,0.0,Low (<10%),0.0012703356472049,0.0254067129440991,0.0,Low (<5%),0.0068327657614481,0.0,0.0,Low (<10%),0.0016271377116775,0.0325427542335508,0.0,Low (<5%),0.0084360580799046,0.0,0.0,Low (<10%),0.0020029867548089,0.0400597350961785,0.0,Low (<5%),0.0075401953661527,0.0,0.0,Low (<10%),0.001784215695594,0.0356843139118803,0.0,Low (<5%),United States,Ohio
725556,0.0029457478507039,0.0,0.0,Low (<10%),0.0007394400449356,0.0147888008987125,0.0,Low (<5%),0.0026048864026409,0.0,0.0,Low (<10%),0.0006525955883434,0.0130519117668691,0.0,Low (<5%),0.0019831313138118,0.0,0.0,Low (<10%),0.0004993132569274,0.0099862651385494,0.0,Low (<5%),0.0016928789112288,0.0,0.0,Low (<10%),0.000428012619643,0.0085602523928605,0.0,Low (<5%),0.0011980475267665,0.0,0.0,Low (<10%),0.0003046616302608,0.0060932326052173,0.0,Low (<5%),0.0010982641190971,0.0,0.0,Low (<10%),0.0002905057965462,0.0058101159309258,0.0,Low (<5%),0.0013452606456544,0.0,0.0,Low (<10%),0.0003877463506715,0.0077549270134314,0.0,Low (<5%),0.0019595954448023,0.0,0.0,Low (<10%),0.0005424409920267,0.0108488198405352,0.0,Low (<5%),0.0032326951986878,0.0,0.0,Low (<10%),0.0008204114437432,0.0164082288748659,0.0,Low (<5%),0.0048356080533083,0.0,0.0,Low (<10%),0.001221872210766,0.0244374442153207,0.0,Low (<5%),0.0057584101904042,0.0,0.0,Low (<10%),0.0014546549572964,0.029093099145929,0.0,Low (<5%),0.0044026580667211,0.0,0.0,Low (<10%),0.0011073015461589,0.0221460309231793,0.0,Low (<5%),United States,Ohio
725557,0.1431498657647047,1.5175263174858122,1.0,Low - Medium (10-20%),0.0316487038601967,0.6329740772039344,0.0,Low (<5%),0.1541609460298477,1.624437330069975,1.0,Low - Medium (10-20%),0.0340728815586923,0.681457631173847,0.0,Low (<5%),0.1112450025056208,1.153740526889815,1.0,Low - Medium (10-20%),0.0246381482859735,0.4927629657194713,0.0,Low (<5%),0.1158527276036913,1.2122920110045914,1.0,Low - Medium (10-20%),0.0257020922039214,0.5140418440784281,0.0,Low (<5%),0.1360759728824313,1.4444123507250797,1.0,Low - Medium (10-20%),0.0303846178203008,0.6076923564060166,0.0,Low (<5%),0.1888111156625041,1.9169437013475927,1.0,Low - Medium (10-20%),0.0437942739403002,0.8758854788060054,0.0,Low (<5%),0.2378597140242572,2.2501109451593138,2.0,Medium - High (20-40%),0.0608974819058276,1.0544874095291383,1.0,Low - Medium (5-25%),0.2847642057895295,2.509767814228028,2.0,Medium - High (20-40%),0.0693007748577401,1.0965038742887006,1.0,Low - Medium (5-25%),0.3067067318860622,2.616859832571845,2.0,Medium - High (20-40%),0.0682929750777989,1.0914648753889948,1.0,Low - Medium (5-25%),0.26896094490752,2.4273966981392707,2.0,Medium - High (20-40%),0.0596612196418953,1.0483060982094767,1.0,Low - Medium (5-25%),0.2375300081900111,2.248109786842008,2.0,Medium - High (20-40%),0.0526448924201389,1.0132244621006945,1.0,Low - Medium (5-25%),0.1837852938324516,1.878021329391781,1.0,Low - Medium (10-20%),0.0406698234296257,0.8133964685925156,0.0,Low (<5%),United States,Ohio
725558,0.0015474563841092,0.0,0.0,Low (<10%),0.0003674629768165,0.0073492595363316,0.0,Low (<5%),0.0013708600683225,0.0,0.0,Low (<10%),0.0003255851788929,0.0065117035778589,0.0,Low (<5%),0.0010401646991271,0.0,0.0,Low (<10%),0.0002479311718297,0.0049586234365944,0.0,Low (<5%),0.0008831998009787,0.0,0.0,Low (<10%),0.0002112347229658,0.0042246944593176,0.0,Low (<5%),0.0006332008124094,0.0,0.0,Low (<10%),0.0001531305024393,0.0030626100487879,0.0,Low (<5%),0.0005675738608829,0.0,0.0,Low (<10%),0.0001409063125944,0.0028181262518886,0.0,Low (<5%),0.0006719770902253,0.0,0.0,Low (<10%),0.0001739023161074,0.0034780463221496,0.0,Low (<5%),0.000979730340372,0.0,0.0,Low (<10%),0.0002467557645136,0.0049351152902726,0.0,Low (<5%),0.0016425633863114,0.0,0.0,Low (<10%),0.0003939298330113,0.0078785966602273,0.0,Low (<5%),0.0024828416535787,0.0,0.0,Low (<10%),0.0005941808558261,0.0118836171165222,0.0,Low (<5%),0.0029880349766871,0.0,0.0,Low (<10%),0.0007132021658504,0.0142640433170085,0.0,Low (<5%),0.0023022544386622,0.0,0.0,Low (<10%),0.0005476317477075,0.0109526349541519,0.0,Low (<5%),United States,Ohio
725559,0.0018829263605228,0.0,0.0,Low (<10%),0.000468392025929,0.0093678405185803,0.0,Low (<5%),0.0016616643551829,0.0,0.0,Low (<10%),0.0004135539223151,0.0082710784463022,0.0,Low (<5%),0.0012452206734028,0.0,0.0,Low (<10%),0.0003111737286599,0.0062234745731984,0.0,Low (<5%),0.0010699103313461,0.0,0.0,Low (<10%),0.00026850158836,0.0053700317672015,0.0,Low (<5%),0.0007645662806371,0.0,0.0,Low (<10%),0.0001939765371265,0.0038795307425303,0.0,Low (<5%),0.0006854497195216,0.0,0.0,Low (<10%),0.0001813415052659,0.0036268301053182,0.0,Low (<5%),0.0008148792168326,0.0,0.0,Low (<10%),0.0002253022314455,0.0045060446289107,0.0,Low (<5%),0.0011869550011341,0.0,0.0,Low (<10%),0.0003157499051864,0.0063149981037284,0.0,Low (<5%),0.0020007327698176,0.0,0.0,Low (<10%),0.0005049334744684,0.0100986694893686,0.0,Low (<5%),0.003010350740586,0.0,0.0,Low (<10%),0.0007557882592108,0.0151157651842167,0.0,Low (<5%),0.0036136106633217,0.0,0.0,Low (<10%),0.0009044486946924,0.0180889738938486,0.0,Low (<5%),0.0027441850526681,0.0,0.0,Low (<10%),0.0006840130346594,0.0136802606931896,0.0,Low (<5%),United States,Ohio
725560,0.0122621571506867,0.0,0.0,Low (<10%),0.0029065103733143,0.0581302074662878,0.0,Low (<5%),0.0106502328471834,0.0,0.0,Low (<10%),0.0025247489397647,0.0504949787952957,0.0,Low (<5%),0.0081036731544643,0.0,0.0,Low (<10%),0.0019278767209093,0.0385575344181872,0.0,Low (<5%),0.007034471494963,0.0,0.0,Low (<10%),0.0016789292079898,0.0335785841597978,0.0,Low (<5%),0.0049449717595971,0.0,0.0,Low (<10%),0.0011944148601335,0.0238882972026711,0.0,Low (<5%),0.0045062692274629,0.0,0.0,Low (<10%),0.0011457600101791,0.0229152002035834,0.0,Low (<5%),0.0054881825066161,0.0,0.0,Low (<10%),0.0014672673518466,0.0293453470369336,0.0,Low (<5%),0.0078629583652441,0.0,0.0,Low (<10%),0.001998550266789,0.0399710053357807,0.0,Low (<5%),0.013219508405239,0.0,0.0,Low (<10%),0.003162408942157,0.0632481788431403,0.0,Low (<5%),0.0199089175958744,0.0,0.0,Low (<10%),0.0047476031903122,0.0949520638062446,0.0,Low (<5%),0.0235528482536948,0.0,0.0,Low (<10%),0.0056082454175967,0.1121649083519348,0.0,Low (<5%),0.0177590231442738,0.0,0.0,Low (<10%),0.0042158620108313,0.0843172402166267,0.0,Low (<5%),United States,Ohio
725571,0.0006941216268747,0.0,0.0,Low (<10%),0.0001492579636936,0.0029851592738728,0.0,Low (<5%),0.0006068588799639,0.0,0.0,Low (<10%),0.0001306449604722,0.0026128992094455,0.0,Low (<5%),0.0004605758057685,0.0,0.0,Low (<10%),9.933439655672503e-05,0.0019866879311345,0.0,Low (<5%),0.0003938042707315,0.0,0.0,Low (<10%),8.506940997989906e-05,0.0017013881995979,0.0,Low (<5%),0.0002815197788423,0.0,0.0,Low (<10%),6.138477846649464e-05,0.0012276955693298,0.0,Low (<5%),0.0002522657415288,0.0,0.0,Low (<10%),6.071117760197641e-05,0.0012142235520395,0.0,Low (<5%),0.0003107956115709,0.0,0.0,Low (<10%),8.342014955212583e-05,0.0016684029910425,0.0,Low (<5%),0.0004503789457988,0.0,0.0,Low (<10%),0.0001118759021436,0.0022375180428736,0.0,Low (<5%),0.000736898878423,0.0,0.0,Low (<10%),0.0001602085604201,0.0032041712084037,0.0,Low (<5%),0.0011024380820882,0.0,0.0,Low (<10%),0.0002368820758743,0.0047376415174878,0.0,Low (<5%),0.001313892835463,0.0,0.0,Low (<10%),0.0002834284311025,0.0056685686220518,0.0,Low (<5%),0.0010392783768696,0.0,0.0,Low (<10%),0.0002236906789651,0.0044738135793024,0.0,Low (<5%),United States,Ohio
725572,0.6019295338808494,3.589594604807234,3.0,High (40-80%),0.1269385072567721,1.384692536283861,1.0,Low - Medium (5-25%),0.532505203316242,3.412795622543851,3.0,High (40-80%),0.1122525372999588,1.3112626864997945,1.0,Low - Medium (5-25%),0.377689225545138,2.917199628166983,2.0,Medium - High (20-40%),0.0797361548798045,1.1486807743990228,1.0,Low - Medium (5-25%),0.330668989041294,2.725387752350447,2.0,Medium - High (20-40%),0.0698760998380722,1.099380499190361,1.0,Low - Medium (5-25%),0.3762398841403475,2.911652793043776,2.0,Medium - High (20-40%),0.0800658405463439,1.1503292027317196,1.0,Low - Medium (5-25%),0.4436008636138536,3.1492621741790887,3.0,High (40-80%),0.098308666417124,1.2415433320856204,1.0,Low - Medium (5-25%),0.5466149166363038,3.4505248302665104,3.0,High (40-80%),0.1268426946208193,1.384213473104097,1.0,Low - Medium (5-25%),0.6391537627260657,3.6761630454708896,3.0,High (40-80%),0.1424567329082297,1.4622836645411486,1.0,Low - Medium (5-25%),0.7175400315222722,3.843059321917392,3.0,High (40-80%),0.1517455638574866,1.5087278192874332,1.0,Low - Medium (5-25%),0.8033705827218927,4.006065634723864,4.0,Extremely High (>80%),0.1696672214753838,1.5983361073769191,1.0,Low - Medium (5-25%),0.8125802873657132,4.022510366212264,4.0,Extremely High (>80%),0.1715590281526972,1.6077951407634865,1.0,Low - Medium (5-25%),0.7528821914081132,3.9124241342622232,3.0,High (40-80%),0.1588368951683416,1.5441844758417085,1.0,Low - Medium (5-25%),United States,Ohio
725573,0.0082411299206556,0.0,0.0,Low (<10%),0.0016690263554522,0.0333805271090444,0.0,Low (<5%),0.0072434713996623,0.0,0.0,Low (<10%),0.0014659569013055,0.02931913802611,0.0,Low (<5%),0.0056147549180163,0.0,0.0,Low (<10%),0.0011372070691987,0.0227441413839747,0.0,Low (<5%),0.0045049908629455,0.0,0.0,Low (<10%),0.0009123013647791,0.0182460272955832,0.0,Low (<5%),0.0029913368097761,0.0,0.0,Low (<10%),0.000606635642011,0.0121327128402205,0.0,Low (<5%),0.0027449619886526,0.0,0.0,Low (<10%),0.0005621615474798,0.0112432309495964,0.0,Low (<5%),0.0033956635519463,0.0,0.0,Low (<10%),0.0007028416168028,0.014056832336057,0.0,Low (<5%),0.0054362568527962,0.0,0.0,Low (<10%),0.0011150798624626,0.0223015972492529,0.0,Low (<5%),0.0094235594562757,0.0,0.0,Low (<10%),0.0019086703122061,0.0381734062441225,0.0,Low (<5%),0.0143432696555531,0.0,0.0,Low (<10%),0.0029047474079472,0.0580949481589445,0.0,Low (<5%),0.0157914617573196,0.0,0.0,Low (<10%),0.0031974897346924,0.0639497946938492,0.0,Low (<5%),0.0117688979512078,0.0,0.0,Low (<10%),0.0023834944368606,0.0476698887372138,0.0,Low (<5%),United States,Ohio
725870,0.3823459252380793,2.934878498979556,2.0,Medium - High (20-40%),0.0833545938403291,1.1667729692016455,1.0,Low - Medium (5-25%),0.3654598173941968,2.869712789397963,2.0,Medium - High (20-40%),0.0796462298875367,1.1482311494376836,1.0,Low - Medium (5-25%),0.1931280943845288,1.9495580487060733,1.0,Low - Medium (10-20%),0.0421746480363055,0.8434929607261117,0.0,Low (<5%),0.163659122880082,1.7106940250347586,1.0,Low - Medium (10-20%),0.0357950473493135,0.71590094698627,0.0,Low (<5%),0.1886639387412515,1.915818692302852,1.0,Low - Medium (10-20%),0.0415612230553576,0.8312244611071538,0.0,Low (<5%),0.2293185975294752,2.197353360917617,2.0,Medium - High (20-40%),0.0538670144983437,1.019335072491719,1.0,Low - Medium (5-25%),0.2959610397727756,2.5654072723879047,2.0,Medium - High (20-40%),0.077603923178944,1.1380196158947202,1.0,Low - Medium (5-25%),0.3456092263669284,2.7891417321314123,2.0,Medium - High (20-40%),0.0849343899735591,1.1746719498677958,1.0,Low - Medium (5-25%),0.396073748226852,2.9857690825653576,2.0,Medium - High (20-40%),0.0867384434835218,1.1836922174176092,1.0,Low - Medium (5-25%),0.3850480414812414,2.9450384584901257,2.0,Medium - High (20-40%),0.0842012876686686,1.1710064383433432,1.0,Low - Medium (5-25%),0.4558742257636883,3.188635844355002,3.0,High (40-80%),0.0995966608486724,1.2479833042433623,1.0,Low - Medium (5-25%),0.4231167928281746,3.081055945087219,3.0,High (40-80%),0.0923106119695284,1.211553059847642,1.0,Low - Medium (5-25%),United States,Illinois
725880,0.5263917633001086,3.3961369147208447,3.0,High (40-80%),0.1072097388215694,1.2860486941078468,1.0,Low - Medium (5-25%),0.5355458713562913,3.421010152088427,3.0,High (40-80%),0.1089822649039847,1.2949113245199235,1.0,Low - Medium (5-25%),0.441786511739658,3.1433493721939514,3.0,High (40-80%),0.0899804148690426,1.1999020743452131,1.0,Low - Medium (5-25%),0.4597536130893029,3.2008609124632863,3.0,High (40-80%),0.0936146294632658,1.218073147316329,1.0,Low - Medium (5-25%),0.4465275169143619,3.158749083056845,3.0,High (40-80%),0.0910469660892633,1.2052348304463163,1.0,Low - Medium (5-25%),0.5138239582159405,3.3612741607593435,3.0,High (40-80%),0.1064785517128443,1.282392758564222,1.0,Low - Medium (5-25%),0.5164684329505512,3.3686801728707003,3.0,High (40-80%),0.1097024733399121,1.2985123666995606,1.0,Low - Medium (5-25%),0.577083239924114,3.5287794318071164,3.0,High (40-80%),0.1216574880614157,1.3582874403070788,1.0,Low - Medium (5-25%),0.6051276336668451,3.5972394680695285,3.0,High (40-80%),0.1234599705601839,1.3672998528009197,1.0,Low - Medium (5-25%),0.6152070450774578,3.621072024496285,3.0,High (40-80%),0.1252267236442286,1.376133618221143,1.0,Low - Medium (5-25%),0.6399406713950663,3.677938159719441,3.0,High (40-80%),0.1302962900067817,1.4014814500339086,1.0,Low - Medium (5-25%),0.6024673802539683,3.590883130770284,3.0,High (40-80%),0.1227058490266559,1.3635292451332797,1.0,Low - Medium (5-25%),United States,Illinois
725890,0.0109540419503593,0.0,0.0,Low (<10%),0.0025402029944578,0.0508040598891577,0.0,Low (<5%),0.0092120107002889,0.0,0.0,Low (<10%),0.0021361122629415,0.0427222452588318,0.0,Low (<5%),0.0054389457745666,0.0,0.0,Low (<10%),0.0012653157696043,0.0253063153920867,0.0,Low (<5%),0.0024738479612161,0.0,0.0,Low (<10%),0.0005774836319442,0.0115496726388857,0.0,Low (<5%),0.0018167767737338,0.0,0.0,Low (<10%),0.0004359093670668,0.0087181873413374,0.0,Low (<5%),0.0032926634444964,0.0,0.0,Low (<10%),0.0011283284829028,0.0225665696580564,0.0,Low (<5%),0.0107873882987346,0.0,0.0,Low (<10%),0.00499833432137,0.0999666864274007,0.0,Low (<5%),0.0289338703492869,0.0,0.0,Low (<10%),0.0110369079467693,0.2207381589353866,0.0,Low (<5%),0.0301495148794364,0.0,0.0,Low (<10%),0.0073196622131298,0.1463932442625961,0.0,Low (<5%),0.0274411721208416,0.0,0.0,Low (<10%),0.0063546434864555,0.1270928697291101,0.0,Low (<5%),0.0233053676914419,0.0,0.0,Low (<10%),0.0054245662415243,0.1084913248304871,0.0,Low (<5%),0.0157367082545381,0.0,0.0,Low (<10%),0.0036541257951959,0.0730825159039192,0.0,Low (<5%),United States,Illinois
731507,0.3631604149063287,2.86060695502222,2.0,Medium - High (20-40%),0.0918136300312566,1.2090681501562834,1.0,Low - Medium (5-25%),0.3655696925009194,2.8701464689434086,2.0,Medium - High (20-40%),0.092257189293956,1.2112859464697805,1.0,Low - Medium (5-25%),0.318895914345289,2.6730856140795147,2.0,Medium - High (20-40%),0.0809209992814608,1.1546049964073042,1.0,Low - Medium (5-25%),0.3299906700315352,2.722425235108914,2.0,Medium - High (20-40%),0.0848896071036861,1.1744480355184308,1.0,Low - Medium (5-25%),0.3663461943716891,2.873207628944421,2.0,Medium - High (20-40%),0.1021507379518498,1.260753689759249,1.0,Low - Medium (5-25%),0.518563334116061,3.374520201642434,3.0,High (40-80%),0.2410231638764045,1.9551158193820224,1.0,Low - Medium (5-25%),0.6831353799821948,3.772171512153348,3.0,High (40-80%),0.2914633015488117,2.165853206195247,2.0,Medium - High (25-50%),0.5830262098503987,3.543560741009382,3.0,High (40-80%),0.1987193523205446,1.7435967616027233,1.0,Low - Medium (5-25%),0.478059033092917,3.257188780322713,3.0,High (40-80%),0.1247257157850679,1.3736285789253395,1.0,Low - Medium (5-25%),0.4493173487388633,3.1677347673060816,3.0,High (40-80%),0.1142446664625238,1.3212233323126197,1.0,Low - Medium (5-25%),0.463859024200446,3.2136864088224213,3.0,High (40-80%),0.1180672209167828,1.3403361045839144,1.0,Low - Medium (5-25%),0.4013968882502722,3.005029432536848,3.0,High (40-80%),0.1017323471768361,1.258661735884181,1.0,Low - Medium (5-25%),United States,Virginia
731509,0.1990725472656023,1.9932942825624835,1.0,Low - Medium (10-20%),0.0542435347248532,1.021217673624266,1.0,Low - Medium (5-25%),0.218632616220723,2.128508642317219,2.0,Medium - High (20-40%),0.0596450202495321,1.0482251012476604,1.0,Low - Medium (5-25%),0.1559901779934282,1.6414551918677844,1.0,Low - Medium (10-20%),0.0427976346404806,0.8559526928096122,0.0,Low (<5%),0.1648823867033751,1.7214372934214062,1.0,Low - Medium (10-20%),0.0458025781144282,0.9160515622885644,0.0,Low (<5%),0.1834180352759267,1.875135504384822,1.0,Low - Medium (10-20%),0.0556842119227593,1.0284210596137964,1.0,Low - Medium (5-25%),0.253976195387096,2.3446932827991223,2.0,Medium - High (20-40%),0.1130754096811256,1.315377048405628,1.0,Low - Medium (5-25%),0.3242712980776928,2.6972013335270475,2.0,Medium - High (20-40%),0.133896911398761,1.419484556993805,1.0,Low - Medium (5-25%),0.2713711664302576,2.440267440513857,2.0,Medium - High (20-40%),0.0953836653816234,1.2269183269081172,1.0,Low - Medium (5-25%),0.2568523716184199,2.3609393947140216,2.0,Medium - High (20-40%),0.0723094618571235,1.1115473092856178,1.0,Low - Medium (5-25%),0.2251303096949899,2.1707603024737887,2.0,Medium - High (20-40%),0.06169506843143,1.05847534215715,1.0,Low - Medium (5-25%),0.2474235652970229,2.306982913079405,2.0,Medium - High (20-40%),0.0680086334307614,1.090043167153807,1.0,Low - Medium (5-25%),0.2262793637828962,2.178105019754609,2.0,Medium - High (20-40%),0.0618355852254081,1.0591779261270409,1.0,Low - Medium (5-25%),United States,Virginia
731801,0.0571680833947703,0.1932818287022978,0.0,Low (<10%),0.012631921072349,0.2526384214469819,0.0,Low (<5%),0.0542722928784732,0.1182877655992056,0.0,Low (<10%),0.0119883193906516,0.2397663878130322,0.0,Low (<5%),0.0402801430080502,0.0,0.0,Low (<10%),0.0089142938725172,0.1782858774503448,0.0,Low (<5%),0.0394544272306541,0.0,0.0,Low (<10%),0.0087471627257714,0.1749432545154299,0.0,Low (<5%),0.0410795166103484,0.0,0.0,Low (<10%),0.0091437964444049,0.1828759288880979,0.0,Low (<5%),0.0502488823137072,0.0071634118837076,0.0,Low (<10%),0.0114746833626602,0.2294936672532056,0.0,Low (<5%),0.0585994014437244,0.228957833606906,0.0,Low (<10%),0.0133333613282737,0.266667226565474,0.0,Low (<5%),0.0630187481248871,0.3338530004399095,0.0,Low (<10%),0.0141461159673668,0.2829223193473369,0.0,Low (<5%),0.0680654052903408,0.4449936299671564,0.0,Low (<10%),0.0151074683249356,0.3021493664987132,0.0,Low (<5%),0.0617399834380315,0.30427700105769,0.0,Low (<10%),0.0136863779884547,0.2737275597690941,0.0,Low (<5%),0.0723937560306776,0.5339371751829636,0.0,Low (<10%),0.0160211494174378,0.3204229883487575,0.0,Low (<5%),0.0631443603236524,0.3367257919927279,0.0,Low (<10%),0.0139605497987556,0.2792109959751135,0.0,Low (<5%),United States,Virginia
731803,0.0343984840276411,0.0,0.0,Low (<10%),0.0108542007793277,0.2170840155865558,0.0,Low (<5%),0.0350096051808293,0.0,0.0,Low (<10%),0.0110709817936324,0.2214196358726482,0.0,Low (<5%),0.0237878532035007,0.0,0.0,Low (<10%),0.0075752677524033,0.1515053550480674,0.0,Low (<5%),0.0252411661726411,0.0,0.0,Low (<10%),0.0081075368435563,0.162150736871127,0.0,Low (<5%),0.0257898921853411,0.0,0.0,Low (<10%),0.0083850235494365,0.1677004709887319,0.0,Low (<5%),0.0314025152881462,0.0,0.0,Low (<10%),0.010844963637804,0.2168992727560811,0.0,Low (<5%),0.0373575365108997,0.0,0.0,Low (<10%),0.0126919523079781,0.2538390461595621,0.0,Low (<5%),0.0428762861786858,0.0,0.0,Low (<10%),0.014197546407731,0.2839509281546213,0.0,Low (<5%),0.0464511072186434,0.0,0.0,Low (<10%),0.0149962086888044,0.2999241737760899,0.0,Low (<5%),0.0470934028710024,0.0,0.0,Low (<10%),0.0151246053751734,0.3024921075034693,0.0,Low (<5%),0.0485419487772042,0.0,0.0,Low (<10%),0.0154875348503792,0.3097506970075856,0.0,Low (<5%),0.0395035023960913,0.0,0.0,Low (<10%),0.012509058733111,0.2501811746622211,0.0,Low (<5%),United States,Virginia
731804,0.3203286936129718,2.6795530340758926,2.0,Medium - High (20-40%),0.0766656351882103,1.1333281759410518,1.0,Low - Medium (5-25%),0.3459939214810235,2.7907466924105115,2.0,Medium - High (20-40%),0.0828512771811222,1.1642563859056114,1.0,Low - Medium (5-25%),0.2420304683972673,2.275188674932725,2.0,Medium - High (20-40%),0.0581831138210915,1.0409155691054577,1.0,Low - Medium (5-25%),0.2859135886589136,2.51557918878661,2.0,Medium - High (20-40%),0.0691816220839029,1.0959081104195143,1.0,Low - Medium (5-25%),0.2990844717831795,2.580553008876022,2.0,Medium - High (20-40%),0.0734916349878183,1.1174581749390915,1.0,Low - Medium (5-25%),0.3491889122546949,2.804007750006509,2.0,Medium - High (20-40%),0.0923277617688362,1.211638808844181,1.0,Low - Medium (5-25%),0.3703560253435476,2.888912808681652,2.0,Medium - High (20-40%),0.0966708553565529,1.2333542767827648,1.0,Low - Medium (5-25%),0.4005498015011783,3.001981628182141,3.0,High (40-80%),0.1006542429794193,1.2532712148970968,1.0,Low - Medium (5-25%),0.4060595871399347,3.0216914509657182,3.0,High (40-80%),0.0980956641521597,1.2404783207607988,1.0,Low - Medium (5-25%),0.4292463165405019,3.1018057541888493,3.0,High (40-80%),0.1035313656673839,1.2676568283369196,1.0,Low - Medium (5-25%),0.4261229822721909,3.091269863100227,3.0,High (40-80%),0.1025032820786846,1.2625164103934234,1.0,Low - Medium (5-25%),0.357710401982172,2.838792071561815,2.0,Medium - High (20-40%),0.0857498468681942,1.1787492343409711,1.0,Low - Medium (5-25%),United States,Virginia
731805,0.3608388318571676,2.851354603319484,2.0,Medium - High (20-40%),0.0873174631080858,1.1865873155404294,1.0,Low - Medium (5-25%),0.3189251528090924,2.673217883736114,2.0,Medium - High (20-40%),0.0772095158710163,1.136047579355082,1.0,Low - Medium (5-25%),0.2678916418933247,2.421649570403304,2.0,Medium - High (20-40%),0.0651007832306587,1.075503916153294,1.0,Low - Medium (5-25%),0.2622412339093424,2.39089454780009,2.0,Medium - High (20-40%),0.0639800442402414,1.069900221201207,1.0,Low - Medium (5-25%),0.2626985039106222,2.393407984229169,2.0,Medium - High (20-40%),0.0645314254339188,1.072657127169594,1.0,Low - Medium (5-25%),0.3176337373859715,2.667364156103225,2.0,Medium - High (20-40%),0.0808805139155743,1.1544025695778717,1.0,Low - Medium (5-25%),0.3462319051439895,2.791738674652996,2.0,Medium - High (20-40%),0.0887327964457155,1.193663982228578,1.0,Low - Medium (5-25%),0.4012163539112281,3.004380412594589,3.0,High (40-80%),0.1004796629359377,1.2523983146796889,1.0,Low - Medium (5-25%),0.3689391634590294,2.8833829414566665,2.0,Medium - High (20-40%),0.0902405533355932,1.201202766677966,1.0,Low - Medium (5-25%),0.4219924420828867,3.077217160384636,3.0,High (40-80%),0.1029440826961427,1.2647204134807135,1.0,Low - Medium (5-25%),0.4976261747046554,3.315062371970642,3.0,High (40-80%),0.1210244840996283,1.3551224204981418,1.0,Low - Medium (5-25%),0.4049062627689854,3.017587957649792,3.0,High (40-80%),0.0981470048386037,1.2407350241930186,1.0,Low - Medium (5-25%),United States,Virginia
731806,0.2435391847716255,2.284153916568662,2.0,Medium - High (20-40%),0.0725168216017249,1.1125841080086247,1.0,Low - Medium (5-25%),0.3085042836334599,2.6252905215751605,2.0,Medium - High (20-40%),0.0920013043981503,1.210006521990752,1.0,Low - Medium (5-25%),0.2042753837685147,2.0305153623932366,2.0,Medium - High (20-40%),0.0613395500313742,1.056697750156871,1.0,Low - Medium (5-25%),0.1713823279942322,1.7772183543190991,1.0,Low - Medium (10-20%),0.0517086721171593,1.0085433605857963,1.0,Low - Medium (5-25%),0.1563994627758694,1.645235557070328,1.0,Low - Medium (10-20%),0.0472827152265992,0.9456543045319852,0.0,Low (<5%),0.2101553938967333,2.071456485508224,2.0,Medium - High (20-40%),0.063482752748561,1.0674137637428052,1.0,Low - Medium (5-25%),0.2083602805452002,2.059080284708916,2.0,Medium - High (20-40%),0.0629492665884113,1.064746332942057,1.0,Low - Medium (5-25%),0.2257314917865459,2.174607702867146,2.0,Medium - High (20-40%),0.0685739109655489,1.0928695548277445,1.0,Low - Medium (5-25%),0.2294446226517471,2.198145995616757,2.0,Medium - High (20-40%),0.069861609142874,1.0993080457143702,1.0,Low - Medium (5-25%),0.291008257434191,2.5410600905574063,2.0,Medium - High (20-40%),0.0881225568016364,1.1906127840081824,1.0,Low - Medium (5-25%),0.3261852960143996,2.705691748802604,2.0,Medium - High (20-40%),0.0981275004271902,1.2406375021359513,1.0,Low - Medium (5-25%),0.2796128077012876,2.483430445062211,2.0,Medium - High (20-40%),0.0835384890690894,1.167692445345447,1.0,Low - Medium (5-25%),United States,Virginia
731809,0.0543899707037549,0.1214125538325986,0.0,Low (<10%),0.0144738506302718,0.289477012605436,0.0,Low (<5%),0.0573354037072869,0.1974981606766773,0.0,Low (<10%),0.015269163232433,0.3053832646486615,0.0,Low (<5%),0.0458091970373348,0.0,0.0,Low (<10%),0.012265580627265,0.2453116125453003,0.0,Low (<5%),0.0437146974008754,0.0,0.0,Low (<10%),0.0117381782112836,0.2347635642256737,0.0,Low (<5%),0.0448259057028622,0.0,0.0,Low (<10%),0.0120438531267181,0.2408770625343629,0.0,Low (<5%),0.0489943183633043,0.0,0.0,Low (<10%),0.0131311314681498,0.2626226293629971,0.0,Low (<5%),0.0490451891095381,0.0,0.0,Low (<10%),0.0131490636573361,0.2629812731467235,0.0,Low (<5%),0.0562974281872452,0.1711409228665408,0.0,Low (<10%),0.01518328581561,0.3036657163122013,0.0,Low (<5%),0.061917418907461,0.308417237592719,0.0,Low (<10%),0.0167505127150235,0.3350102543004701,0.0,Low (<5%),0.0590153948987719,0.2391632536034785,0.0,Low (<10%),0.0159035712617998,0.3180714252359977,0.0,Low (<5%),0.0631070280433742,0.3358725879545177,0.0,Low (<10%),0.0169211806823242,0.3384236136464856,0.0,Low (<5%),0.0572341518730027,0.1949481716068477,0.0,Low (<10%),0.0152703935789263,0.3054078715785274,0.0,Low (<5%),United States,Virginia
731901,0.479686425205545,3.262091612844072,3.0,High (40-80%),0.1036395745153492,1.2681978725767462,1.0,Low - Medium (5-25%),0.5031418506002946,3.3309651958694326,3.0,High (40-80%),0.1086691841614466,1.2933459208072335,1.0,Low - Medium (5-25%),0.392697885315598,2.973419829089326,2.0,Medium - High (20-40%),0.0849568270218728,1.174784135109364,1.0,Low - Medium (5-25%),0.5143183755461557,3.362661699161354,3.0,High (40-80%),0.1115620857205585,1.3078104286027927,1.0,Low - Medium (5-25%),0.6178061510637418,3.627154234942533,3.0,High (40-80%),0.134850205415085,1.4242510270754254,1.0,Low - Medium (5-25%),0.7514116893961922,3.909603559555332,3.0,High (40-80%),0.1681812124198947,1.5909060620994735,1.0,Low - Medium (5-25%),0.7804910951429372,3.964382172156532,3.0,High (40-80%),0.1731704646997725,1.6158523234988624,1.0,Low - Medium (5-25%),0.677465680718866,3.760147863793768,3.0,High (40-80%),0.1482966384395054,1.4914831921975271,1.0,Low - Medium (5-25%),0.5989691055181394,3.5824815915529045,3.0,High (40-80%),0.1299677732119326,1.399838866059663,1.0,Low - Medium (5-25%),0.6703669160671603,3.744950950941192,3.0,High (40-80%),0.1451621470295768,1.475810735147884,1.0,Low - Medium (5-25%),0.7099060519297414,3.8276281128100536,3.0,High (40-80%),0.1535887558182337,1.517943779091169,1.0,Low - Medium (5-25%),0.5039783999885407,3.3333619025799592,3.0,High (40-80%),0.1089416980209718,1.294708490104859,1.0,Low - Medium (5-25%),United States,Virginia
731902,0.3073130221634563,2.6197089013682056,2.0,Medium - High (20-40%),0.0764456065567916,1.1322280327839582,1.0,Low - Medium (5-25%),0.3017709856677699,2.5934541019366426,2.0,Medium - High (20-40%),0.0751355291433696,1.125677645716848,1.0,Low - Medium (5-25%),0.2156467917195746,2.10867025256817,2.0,Medium - High (20-40%),0.0539253597057516,1.0196267985287584,1.0,Low - Medium (5-25%),0.258197619505954,2.3684756995498804,2.0,Medium - High (20-40%),0.0651624293878652,1.075812146939326,1.0,Low - Medium (5-25%),0.2843290031858954,2.507561269674211,2.0,Medium - High (20-40%),0.0729430311960234,1.1147151559801172,1.0,Low - Medium (5-25%),0.3392190183916314,2.762217057195117,2.0,Medium - High (20-40%),0.091532177185006,1.2076608859250304,1.0,Low - Medium (5-25%),0.3678598993694228,2.8791564158214884,2.0,Medium - High (20-40%),0.0974890512649027,1.2374452563245135,1.0,Low - Medium (5-25%),0.3831538228639892,2.937923700063113,2.0,Medium - High (20-40%),0.098708752106057,1.2435437605302853,1.0,Low - Medium (5-25%),0.366354201095303,2.873239159596031,2.0,Medium - High (20-40%),0.092361097231079,1.2118054861553955,1.0,Low - Medium (5-25%),0.387683225593379,2.954878313431129,2.0,Medium - High (20-40%),0.0973153844129254,1.2365769220646274,1.0,Low - Medium (5-25%),0.3851612534982018,2.9454625780578296,2.0,Medium - High (20-40%),0.0963945480434529,1.2319727402172649,1.0,Low - Medium (5-25%),0.3040214523783659,2.6041731267870745,2.0,Medium - High (20-40%),0.0757725114910681,1.1288625574553406,1.0,Low - Medium (5-25%),United States,Virginia
731903,0.2153540063218117,2.1067101628964497,2.0,Medium - High (20-40%),0.0528589769836539,1.0142948849182698,1.0,Low - Medium (5-25%),0.1809018814471366,1.855207412604474,1.0,Low - Medium (10-20%),0.044439629207533,0.8887925841506616,0.0,Low (<5%),0.1662206885378953,1.733099957279674,1.0,Low - Medium (10-20%),0.0409886150080767,0.8197723001615341,0.0,Low (<5%),0.284346344495679,2.5076492573871905,2.0,Medium - High (20-40%),0.0709267250796961,1.1046336253984808,1.0,Low - Medium (5-25%),0.4310357183467144,3.107807425106799,3.0,High (40-80%),0.1102693091940383,1.3013465459701914,1.0,Low - Medium (5-25%),0.4798941260780948,3.2627161545213585,3.0,High (40-80%),0.1297910327829287,1.3989551639146436,1.0,Low - Medium (5-25%),0.5783309553997062,3.531895325027199,3.0,High (40-80%),0.1520156332850442,1.510078166425221,1.0,Low - Medium (5-25%),0.4143514136407508,3.050854844218894,3.0,High (40-80%),0.1055002057073307,1.2775010285366537,1.0,Low - Medium (5-25%),0.3754348203139682,2.908562461475777,2.0,Medium - High (20-40%),0.0935442438200265,1.2177212191001323,1.0,Low - Medium (5-25%),0.4049460926222096,3.0177298658171003,3.0,High (40-80%),0.1002184209002956,1.2510921045014785,1.0,Low - Medium (5-25%),0.4137189755350299,3.04865112939434,3.0,High (40-80%),0.1021697415035477,1.2608487075177386,1.0,Low - Medium (5-25%),0.3401740298798534,2.7662730046294803,2.0,Medium - High (20-40%),0.0836520040903504,1.168260020451752,1.0,Low - Medium (5-25%),United States,Virginia
731904,0.0832368518101705,0.7352943055085022,0.0,Low (<10%),0.0215946342949807,0.4318926858996152,0.0,Low (<5%),0.0594920165975932,0.2507679871833398,0.0,Low (<10%),0.0154537482264282,0.3090749645285658,0.0,Low (<5%),0.0406432788786001,0.0,0.0,Low (<10%),0.0106067876751989,0.2121357535039785,0.0,Low (<5%),0.0677541847530566,0.4383819605981052,0.0,Low (<10%),0.0178649522576598,0.3572990451531967,0.0,Low (<5%),0.1010858162927997,1.0155805818148804,1.0,Low - Medium (10-20%),0.0273233272931933,0.5464665458638669,0.0,Low (<5%),0.1782607225657546,1.8339888588693345,1.0,Low - Medium (10-20%),0.0509741845284198,1.004870922642099,1.0,Low - Medium (5-25%),0.229185762600625,2.1965174242717085,2.0,Medium - High (20-40%),0.0638718677782477,1.0693593388912388,1.0,Low - Medium (5-25%),0.20094406351433,2.0067939565210864,2.0,Medium - High (20-40%),0.0541757574191443,1.020878787095722,1.0,Low - Medium (5-25%),0.2378715519827025,2.250182744366838,2.0,Medium - High (20-40%),0.0627538221041753,1.0637691105208766,1.0,Low - Medium (5-25%),0.2010009384403835,2.007202237126229,2.0,Medium - High (20-40%),0.0526938771546495,1.013469385773248,1.0,Low - Medium (5-25%),0.2203154779011278,2.13957085276375,2.0,Medium - High (20-40%),0.0576075489302051,1.0380377446510258,1.0,Low - Medium (5-25%),0.1661196086486851,1.7322223781198298,1.0,Low - Medium (10-20%),0.0431958650247057,0.8639173004941142,0.0,Low (<5%),United States,Virginia
731905,0.6852697747914289,3.776672055421565,3.0,High (40-80%),0.1435649993152354,1.4678249965761774,1.0,Low - Medium (5-25%),0.6620762411937275,3.726997359719449,3.0,High (40-80%),0.1386275382546317,1.4431376912731588,1.0,Low - Medium (5-25%),0.5687387140326433,3.507766011854631,3.0,High (40-80%),0.1192585122086105,1.3462925610430527,1.0,Low - Medium (5-25%),0.6634133767541371,3.729908102240936,3.0,High (40-80%),0.1395019110448931,1.4475095552244654,1.0,Low - Medium (5-25%),0.717893345291027,3.8437695242027607,3.0,High (40-80%),0.1519469562347618,1.509734781173809,1.0,Low - Medium (5-25%),0.7316539430308534,3.871161445335633,3.0,High (40-80%),0.1563687325744361,1.5318436628721803,1.0,Low - Medium (5-25%),0.7290047017063308,3.865928119225097,3.0,High (40-80%),0.1551103011670053,1.5255515058350269,1.0,Low - Medium (5-25%),0.7229548132292363,3.853905477373686,3.0,High (40-80%),0.1525916786539212,1.512958393269606,1.0,Low - Medium (5-25%),0.6457049274011547,3.6908750363931246,3.0,High (40-80%),0.1356900575020682,1.4284502875103413,1.0,Low - Medium (5-25%),0.6889412741116985,3.784381011726849,3.0,High (40-80%),0.144533873876094,1.4726693693804704,1.0,Low - Medium (5-25%),0.8137473038597794,4.024580858291091,4.0,Extremely High (>80%),0.1706147673504066,1.6030738367520334,1.0,Low - Medium (5-25%),0.7427887994983847,3.8929520610595945,3.0,High (40-80%),0.1556602967638446,1.5283014838192233,1.0,Low - Medium (5-25%),United States,Virginia
731906,0.2270813798164985,2.183209413012075,2.0,Medium - High (20-40%),0.0536644657463794,1.0183223287318974,1.0,Low - Medium (5-25%),0.2307195515258381,2.2061402653741133,2.0,Medium - High (20-40%),0.0545240648657769,1.022620324328885,1.0,Low - Medium (5-25%),0.1922885174594607,1.943272614477613,1.0,Low - Medium (10-20%),0.0455645447792103,0.911290895584207,0.0,Low (<5%),0.2117271327027563,2.0822061616811265,2.0,Medium - High (20-40%),0.0502886592960118,1.0014432964800597,1.0,Low - Medium (5-25%),0.2272368348888663,2.184196713382078,2.0,Medium - High (20-40%),0.0542175723747789,1.0210878618738946,1.0,Low - Medium (5-25%),0.2507940142485146,2.326502915456391,2.0,Medium - High (20-40%),0.0603871341197913,1.0519356705989569,1.0,Low - Medium (5-25%),0.2668971690380246,2.4162840029828265,2.0,Medium - High (20-40%),0.0640698737967183,1.070349368983592,1.0,Low - Medium (5-25%),0.278029139472367,2.4752360957875785,2.0,Medium - High (20-40%),0.0664599902049703,1.082299951024852,1.0,Low - Medium (5-25%),0.2903973568184402,2.5380283220585858,2.0,Medium - High (20-40%),0.0691614206490733,1.095807103245367,1.0,Low - Medium (5-25%),0.2990590321080177,2.580430290187342,2.0,Medium - High (20-40%),0.0710940626884954,1.1054703134424773,1.0,Low - Medium (5-25%),0.3155191902776834,2.657727754420153,2.0,Medium - High (20-40%),0.0748359393573326,1.1241796967866633,1.0,Low - Medium (5-25%),0.2633946337775946,2.3972259534102385,2.0,Medium - High (20-40%),0.0623239478040562,1.061619739020281,1.0,Low - Medium (5-25%),United States,Virginia
731908,0.4163649347963394,3.05784857361912,3.0,High (40-80%),0.0964818974881393,1.2324094874406966,1.0,Low - Medium (5-25%),0.4076535660409998,3.027343635370736,3.0,High (40-80%),0.0944869156545017,1.2224345782725088,1.0,Low - Medium (5-25%),0.3765680059182834,2.9129104304784104,2.0,Medium - High (20-40%),0.0875520824034213,1.187760412017107,1.0,Low - Medium (5-25%),0.3664382195925351,2.873569984714875,2.0,Medium - High (20-40%),0.085830880228049,1.179154401140245,1.0,Low - Medium (5-25%),0.3691988993158351,2.8843982519166413,2.0,Medium - High (20-40%),0.0880055965565047,1.1900279827825238,1.0,Low - Medium (5-25%),0.4796612100692783,3.262015774324816,3.0,High (40-80%),0.1181252759154416,1.3406263795772082,1.0,Low - Medium (5-25%),0.4540235696361629,3.182767193803804,3.0,High (40-80%),0.1106713815358629,1.3033569076793146,1.0,Low - Medium (5-25%),0.472453313285106,3.2401717726779244,3.0,High (40-80%),0.1123544311583063,1.3117721557915318,1.0,Low - Medium (5-25%),0.4445839217158256,3.1524557745451105,3.0,High (40-80%),0.1040596380765833,1.2702981903829165,1.0,Low - Medium (5-25%),0.5000833709409654,3.3221686325202406,3.0,High (40-80%),0.1165304149055139,1.3326520745275698,1.0,Low - Medium (5-25%),0.5462398034449546,3.4495344443492604,3.0,High (40-80%),0.1270651215320629,1.3853256076603149,1.0,Low - Medium (5-25%),0.4421002634440545,3.144373593982813,3.0,High (40-80%),0.1025648340862133,1.2628241704310668,1.0,Low - Medium (5-25%),United States,Virginia
731909,0.099086116814022,0.9867548373310032,0.0,Low (<10%),0.0204535265306087,0.4090705306121753,0.0,Low (<5%),0.0977889925823851,0.9677439854175311,0.0,Low (<10%),0.0201751736157333,0.4035034723146669,0.0,Low (<5%),0.0840359631134121,0.7490787651704298,0.0,Low (<10%),0.0173589461770365,0.3471789235407316,0.0,Low (<5%),0.0951641912916016,0.9284907185155424,0.0,Low (<10%),0.0197310428996384,0.3946208579927697,0.0,Low (<5%),0.1042710645887907,1.0603388628828427,1.0,Low - Medium (10-20%),0.0217710101504709,0.4354202030094181,0.0,Low (<5%),0.1076189479409382,1.105932108506236,1.0,Low - Medium (10-20%),0.022676628208778,0.4535325641755606,0.0,Low (<5%),0.1180884074849113,1.2398673450491478,1.0,Low - Medium (10-20%),0.0247238570211166,0.4944771404223336,0.0,Low (<5%),0.1215224829317319,1.2812232522131803,1.0,Low - Medium (10-20%),0.0252341882004998,0.5046837640099965,0.0,Low (<5%),0.1232619762085507,1.3017278265406007,1.0,Low - Medium (10-20%),0.0255002557311302,0.5100051146226046,0.0,Low (<5%),0.1191261863965429,1.252490582234994,1.0,Low - Medium (10-20%),0.0246111836458125,0.4922236729162499,0.0,Low (<5%),0.1341199793304683,1.4235241659073747,1.0,Low - Medium (10-20%),0.0276971949484601,0.5539438989692023,0.0,Low (<5%),0.1174512732700005,1.232062353455332,1.0,Low - Medium (10-20%),0.0242486842830641,0.4849736856612838,0.0,Low (<5%),United States,Virginia
732110,0.2419242860391389,2.274555604330337,2.0,Medium - High (20-40%),0.0565638494904872,1.0328192474524365,1.0,Low - Medium (5-25%),0.199725635156394,1.9980195172557784,1.0,Low - Medium (10-20%),0.0467040650389787,0.9340813007795744,0.0,Low (<5%),0.1987353688041873,1.990848650934671,1.0,Low - Medium (10-20%),0.0466439109209714,0.9328782184194296,0.0,Low (<5%),0.2973807287175064,2.5723111588748084,2.0,Medium - High (20-40%),0.0707671955972904,1.1038359779864524,1.0,Low - Medium (5-25%),0.3854911322632027,2.946697673144074,2.0,Medium - High (20-40%),0.0967259459838129,1.2336297299190644,1.0,Low - Medium (5-25%),0.5375941027057882,3.426517312142381,3.0,High (40-80%),0.147141649019546,1.4857082450977304,1.0,Low - Medium (5-25%),0.5377129114420008,3.4268361136995003,3.0,High (40-80%),0.1374896129908074,1.437448064954037,1.0,Low - Medium (5-25%),0.4358508753927323,3.1238346071764003,3.0,High (40-80%),0.1046280046405529,1.2731400232027643,1.0,Low - Medium (5-25%),0.3183230342308311,2.6704915558686846,2.0,Medium - High (20-40%),0.0753438627342168,1.1267193136710842,1.0,Low - Medium (5-25%),0.2921979541265775,2.546946076903307,2.0,Medium - High (20-40%),0.0687854702855964,1.0939273514279824,1.0,Low - Medium (5-25%),0.3200625834283744,2.6783540300309907,2.0,Medium - High (20-40%),0.075155343358039,1.1257767167901949,1.0,Low - Medium (5-25%),0.2841567983103462,2.506687231564845,2.0,Medium - High (20-40%),0.0665343214579999,1.0826716072899998,1.0,Low - Medium (5-25%),United States,Virginia
732120,0.410103615951107,3.0359884642009294,3.0,High (40-80%),0.104128307736966,1.2706415386848302,1.0,Low - Medium (5-25%),0.2726608726412379,2.4471076855978247,2.0,Medium - High (20-40%),0.0692921972073996,1.0964609860369985,1.0,Low - Medium (5-25%),0.2538078515233046,2.343736699512068,2.0,Medium - High (20-40%),0.0648667186788778,1.0743335933943892,1.0,Low - Medium (5-25%),0.3754748894664608,2.908716428236084,2.0,Medium - High (20-40%),0.0980909866528328,1.240454933264164,1.0,Low - Medium (5-25%),0.6103486413978357,3.60963356977735,3.0,High (40-80%),0.1677631441577502,1.5888157207887512,1.0,Low - Medium (5-25%),0.8049223861753939,4.008849679527708,4.0,Extremely High (>80%),0.2527884250775274,2.0111537003101096,2.0,Medium - High (25-50%),0.8848381261503548,4.145413550155583,4.0,Extremely High (>80%),0.256267086198064,2.025068344792256,2.0,Medium - High (25-50%),0.998658571598926,4.319991523608979,4.0,Extremely High (>80%),0.2682427163217939,2.072970865287176,2.0,Medium - High (25-50%),0.809524438571311,4.017074634417208,4.0,Extremely High (>80%),0.2105017793231373,1.8025088966156864,1.0,Low - Medium (5-25%),0.9616167300099816,4.265461995978876,4.0,Extremely High (>80%),0.2466685756519375,1.983342878259688,1.0,Low - Medium (5-25%),0.8878971063015415,4.150392499965718,4.0,Extremely High (>80%),0.2270862466779489,1.8854312333897447,1.0,Low - Medium (5-25%),0.5908755512462284,3.562854305519747,3.0,High (40-80%),0.1503480655686606,1.5017403278433037,1.0,Low - Medium (5-25%),United States,Virginia
732140,0.3330051269193562,2.7355443890808955,2.0,Medium - High (20-40%),0.0804527565266523,1.1522637826332618,1.0,Low - Medium (5-25%),0.3414919727658657,2.771851666401197,2.0,Medium - High (20-40%),0.0825659109493643,1.1628295547468217,1.0,Low - Medium (5-25%),0.2806254897551784,2.488646057686303,2.0,Medium - High (20-40%),0.068114567096126,1.09057283548063,1.0,Low - Medium (5-25%),0.3024827378591225,2.5968528127487565,2.0,Medium - High (20-40%),0.0742135717056673,1.121067858528337,1.0,Low - Medium (5-25%),0.306844010793842,2.617505424171694,2.0,Medium - High (20-40%),0.0782433736239968,1.1412168681199844,1.0,Low - Medium (5-25%),0.3355071711362437,2.746343602944475,2.0,Medium - High (20-40%),0.0928159992067762,1.214079996033881,1.0,Low - Medium (5-25%),0.3642974002922227,2.865116699722747,2.0,Medium - High (20-40%),0.0975194563639593,1.2375972818197964,1.0,Low - Medium (5-25%),0.3909079871738489,2.966829062596965,2.0,Medium - High (20-40%),0.0984291668879031,1.242145834439516,1.0,Low - Medium (5-25%),0.3686556289266057,2.882273785350307,2.0,Medium - High (20-40%),0.0903979304274997,1.2019896521374989,1.0,Low - Medium (5-25%),0.3616549413152657,2.8546138634335527,2.0,Medium - High (20-40%),0.0880281372312446,1.1901406861562231,1.0,Low - Medium (5-25%),0.3627924919198698,2.8591445992455595,2.0,Medium - High (20-40%),0.0881044581829588,1.190522290914794,1.0,Low - Medium (5-25%),0.3404362130682271,2.7673845083375133,2.0,Medium - High (20-40%),0.0823734899167958,1.1618674495839791,1.0,Low - Medium (5-25%),United States,Virginia
732209,0.6124922542909097,3.614691599598063,3.0,High (40-80%),0.1379569668778961,1.4397848343894806,1.0,Low - Medium (5-25%),0.4980892071373349,3.316404150263379,3.0,High (40-80%),0.1122265530352379,1.31113276517619,1.0,Low - Medium (5-25%),0.4981227339903784,3.3165012561554965,3.0,High (40-80%),0.1125963312112462,1.3129816560562315,1.0,Low - Medium (5-25%),0.4199140098335233,3.0700939224434065,3.0,High (40-80%),0.0955744150040039,1.2278720750200198,1.0,Low - Medium (5-25%),0.5424888386983913,3.439593455492368,3.0,High (40-80%),0.125923992089,1.3796199604450003,1.0,Low - Medium (5-25%),0.5401044692925747,3.4332384864486816,3.0,High (40-80%),0.1301089316179021,1.400544658089511,1.0,Low - Medium (5-25%),0.6086000635044706,3.6054944843907606,3.0,High (40-80%),0.1435721825418143,1.4678609127090718,1.0,Low - Medium (5-25%),0.5909155059679626,3.562951856569192,3.0,High (40-80%),0.136012825335532,1.4300641266776604,1.0,Low - Medium (5-25%),0.6120384697207254,3.613622336465391,3.0,High (40-80%),0.1392063080974832,1.4460315404874162,1.0,Low - Medium (5-25%),0.6861857510252105,3.778599167955168,3.0,High (40-80%),0.1554130946954462,1.527065473477231,1.0,Low - Medium (5-25%),0.690312897016641,3.787250438199048,3.0,High (40-80%),0.1560260103682667,1.530130051841334,1.0,Low - Medium (5-25%),0.6172169066973731,3.625777580499696,3.0,High (40-80%),0.1391510204720015,1.4457551023600077,1.0,Low - Medium (5-25%),United States,Virginia
732510,0.3231721019379833,2.692302661787394,2.0,Medium - High (20-40%),0.0725863182034892,1.1129315910174462,1.0,Low - Medium (5-25%),0.2937515094187441,2.5545962648702907,2.0,Medium - High (20-40%),0.066008690368444,1.0800434518422202,1.0,Low - Medium (5-25%),0.277605304264937,2.473035134067511,2.0,Medium - High (20-40%),0.062807686106309,1.0640384305315456,1.0,Low - Medium (5-25%),0.3254349634445078,2.702369256782673,2.0,Medium - High (20-40%),0.0753994779762832,1.1269973898814163,1.0,Low - Medium (5-25%),0.3996126757603506,2.998602346309904,2.0,Medium - High (20-40%),0.1030665489924313,1.2653327449621563,1.0,Low - Medium (5-25%),0.4152084851876643,3.0538359268679507,3.0,High (40-80%),0.104517665470348,1.2725883273517402,1.0,Low - Medium (5-25%),0.3990088768335845,2.996420842741694,2.0,Medium - High (20-40%),0.0959440666016712,1.229720333008356,1.0,Low - Medium (5-25%),0.3583447959088391,2.8413484030126046,2.0,Medium - High (20-40%),0.0822930926690201,1.1614654633451007,1.0,Low - Medium (5-25%),0.3901141324707677,2.9638962631053083,2.0,Medium - High (20-40%),0.0884278620322671,1.1921393101613358,1.0,Low - Medium (5-25%),0.3564608512236515,2.8337436395110647,2.0,Medium - High (20-40%),0.0805575835270156,1.1527879176350782,1.0,Low - Medium (5-25%),0.4272340801408634,3.095026734312796,3.0,High (40-80%),0.0962937546493555,1.2314687732467775,1.0,Low - Medium (5-25%),0.3479539938929413,2.7988965670792325,2.0,Medium - High (20-40%),0.0782122947700371,1.1410614738501856,1.0,Low - Medium (5-25%),United States,Georgia
732520,0.3644195057538349,2.8656001822496937,2.0,Medium - High (20-40%),0.08477496051428,1.1738748025714,1.0,Low - Medium (5-25%),0.3226022013712528,2.6897562831821906,2.0,Medium - High (20-40%),0.0750880372287484,1.1254401861437422,1.0,Low - Medium (5-25%),0.3042407515211527,2.605213407762778,2.0,Medium - High (20-40%),0.0711601356157933,1.1058006780789666,1.0,Low - Medium (5-25%),0.3484337817792584,2.8008845046564583,2.0,Medium - High (20-40%),0.0829702664747307,1.1648513323736538,1.0,Low - Medium (5-25%),0.3791209655612303,2.922658240404276,2.0,Medium - High (20-40%),0.0967040106249395,1.2335200531246977,1.0,Low - Medium (5-25%),0.3825658156058304,2.9357079665766475,2.0,Medium - High (20-40%),0.0971489849041459,1.2357449245207297,1.0,Low - Medium (5-25%),0.3977874154902095,2.99199763540481,2.0,Medium - High (20-40%),0.0978297383004043,1.2391486915020216,1.0,Low - Medium (5-25%),0.3837456264827119,2.940150308299995,2.0,Medium - High (20-40%),0.0912913693661963,1.206456846830982,1.0,Low - Medium (5-25%),0.4272241273241544,3.0949931249936173,3.0,High (40-80%),0.1004851690226039,1.2524258451130197,1.0,Low - Medium (5-25%),0.4383527102368403,3.132092167854268,3.0,High (40-80%),0.1027213817495192,1.263606908747596,1.0,Low - Medium (5-25%),0.4674504692676402,3.2248135061176644,3.0,High (40-80%),0.1091723412891989,1.295861706445995,1.0,Low - Medium (5-25%),0.3614081264586223,2.853628946351221,2.0,Medium - High (20-40%),0.0841656769650604,1.1708283848253025,1.0,Low - Medium (5-25%),United States,Georgia
732530,0.0736126869460584,0.5580263373840818,0.0,Low (<10%),0.0181356126956889,0.3627122539137783,0.0,Low (<5%),0.0618478662782493,0.3067957288852158,0.0,Low (<10%),0.0152574448177444,0.305148896354888,0.0,Low (<5%),0.0517989904043457,0.0509958842438101,0.0,Low (<10%),0.0129650278787356,0.2593005575747126,0.0,Low (<5%),0.0595959603483032,0.253286447494915,0.0,Low (<10%),0.0178100875495467,0.3562017509909355,0.0,Low (<5%),0.0946442784668966,0.9205871983957437,0.0,Low (<10%),0.0399345437666547,0.798690875333094,0.0,Low (<5%),0.1149485131501349,1.2009878050312994,1.0,Low - Medium (10-20%),0.038575315570941,0.7715063114188216,0.0,Low (<5%),0.1001603273514564,1.0023111825144693,1.0,Low - Medium (10-20%),0.0299044431703059,0.5980888634061182,0.0,Low (<5%),0.0883184873418424,0.8207873679543659,0.0,Low (<10%),0.0233985602906064,0.4679712058121288,0.0,Low (<5%),0.0936858881962949,0.90590365777324,0.0,Low (<10%),0.0234303890792924,0.4686077815858491,0.0,Low (<5%),0.0992736709881721,0.989483047121686,0.0,Low (<10%),0.0247660830953819,0.4953216619076388,0.0,Low (<5%),0.11852048655218,1.2451364539985386,1.0,Low - Medium (10-20%),0.0293774833815486,0.5875496676309726,0.0,Low (<5%),0.0903188259841547,0.853098638368746,0.0,Low (<10%),0.0222832119509918,0.4456642390198362,0.0,Low (<5%),United States,Georgia
732541,0.0198209573930554,0.0,0.0,Low (<10%),0.005167119105348,0.1033423821069611,0.0,Low (<5%),0.0153910443571958,0.0,0.0,Low (<10%),0.0040196128111221,0.0803922562224435,0.0,Low (<5%),0.013140597661816,0.0,0.0,Low (<10%),0.0034960801331337,0.0699216026626758,0.0,Low (<5%),0.0156321223985018,0.0,0.0,Low (<10%),0.0046997910806519,0.0939958216130382,0.0,Low (<5%),0.0217083170538234,0.0,0.0,Low (<10%),0.0073171146821154,0.146342293642308,0.0,Low (<5%),0.025001866347231,0.0,0.0,Low (<10%),0.0072861489482939,0.1457229789658794,0.0,Low (<5%),0.0244942117466987,0.0,0.0,Low (<10%),0.0068191626277781,0.1363832525555625,0.0,Low (<5%),0.0251609162257809,0.0,0.0,Low (<10%),0.0067349599815078,0.1346991996301569,0.0,Low (<5%),0.0251006865036282,0.0,0.0,Low (<10%),0.0066746049134366,0.1334920982687338,0.0,Low (<5%),0.0253201309598746,0.0,0.0,Low (<10%),0.0067111262103789,0.1342225242075797,0.0,Low (<5%),0.0325644455871025,0.0,0.0,Low (<10%),0.0086315000046323,0.1726300000926463,0.0,Low (<5%),0.0247859139325687,0.0,0.0,Low (<10%),0.0064774490472916,0.1295489809458336,0.0,Low (<5%),United States,Georgia
732542,0.1955641161458013,1.9676416759763853,1.0,Low - Medium (10-20%),0.0483128185309316,0.966256370618634,0.0,Low (<5%),0.1503448503542734,1.588275453242233,1.0,Low - Medium (10-20%),0.0371983772216175,0.7439675444323518,0.0,Low (<5%),0.1270098622782386,1.3449405261902152,1.0,Low - Medium (10-20%),0.0321872484235144,0.6437449684702884,0.0,Low (<5%),0.1425855954806159,1.511828242803193,1.0,Low - Medium (10-20%),0.0444506574221074,0.8890131484421493,0.0,Low (<5%),0.2067009756553737,2.04754519848686,2.0,Medium - High (20-40%),0.0847060599047916,1.1735302995239585,1.0,Low - Medium (5-25%),0.2354356115859061,2.2353325564537423,2.0,Medium - High (20-40%),0.0735453680659878,1.1177268403299392,1.0,Low - Medium (5-25%),0.2308212785874271,2.206776227005587,2.0,Medium - High (20-40%),0.0704184826767088,1.102092413383544,1.0,Low - Medium (5-25%),0.2174429084282579,2.120636658251434,2.0,Medium - High (20-40%),0.0577188259962227,1.0385941299811137,1.0,Low - Medium (5-25%),0.2279043238570215,2.188428296028868,2.0,Medium - High (20-40%),0.0576254525236785,1.0381272626183928,1.0,Low - Medium (5-25%),0.2577305047047601,2.3658633031337,2.0,Medium - High (20-40%),0.0647029763516377,1.073514881758189,1.0,Low - Medium (5-25%),0.2700091403286198,2.433008246104149,2.0,Medium - High (20-40%),0.0671653584636958,1.0858267923184792,1.0,Low - Medium (5-25%),0.2346547789574592,2.230539842458737,2.0,Medium - High (20-40%),0.0580545600549109,1.0402728002745545,1.0,Low - Medium (5-25%),United States,Georgia
732543,0.009879678731324,0.0,0.0,Low (<10%),0.0025413235509208,0.0508264710184169,0.0,Low (<5%),0.0076924981111065,0.0,0.0,Low (<10%),0.0019832751625743,0.0396655032514868,0.0,Low (<5%),0.0066705798834053,0.0,0.0,Low (<10%),0.001783224180563,0.0356644836112611,0.0,Low (<5%),0.0082206481619161,0.0,0.0,Low (<10%),0.0030948532071092,0.0618970641421854,0.0,Low (<5%),0.0139591473960281,0.0,0.0,Low (<10%),0.0060840165887805,0.12168033177561,0.0,Low (<5%),0.0157340508765707,0.0,0.0,Low (<10%),0.0054435972945838,0.1088719458916776,0.0,Low (<5%),0.0145902736957026,0.0,0.0,Low (<10%),0.0046758153935718,0.093516307871436,0.0,Low (<5%),0.0132450372151727,0.0,0.0,Low (<10%),0.0035821148148222,0.0716422962964459,0.0,Low (<5%),0.0128886425133247,0.0,0.0,Low (<10%),0.003405818455585,0.0681163691117,0.0,Low (<5%),0.0131998549699565,0.0,0.0,Low (<10%),0.0034697479931385,0.0693949598627711,0.0,Low (<5%),0.01567668848099,0.0,0.0,Low (<10%),0.0040728253852274,0.0814565077045497,0.0,Low (<5%),0.0122177749610495,0.0,0.0,Low (<10%),0.0031497145774123,0.0629942915482472,0.0,Low (<5%),United States,Georgia
732544,0.1924380560929763,1.944394131267404,1.0,Low - Medium (10-20%),0.0452050660401014,0.9041013208020297,0.0,Low (<5%),0.1538521406103056,1.6215445166411568,1.0,Low - Medium (10-20%),0.0361635197391258,0.7232703947825163,0.0,Low (<5%),0.1444853347129996,1.5309230663554412,1.0,Low - Medium (10-20%),0.0341900376861052,0.683800753722104,0.0,Low (<5%),0.1552942812900579,1.635004703476782,1.0,Low - Medium (10-20%),0.0376396958467039,0.7527939169340794,0.0,Low (<5%),0.1959308935170724,1.970344893317072,1.0,Low - Medium (10-20%),0.0523856257179887,1.0119281285899435,1.0,Low - Medium (5-25%),0.2292869895636976,2.197154494367206,2.0,Medium - High (20-40%),0.0594454762154775,1.0472273810773878,1.0,Low - Medium (5-25%),0.2443110167563072,2.288718920753489,2.0,Medium - High (20-40%),0.0615634660236724,1.0578173301183624,1.0,Low - Medium (5-25%),0.239776173659458,2.2616883065788693,2.0,Medium - High (20-40%),0.0580206834923154,1.040103417461577,1.0,Low - Medium (5-25%),0.2430565869135137,2.2812922321667903,2.0,Medium - High (20-40%),0.0579110693259261,1.0395553466296308,1.0,Low - Medium (5-25%),0.2657410465023212,2.410021084477721,2.0,Medium - High (20-40%),0.0629953452046371,1.0649767260231855,1.0,Low - Medium (5-25%),0.2929290025433707,2.5505510397658337,2.0,Medium - High (20-40%),0.0691027703079723,1.0955138515398617,1.0,Low - Medium (5-25%),0.2154284310183404,2.107208661128332,2.0,Medium - High (20-40%),0.0506648534163602,1.0033242670818014,1.0,Low - Medium (5-25%),United States,Georgia
732545,0.0153979715150307,0.0,0.0,Low (<10%),0.0033368329447098,0.0667366588941963,0.0,Low (<5%),0.010420145454441,0.0,0.0,Low (<10%),0.0022618494116343,0.0452369882326871,0.0,Low (<5%),0.0087235138024128,0.0,0.0,Low (<10%),0.001941694061741,0.038833881234821,0.0,Low (<5%),0.0089193706189493,0.0,0.0,Low (<10%),0.0021801899557399,0.0436037991147997,0.0,Low (<5%),0.0127479301186608,0.0,0.0,Low (<10%),0.0039808775343875,0.0796175506877512,0.0,Low (<5%),0.017124733261716,0.0,0.0,Low (<10%),0.004830880830941,0.0966176166188205,0.0,Low (<5%),0.0201675936684324,0.0,0.0,Low (<10%),0.0054174310391161,0.1083486207823238,0.0,Low (<5%),0.0190959472294356,0.0,0.0,Low (<10%),0.0043679065523978,0.0873581310479571,0.0,Low (<5%),0.0191527345912444,0.0,0.0,Low (<10%),0.0042115012809913,0.0842300256198267,0.0,Low (<5%),0.020385860317684,0.0,0.0,Low (<10%),0.0044689394035592,0.0893787880711853,0.0,Low (<5%),0.024496397239982,0.0,0.0,Low (<10%),0.0052976764950211,0.1059535299004222,0.0,Low (<5%),0.0208380635785166,0.0,0.0,Low (<10%),0.0045044434451373,0.0900888689027471,0.0,Low (<5%),United States,Georgia
732546,0.2195095426819937,2.134283659035058,2.0,Medium - High (20-40%),0.0582137297656621,1.0410686488283107,1.0,Low - Medium (5-25%),0.1599222422168043,1.6773706048864412,1.0,Low - Medium (10-20%),0.0425101516171299,0.8502030323425986,0.0,Low (<5%),0.1328112126504646,1.409376952048916,1.0,Low - Medium (10-20%),0.0365107726220661,0.7302154524413231,0.0,Low (<5%),0.14591140635054,1.5450926676433152,1.0,Low - Medium (10-20%),0.0490598803612761,0.981197607225522,0.0,Low (<5%),0.2786939571330382,2.478681721104393,2.0,Medium - High (20-40%),0.1427852520028553,1.463926260014277,1.0,Low - Medium (5-25%),0.3429863834527917,2.77815130259322,2.0,Medium - High (20-40%),0.1367176928362925,1.4335884641814625,1.0,Low - Medium (5-25%),0.3762563545266655,2.911715947498098,2.0,Medium - High (20-40%),0.1388373940724783,1.4441869703623915,1.0,Low - Medium (5-25%),0.3124012027130438,2.643400007720621,2.0,Medium - High (20-40%),0.0946029070504665,1.2230145352523327,1.0,Low - Medium (5-25%),0.2866262325926274,2.5191706539105514,2.0,Medium - High (20-40%),0.0779964388572121,1.1399821942860606,1.0,Low - Medium (5-25%),0.2940747228157098,2.5561827827436785,2.0,Medium - High (20-40%),0.0800165426284078,1.1500827131420392,1.0,Low - Medium (5-25%),0.3443765181925748,2.7839867738553257,2.0,Medium - High (20-40%),0.0921951221757693,1.2109756108788468,1.0,Low - Medium (5-25%),0.2879259758502931,2.525697950554339,2.0,Medium - High (20-40%),0.0765045435054125,1.132522717527063,1.0,Low - Medium (5-25%),United States,Georgia
732547,0.2637855011182161,2.3993652695185768,2.0,Medium - High (20-40%),0.0597526424625935,1.0487632123129675,1.0,Low - Medium (5-25%),0.210136208125101,2.071324771158112,2.0,Medium - High (20-40%),0.0476208832309228,0.9524176646184568,0.0,Low (<5%),0.1970312068220897,1.978424149285101,1.0,Low - Medium (10-20%),0.045037944789412,0.9007588957882408,0.0,Low (<5%),0.2260356302619995,2.1765502042806144,2.0,Medium - High (20-40%),0.0583411233682439,1.0417056168412198,1.0,Low - Medium (5-25%),0.3137098978909179,2.649431048508488,2.0,Medium - High (20-40%),0.1181447152265509,1.340723576132755,1.0,Low - Medium (5-25%),0.3658868047740252,2.871397387717613,2.0,Medium - High (20-40%),0.1094648236200236,1.2973241181001185,1.0,Low - Medium (5-25%),0.3506258738149231,2.809932461149267,2.0,Medium - High (20-40%),0.0955994580191571,1.2279972900957854,1.0,Low - Medium (5-25%),0.3283648277900753,2.7152996036980896,2.0,Medium - High (20-40%),0.0798156926503391,1.1490784632516955,1.0,Low - Medium (5-25%),0.3262045574409811,2.705776938247137,2.0,Medium - High (20-40%),0.0745602440133772,1.1228012200668864,1.0,Low - Medium (5-25%),0.3667215923212197,2.874685213466126,2.0,Medium - High (20-40%),0.0839312954726478,1.169656477363239,1.0,Low - Medium (5-25%),0.3630574634403701,2.8601979109190268,2.0,Medium - High (20-40%),0.0824624750478012,1.1623123752390063,1.0,Low - Medium (5-25%),0.2845102964051719,2.508480864496301,2.0,Medium - High (20-40%),0.0645033478408276,1.0725167392041384,1.0,Low - Medium (5-25%),United States,Georgia
732548,0.630571642388809,3.656660291643605,3.0,High (40-80%),0.1271879619583376,1.385939809791688,1.0,Low - Medium (5-25%),0.5930788474531256,3.568223918039044,3.0,High (40-80%),0.1195466883022787,1.347733441511394,1.0,Low - Medium (5-25%),0.5221348495358398,3.384422453599909,3.0,High (40-80%),0.1052826098837973,1.276413049418987,1.0,Low - Medium (5-25%),0.6219054238044404,3.636695199354763,3.0,High (40-80%),0.1253460670531403,1.3767303352657017,1.0,Low - Medium (5-25%),0.6007607760696214,3.5867906217451035,3.0,High (40-80%),0.1211934670867797,1.355967335433899,1.0,Low - Medium (5-25%),0.6267613855888442,3.6479162989305625,3.0,High (40-80%),0.1264470548773148,1.382235274386574,1.0,Low - Medium (5-25%),0.6229283148360938,3.6390661507598656,3.0,High (40-80%),0.125660451116503,1.3783022555825153,1.0,Low - Medium (5-25%),0.6119003957523507,3.613296832249593,3.0,High (40-80%),0.1233953549216119,1.3669767746080597,1.0,Low - Medium (5-25%),0.63276474435976,3.661669219668041,3.0,High (40-80%),0.1275876631643015,1.3879383158215075,1.0,Low - Medium (5-25%),0.7044820077420553,3.81656286100932,3.0,High (40-80%),0.1420965213552756,1.460482606776378,1.0,Low - Medium (5-25%),0.6419873038060002,3.68254476632384,3.0,High (40-80%),0.1294607672815881,1.3973038364079406,1.0,Low - Medium (5-25%),0.5953095611477806,3.5736400653885645,3.0,High (40-80%),0.1200769208804146,1.350384604402073,1.0,Low - Medium (5-25%),United States,Georgia
732549,0.4586947388003656,3.197534359893927,3.0,High (40-80%),0.0928503605979557,1.214251802989779,1.0,Low - Medium (5-25%),0.4345152484963681,3.1194068066002765,3.0,High (40-80%),0.0878946725779009,1.1894733628895044,1.0,Low - Medium (5-25%),0.3719491985428687,2.895105589034513,2.0,Medium - High (20-40%),0.0752880792459204,1.1264403962296023,1.0,Low - Medium (5-25%),0.4301525625451664,3.104848432351909,3.0,High (40-80%),0.0870599699479375,1.1852998497396876,1.0,Low - Medium (5-25%),0.4078896734097675,3.028178982714881,3.0,High (40-80%),0.0826519343213884,1.163259671606942,1.0,Low - Medium (5-25%),0.4615099123816402,3.2063616346321764,3.0,High (40-80%),0.0935202223880777,1.217601111940389,1.0,Low - Medium (5-25%),0.4668849161763358,3.223066979650737,3.0,High (40-80%),0.0946180997801297,1.2230904989006484,1.0,Low - Medium (5-25%),0.4683167951808974,3.22748477813884,3.0,High (40-80%),0.0948199540191161,1.224099770095581,1.0,Low - Medium (5-25%),0.5099352719096032,3.3503141317478584,3.0,High (40-80%),0.1032175065746517,1.2660875328732588,1.0,Low - Medium (5-25%),0.5365270382653081,3.42365087739066,3.0,High (40-80%),0.1086142285721631,1.2930711428608157,1.0,Low - Medium (5-25%),0.4957812756298351,3.309703785611626,3.0,High (40-80%),0.1003369226747733,1.2516846133738668,1.0,Low - Medium (5-25%),0.4616916036716318,3.206929495758636,3.0,High (40-80%),0.0934589937289274,1.2172949686446373,1.0,Low - Medium (5-25%),United States,Georgia
732550,0.1039311215227754,1.0556277249212378,1.0,Low - Medium (10-20%),0.0270274436954254,0.5405488739085095,0.0,Low (<5%),0.0851003842412727,0.7672375510277193,0.0,Low (<10%),0.0221748692372114,0.4434973847442298,0.0,Low (<5%),0.0702350593524163,0.4902632679462714,0.0,Low (<10%),0.0189534120204327,0.379068240408654,0.0,Low (<5%),0.0837601457377929,0.7443358575891927,0.0,Low (<10%),0.0274009236211344,0.5480184724226895,0.0,Low (<5%),0.1373430361779708,1.4577837620613452,1.0,Low - Medium (10-20%),0.0550793270715353,1.0253966353576769,1.0,Low - Medium (5-25%),0.1460342388406884,1.5463066596159494,1.0,Low - Medium (10-20%),0.0455007913596037,0.9100158271920744,0.0,Low (<5%),0.131392538903369,1.3938833548632754,1.0,Low - Medium (10-20%),0.0386258544915468,0.772517089830937,0.0,Low (<5%),0.1272180238756967,1.3473030818957508,1.0,Low - Medium (10-20%),0.0341195614763053,0.6823912295261074,0.0,Low (<5%),0.1075211640252877,1.1046206619460133,1.0,Low - Medium (10-20%),0.0285429182180336,0.5708583643606728,0.0,Low (<5%),0.1046969771463342,1.0662197887926048,1.0,Low - Medium (10-20%),0.027730537030833,0.5546107406166599,0.0,Low (<5%),0.170724623260898,1.771671150307646,1.0,Low - Medium (10-20%),0.0447988432594931,0.895976865189863,0.0,Low (<5%),0.1455356583427712,1.541372677611162,1.0,Low - Medium (10-20%),0.0379189749482917,0.7583794989658346,0.0,Low (<5%),United States,Georgia
732580,0.3124285998027855,2.6435265242387875,2.0,Medium - High (20-40%),0.0841961893446166,1.1709809467230832,1.0,Low - Medium (5-25%),0.2303671472773664,2.2039349883102872,2.0,Medium - High (20-40%),0.0626297689696709,1.0631488448483548,1.0,Low - Medium (5-25%),0.2119822841360573,2.083943700368562,2.0,Medium - High (20-40%),0.0604835470919021,1.0524177354595106,1.0,Low - Medium (5-25%),0.2430722203875004,2.2813850237687747,2.0,Medium - High (20-40%),0.0978456225362744,1.239228112681372,1.0,Low - Medium (5-25%),0.5688049058522024,3.5079339080271628,3.0,High (40-80%),0.2912470293307931,2.1649881173231726,2.0,Medium - High (25-50%),0.5475769641952148,3.4530617556893786,3.0,High (40-80%),0.2057962704335181,1.7789813521675908,1.0,Low - Medium (5-25%),0.384704776380313,2.943751741819122,2.0,Medium - High (20-40%),0.12277322482496,1.3638661241248005,1.0,Low - Medium (5-25%),0.2947761873264832,2.5596199850382435,2.0,Medium - High (20-40%),0.0868518919616711,1.1842594598083558,1.0,Low - Medium (5-25%),0.2677310935026451,2.420784699072472,2.0,Medium - High (20-40%),0.0736435188699421,1.1182175943497104,1.0,Low - Medium (5-25%),0.2950066047218167,2.5607472544498875,2.0,Medium - High (20-40%),0.0817185653107712,1.1585928265538563,1.0,Low - Medium (5-25%),0.3889078447092961,2.959428335849659,2.0,Medium - High (20-40%),0.1079855363987021,1.2899276819935108,1.0,Low - Medium (5-25%),0.3556134558658784,2.8303099145605266,2.0,Medium - High (20-40%),0.0960507507680305,1.2302537538401528,1.0,Low - Medium (5-25%),United States,Georgia
732590,0.2913322682452358,2.542665504633578,2.0,Medium - High (20-40%),0.0803531089484975,1.1517655447424875,1.0,Low - Medium (5-25%),0.2396924398515073,2.2611844056047103,2.0,Medium - High (20-40%),0.0662982576140338,1.0814912880701693,1.0,Low - Medium (5-25%),0.1748464712307866,1.8060886797118247,1.0,Low - Medium (10-20%),0.0493222548489697,0.9864450969793944,0.0,Low (<5%),0.2038332479117248,2.0273893934328617,2.0,Medium - High (20-40%),0.0700979953293766,1.1004899766468834,1.0,Low - Medium (5-25%),0.4736324930711793,3.243768058974933,3.0,High (40-80%),0.2103443247368904,1.801721623684452,1.0,Low - Medium (5-25%),0.4907267539287716,3.2949199278320385,3.0,High (40-80%),0.1669760654019566,1.584880327009783,1.0,Low - Medium (5-25%),0.3255084174421934,2.7026948510563256,2.0,Medium - High (20-40%),0.1013715952577904,1.256857976288952,1.0,Low - Medium (5-25%),0.2418386555414213,2.274044863696536,2.0,Medium - High (20-40%),0.0707564138939642,1.1037820694698213,1.0,Low - Medium (5-25%),0.2584746538950283,2.37002281635158,2.0,Medium - High (20-40%),0.0730742228371055,1.1153711141855276,1.0,Low - Medium (5-25%),0.2875655559652847,2.523890882960896,2.0,Medium - High (20-40%),0.0827064512146661,1.1635322560733308,1.0,Low - Medium (5-25%),0.4487732227350324,3.1659865962232683,3.0,High (40-80%),0.1251317159651364,1.375658579825682,1.0,Low - Medium (5-25%),0.409792221932281,3.0348926015130955,3.0,High (40-80%),0.1132681818668812,1.3163409093344065,1.0,Low - Medium (5-25%),United States,Georgia
732603,0.0005840209657899,0.0,0.0,Low (<10%),0.0001901026835086,0.0038020536701729,0.0,Low (<5%),0.0004467860076142,0.0,0.0,Low (<10%),0.0001459146646021,0.0029182932920425,0.0,Low (<5%),0.0003258813743494,0.0,0.0,Low (<10%),0.0001081882991883,0.0021637659837664,0.0,Low (<5%),0.0003302575983572,0.0,0.0,Low (<10%),0.0001299173091369,0.002598346182738,0.0,Low (<5%),0.0006105143386213,0.0,0.0,Low (<10%),0.0003262678625837,0.0065253572516757,0.0,Low (<5%),0.0008831080545197,0.0,0.0,Low (<10%),0.0003497907407572,0.0069958148151446,0.0,Low (<5%),0.0007742007497838,0.0,0.0,Low (<10%),0.0002756168648074,0.0055123372961481,0.0,Low (<5%),0.0007003129038468,0.0,0.0,Low (<10%),0.000242240853723,0.0048448170744609,0.0,Low (<5%),0.0007749843677745,0.0,0.0,Low (<10%),0.0002609022800021,0.0052180456000421,0.0,Low (<5%),0.0008929232232913,0.0,0.0,Low (<10%),0.0003014511103162,0.0060290222063252,0.0,Low (<5%),0.0010178300682535,0.0,0.0,Low (<10%),0.0003366339897096,0.0067326797941931,0.0,Low (<5%),0.0008927250066461,0.0,0.0,Low (<10%),0.0002918084414929,0.0058361688298594,0.0,Low (<5%),United States,Georgia
732604,0.0780495323610734,0.6424618933391208,0.0,Low (<10%),0.018414209848091,0.3682841969618217,0.0,Low (<5%),0.0543654828635582,0.1207628671262858,0.0,Low (<10%),0.0128392068409394,0.2567841368187897,0.0,Low (<5%),0.0479126072496573,0.0,0.0,Low (<10%),0.0114524625671492,0.2290492513429852,0.0,Low (<5%),0.0481041147573699,0.0,0.0,Low (<10%),0.0154743213989855,0.3094864279797117,0.0,Low (<5%),0.1167476494084215,1.2233935030745322,1.0,Low - Medium (10-20%),0.0701162301421705,1.1005811507108527,1.0,Low - Medium (5-25%),0.1629663710021877,1.7045742871935308,1.0,Low - Medium (10-20%),0.0667036058841076,1.0835180294205382,1.0,Low - Medium (5-25%),0.1491998319662493,1.5772459107835306,1.0,Low - Medium (10-20%),0.048635549457846,0.972710989156922,0.0,Low (<5%),0.1168443027871077,1.2245873914492211,1.0,Low - Medium (10-20%),0.0323940454574818,0.6478809091496361,0.0,Low (<5%),0.1173986412369086,1.2314157109001136,1.0,Low - Medium (10-20%),0.0280661716237301,0.5613234324746029,0.0,Low (<5%),0.1254749899135166,1.3273998301243577,1.0,Low - Medium (10-20%),0.0305535065720566,0.6110701314411333,0.0,Low (<5%),0.1415531754800321,1.5013441137643846,1.0,Low - Medium (10-20%),0.0335540823406383,0.671081646812766,0.0,Low (<5%),0.1187243186594,1.2476154768151153,1.0,Low - Medium (10-20%),0.028056038365899,0.5611207673179807,0.0,Low (<5%),United States,Georgia
732605,0.0152842576593731,0.0,0.0,Low (<10%),0.0038425679127717,0.0768513582554353,0.0,Low (<5%),0.0131411790457689,0.0,0.0,Low (<10%),0.003308327475485,0.0661665495097014,0.0,Low (<5%),0.0113946581071724,0.0,0.0,Low (<10%),0.0029149224415128,0.0582984488302564,0.0,Low (<5%),0.012656338728937,0.0,0.0,Low (<10%),0.0040626871872224,0.0812537437444497,0.0,Low (<5%),0.0218820382536033,0.0,0.0,Low (<10%),0.0113391483718994,0.2267829674379892,0.0,Low (<5%),0.0265704768932607,0.0,0.0,Low (<10%),0.0106757444157461,0.2135148883149231,0.0,Low (<5%),0.0227577415039449,0.0,0.0,Low (<10%),0.0072940118433685,0.1458802368673709,0.0,Low (<5%),0.0192872323046717,0.0,0.0,Low (<10%),0.0054425534344541,0.1088510686890825,0.0,Low (<5%),0.0213619967491849,0.0,0.0,Low (<10%),0.0055055814306024,0.1101116286120486,0.0,Low (<5%),0.0222967012353466,0.0,0.0,Low (<10%),0.0057570468063604,0.1151409361272098,0.0,Low (<5%),0.0230010711880916,0.0,0.0,Low (<10%),0.005833981744837,0.116679634896741,0.0,Low (<5%),0.0184871077558391,0.0,0.0,Low (<10%),0.004659765918754,0.0931953183750817,0.0,Low (<5%),United States,Georgia
732606,0.0459694053668628,0.0,0.0,Low (<10%),0.0143609995732542,0.2872199914650844,0.0,Low (<5%),0.0323830398379715,0.0,0.0,Low (<10%),0.0101304037938516,0.202608075877033,0.0,Low (<5%),0.0324524856235966,0.0,0.0,Low (<10%),0.0103059319212946,0.2061186384258927,0.0,Low (<5%),0.0342707086486588,0.0,0.0,Low (<10%),0.0118718620966353,0.2374372419327062,0.0,Low (<5%),0.0549133597352601,0.1352290867484376,0.0,Low (<10%),0.021907935918128,0.4381587183625612,0.0,Low (<5%),0.0921979247451464,0.8828061829518423,0.0,Low (<10%),0.033627499536427,0.6725499907285405,0.0,Low (<5%),0.1380660814458411,1.4653589376974403,1.0,Low - Medium (10-20%),0.0464320794324762,0.928641588649525,0.0,Low (<5%),0.1293536614721503,1.3713208913860206,1.0,Low - Medium (10-20%),0.0421924500381064,0.8438490007621295,0.0,Low (<5%),0.1531747638177032,1.615178626805426,1.0,Low - Medium (10-20%),0.0495541187742212,0.9910823754844243,0.0,Low (<5%),0.2215134524269791,2.147394315757116,2.0,Medium - High (20-40%),0.0712907541694079,1.1064537708470397,1.0,Low - Medium (5-25%),0.3746242806511178,2.9054444084964435,2.0,Medium - High (20-40%),0.1182418341145064,1.3412091705725322,1.0,Low - Medium (5-25%),0.1292809984985475,1.370510245864318,1.0,Low - Medium (10-20%),0.0405322552608082,0.8106451052161652,0.0,Low (<5%),United States,Georgia
732607,0.0220833739012479,0.0,0.0,Low (<10%),0.0053532541103435,0.1070650822068704,0.0,Low (<5%),0.0213120420398155,0.0,0.0,Low (<10%),0.0051722932750898,0.1034458655017967,0.0,Low (<5%),0.018348366792748,0.0,0.0,Low (<10%),0.0044908806024981,0.089817612049963,0.0,Low (<5%),0.01907012246222,0.0,0.0,Low (<10%),0.0048502809722301,0.0970056194446039,0.0,Low (<5%),0.0210576158535894,0.0,0.0,Low (<10%),0.005806810644853,0.11613621289706,0.0,Low (<5%),0.024818681504557,0.0,0.0,Low (<10%),0.0067121290358513,0.1342425807170277,0.0,Low (<5%),0.0262962905038648,0.0,0.0,Low (<10%),0.0067364380638652,0.1347287612773055,0.0,Low (<5%),0.0274383152030588,0.0,0.0,Low (<10%),0.0068413738597873,0.1368274771957464,0.0,Low (<5%),0.0308072577866286,0.0,0.0,Low (<10%),0.0076037989497167,0.1520759789943349,0.0,Low (<5%),0.0314099165920542,0.0,0.0,Low (<10%),0.0077173464495796,0.1543469289915921,0.0,Low (<5%),0.0322604002287248,0.0,0.0,Low (<10%),0.0078589202242614,0.1571784044852284,0.0,Low (<5%),0.0251009744073164,0.0,0.0,Low (<10%),0.0060935932215754,0.1218718644315081,0.0,Low (<5%),United States,Georgia
732608,0.0153612106269698,0.0,0.0,Low (<10%),0.003770455786961,0.07540911573922,0.0,Low (<5%),0.0149859801611326,0.0,0.0,Low (<10%),0.0036825836454058,0.0736516729081163,0.0,Low (<5%),0.0128967531232502,0.0,0.0,Low (<10%),0.0031854281490658,0.0637085629813172,0.0,Low (<5%),0.0131578410188911,0.0,0.0,Low (<10%),0.0033088535182598,0.0661770703651968,0.0,Low (<5%),0.0136975881683448,0.0,0.0,Low (<10%),0.0035865397107651,0.0717307942153037,0.0,Low (<5%),0.0157352773227789,0.0,0.0,Low (<10%),0.0040687804584881,0.0813756091697632,0.0,Low (<5%),0.0158071060294573,0.0,0.0,Low (<10%),0.0040051961146871,0.0801039222937431,0.0,Low (<5%),0.0172215481684309,0.0,0.0,Low (<10%),0.0043137660296703,0.0862753205934068,0.0,Low (<5%),0.018843795681073,0.0,0.0,Low (<10%),0.0046912280903723,0.0938245618074468,0.0,Low (<5%),0.0200159408831461,0.0,0.0,Low (<10%),0.0049634815432745,0.0992696308654917,0.0,Low (<5%),0.0194250877532707,0.0,0.0,Low (<10%),0.0047894187227117,0.095788374454234,0.0,Low (<5%),0.0167280997475293,0.0,0.0,Low (<10%),0.0041118601138448,0.0822372022768978,0.0,Low (<5%),United States,Georgia
732609,0.2638192828262139,2.399550016526758,2.0,Medium - High (20-40%),0.0565827948426386,1.0329139742131932,1.0,Low - Medium (5-25%),0.2488705200670577,2.315395346140812,2.0,Medium - High (20-40%),0.0533628756215144,1.0168143781075722,1.0,Low - Medium (5-25%),0.2292793365905275,2.197106340345369,2.0,Medium - High (20-40%),0.0492298520586181,0.9845970411723624,0.0,Low (<5%),0.2465547794471086,2.301908219652291,2.0,Medium - High (20-40%),0.0529915795685015,1.0149578978425078,1.0,Low - Medium (5-25%),0.2454125896045473,2.2952092607944667,2.0,Medium - High (20-40%),0.0529151551670296,1.014575775835148,1.0,Low - Medium (5-25%),0.2767788918162349,2.468733921900839,2.0,Medium - High (20-40%),0.0597396928134785,1.0486984640673926,1.0,Low - Medium (5-25%),0.2655435041848084,2.408948238167372,2.0,Medium - High (20-40%),0.0572650370443416,1.0363251852217084,1.0,Low - Medium (5-25%),0.2719017219199779,2.4430852878008738,2.0,Medium - High (20-40%),0.0585784434323148,1.0428922171615744,1.0,Low - Medium (5-25%),0.2949785667818336,2.560610131691708,2.0,Medium - High (20-40%),0.0634897064620636,1.0674485323103184,1.0,Low - Medium (5-25%),0.2973044185980311,2.5719409050285904,2.0,Medium - High (20-40%),0.0639254300645613,1.0696271503228068,1.0,Low - Medium (5-25%),0.2943877916470139,2.557717843624843,2.0,Medium - High (20-40%),0.063214558352301,1.0660727917615054,1.0,Low - Medium (5-25%),0.2568800929863066,2.3610950924079424,2.0,Medium - High (20-40%),0.0551199162577963,1.0255995812889818,1.0,Low - Medium (5-25%),United States,Georgia
732860,0.2755935726087287,2.4625422419114287,2.0,Medium - High (20-40%),0.0645696329051567,1.0728481645257837,1.0,Low - Medium (5-25%),0.2524045612338524,2.3357379816754564,2.0,Medium - High (20-40%),0.0591729218308414,1.045864609154207,1.0,Low - Medium (5-25%),0.2314921199650117,2.210963084712768,2.0,Medium - High (20-40%),0.0544448752882312,1.022224376441156,1.0,Low - Medium (5-25%),0.2425113932303476,2.2780525269732106,2.0,Medium - High (20-40%),0.0574443039585937,1.0372215197929686,1.0,Low - Medium (5-25%),0.272998617436705,2.448893644836482,2.0,Medium - High (20-40%),0.0658627708647189,1.0793138543235945,1.0,Low - Medium (5-25%),0.3466394509644192,2.7934358566672124,2.0,Medium - High (20-40%),0.0833593832380718,1.166796916190359,1.0,Low - Medium (5-25%),0.3918961167599579,2.970471277561435,2.0,Medium - High (20-40%),0.0935422725445342,1.2177113627226712,1.0,Low - Medium (5-25%),0.4246199273379721,3.0861720782547493,3.0,High (40-80%),0.1009574571917745,1.254787285958873,1.0,Low - Medium (5-25%),0.4765163851752561,3.2525258225395555,3.0,High (40-80%),0.1128859232131295,1.314429616065648,1.0,Low - Medium (5-25%),0.5266318761883744,3.396794848059029,3.0,High (40-80%),0.1243773347704331,1.3718866738521658,1.0,Low - Medium (5-25%),0.4950424691440875,3.3075522977081,3.0,High (40-80%),0.1164333153851907,1.332166576925954,1.0,Low - Medium (5-25%),0.3034464612582637,2.6014419962478588,2.0,Medium - High (20-40%),0.0711868233371748,1.1059341166858745,1.0,Low - Medium (5-25%),United States,Georgia
732870,0.1066356766572367,1.0926901953707122,1.0,Low - Medium (10-20%),0.0240954119414077,0.4819082388281551,0.0,Low (<5%),0.0874081671826236,0.8058399926574784,0.0,Low (<10%),0.0197586697810533,0.3951733956210663,0.0,Low (<5%),0.0733662022454102,0.5531875120181166,0.0,Low (<10%),0.0166268327372594,0.332536654745189,0.0,Low (<5%),0.0772006880443664,0.6266856105564074,0.0,Low (<10%),0.0175834234355823,0.3516684687116465,0.0,Low (<5%),0.0832995476067068,0.7363805655614082,0.0,Low (<10%),0.0193885171772603,0.3877703435452063,0.0,Low (<5%),0.1119977846298713,1.1634701953622686,1.0,Low - Medium (10-20%),0.02630259945016,0.5260519890032018,0.0,Low (<5%),0.1413707241855243,1.4994833899825497,1.0,Low - Medium (10-20%),0.032820283706228,0.656405674124561,0.0,Low (<5%),0.1684835885624277,1.7526080700261415,1.0,Low - Medium (10-20%),0.038800261361067,0.7760052272213408,0.0,Low (<5%),0.2111574164455459,2.078318919558379,2.0,Medium - High (20-40%),0.0482096035764941,0.9641920715298826,0.0,Low (<5%),0.255738314275647,2.354668318868965,2.0,Medium - High (20-40%),0.0580531204248913,1.0402656021244567,1.0,Low - Medium (5-25%),0.2548621088164333,2.349716899111125,2.0,Medium - High (20-40%),0.0577453910852938,1.038726955426469,1.0,Low - Medium (5-25%),0.1565736407770246,1.646841354895054,1.0,Low - Medium (10-20%),0.035415524705755,0.7083104941151013,0.0,Low (<5%),United States,Georgia
732880,0.198259349829776,1.9873889044411288,1.0,Low - Medium (10-20%),0.0490904742404485,0.9818094848089708,0.0,Low (<5%),0.1537206938646685,1.620311393566808,1.0,Low - Medium (10-20%),0.0381066412513544,0.7621328250270882,0.0,Low (<5%),0.1434104873022924,1.520150529101077,1.0,Low - Medium (10-20%),0.0357043587497463,0.7140871749949274,0.0,Low (<5%),0.1588539926529886,1.667701351356269,1.0,Low - Medium (10-20%),0.0398086491943615,0.7961729838872318,0.0,Low (<5%),0.1743703120408331,1.8021544304967665,1.0,Low - Medium (10-20%),0.0447348497865206,0.894696995730414,0.0,Low (<5%),0.2836185973160303,2.503952135454512,2.0,Medium - High (20-40%),0.0742138219576926,1.1210691097884635,1.0,Low - Medium (5-25%),0.3337549527529851,2.738789245816382,2.0,Medium - High (20-40%),0.0859234802572145,1.1796174012860725,1.0,Low - Medium (5-25%),0.4183374618395735,3.0646671961416683,3.0,High (40-80%),0.106376702666236,1.28188351333118,1.0,Low - Medium (5-25%),0.4745665738661335,3.246610487771966,3.0,High (40-80%),0.1194021114543863,1.3470105572719318,1.0,Low - Medium (5-25%),0.5098565015739949,3.350091259636645,3.0,High (40-80%),0.1273859153787553,1.3869295768937768,1.0,Low - Medium (5-25%),0.4622084349833555,3.2085435882296407,3.0,High (40-80%),0.1150313705089686,1.325156852544843,1.0,Low - Medium (5-25%),0.2732988894488703,2.450479597475965,2.0,Medium - High (20-40%),0.0677723940339753,1.088861970169877,1.0,Low - Medium (5-25%),United States,Georgia
732890,0.5728161198610443,3.51807209266564,3.0,High (40-80%),0.1261575469761537,1.3807877348807684,1.0,Low - Medium (5-25%),0.5313583350262071,3.4096851073773826,3.0,High (40-80%),0.1170474098528139,1.33523704926407,1.0,Low - Medium (5-25%),0.480476599012842,3.264466168126514,3.0,High (40-80%),0.1060576703568988,1.280288351784494,1.0,Low - Medium (5-25%),0.5067669312405854,3.3413223853868432,3.0,High (40-80%),0.1121529749415966,1.3107648747079832,1.0,Low - Medium (5-25%),0.5393127566469902,3.4311221590731904,3.0,High (40-80%),0.1207605641158747,1.3538028205793735,1.0,Low - Medium (5-25%),0.6690747042268643,3.7421673011517584,3.0,High (40-80%),0.151199834915609,1.505999174578045,1.0,Low - Medium (5-25%),0.7040879417173711,3.815755635049906,3.0,High (40-80%),0.1582054825101558,1.541027412550779,1.0,Low - Medium (5-25%),0.7554315149707772,3.917300971153858,3.0,High (40-80%),0.1684935691226825,1.5924678456134127,1.0,Low - Medium (5-25%),0.8009408990327673,4.001695790926025,4.0,Extremely High (>80%),0.1776942353611627,1.638471176805814,1.0,Low - Medium (5-25%),0.8163087135507221,4.029114857197663,4.0,Extremely High (>80%),0.1804316260943411,1.652158130471706,1.0,Low - Medium (5-25%),0.7903820031329614,3.982550097369928,3.0,High (40-80%),0.174425391803914,1.6221269590195702,1.0,Low - Medium (5-25%),0.6366832919758061,3.670575905104544,3.0,High (40-80%),0.140316083388084,1.4515804169404205,1.0,Low - Medium (5-25%),United States,Georgia
742233,0.0045340036641003,0.0,0.0,Low (<10%),0.0010402489264295,0.0208049785285913,0.0,Low (<5%),0.0045329608820347,0.0,0.0,Low (<10%),0.0010407406824886,0.0208148136497732,0.0,Low (<5%),0.0038732940103475,0.0,0.0,Low (<10%),0.0008946641582731,0.0178932831654626,0.0,Low (<5%),0.0048921033667538,0.0,0.0,Low (<10%),0.0013159750012819,0.0263195000256382,0.0,Low (<5%),0.005402223913851,0.0,0.0,Low (<10%),0.0016987219871709,0.0339744397434181,0.0,Low (<5%),0.0062357953984585,0.0,0.0,Low (<10%),0.0020089299960043,0.0401785999200875,0.0,Low (<5%),0.0084130965111676,0.0,0.0,Low (<10%),0.0026167339370607,0.0523346787412156,0.0,Low (<5%),0.0124813339844038,0.0,0.0,Low (<10%),0.003525889201736,0.0705177840347201,0.0,Low (<5%),0.0115485029080635,0.0,0.0,Low (<10%),0.0027252959040025,0.0545059180800509,0.0,Low (<5%),0.0086577305221737,0.0,0.0,Low (<10%),0.0020178133407428,0.0403562668148561,0.0,Low (<5%),0.0064553914573094,0.0,0.0,Low (<10%),0.0014865044092109,0.029730088184219,0.0,Low (<5%),0.0057106138978558,0.0,0.0,Low (<10%),0.0013116327273113,0.0262326545462262,0.0,Low (<5%),United States,Texas
742236,0.0346580144449133,0.0,0.0,Low (<10%),0.0089687778545365,0.1793755570907312,0.0,Low (<5%),0.0300765758856615,0.0,0.0,Low (<10%),0.0077967801647886,0.1559356032957723,0.0,Low (<5%),0.023582058398563,0.0,0.0,Low (<10%),0.0061457976395924,0.1229159527918499,0.0,Low (<5%),0.0265950322859992,0.0,0.0,Low (<10%),0.0070410821531229,0.1408216430624589,0.0,Low (<5%),0.0286061095393387,0.0,0.0,Low (<10%),0.0080694823202992,0.1613896464059853,0.0,Low (<5%),0.0387154183177763,0.0,0.0,Low (<10%),0.0112064845144844,0.2241296902896887,0.0,Low (<5%),0.0443366395317548,0.0,0.0,Low (<10%),0.012924362642833,0.2584872528566601,0.0,Low (<5%),0.0658678619601109,0.3976466267926956,0.0,Low (<10%),0.0184965827001245,0.3699316540024915,0.0,Low (<5%),0.0638921078522053,0.3537096412039877,0.0,Low (<10%),0.0169668661428505,0.3393373228570109,0.0,Low (<5%),0.0527881759320985,0.0782867204073791,0.0,Low (<10%),0.0138253844975834,0.2765076899516692,0.0,Low (<5%),0.0428652511824098,0.0,0.0,Low (<10%),0.0111661431205459,0.2233228624109181,0.0,Low (<5%),0.0445075238089496,0.0,0.0,Low (<10%),0.0115370218928379,0.2307404378567589,0.0,Low (<5%),United States,Texas
742238,0.1032383080713371,1.0459784030236652,1.0,Low - Medium (10-20%),0.027349532195974,0.546990643919481,0.0,Low (<5%),0.0953362932882017,0.9310974390718564,0.0,Low (<10%),0.0253079400478903,0.5061588009578067,0.0,Low (<5%),0.079708296260281,0.6728017968398241,0.0,Low (<10%),0.0216179996990222,0.4323599939804458,0.0,Low (<5%),0.0901228201166416,0.8499643640991643,0.0,Low (<10%),0.025146043131719,0.5029208626343802,0.0,Low (<5%),0.1064580558455933,1.0902851248840943,1.0,Low - Medium (10-20%),0.0340111146443576,0.6802222928871521,0.0,Low (<5%),0.206690720987185,2.0474736229856343,2.0,Medium - High (20-40%),0.0716043586945302,1.108021793472651,1.0,Low - Medium (5-25%),0.2410716004254237,2.2694617034552875,2.0,Medium - High (20-40%),0.0784171103361659,1.1420855516808297,1.0,Low - Medium (5-25%),0.3200208631616595,2.678165961983613,2.0,Medium - High (20-40%),0.0945332196381639,1.2226660981908195,1.0,Low - Medium (5-25%),0.2469711709908891,2.3043426454703777,2.0,Medium - High (20-40%),0.0657672714613524,1.0788363573067623,1.0,Low - Medium (5-25%),0.1454197941026101,1.5402236579098454,1.0,Low - Medium (10-20%),0.0390311764803531,0.780623529607063,0.0,Low (<5%),0.1415722082254978,1.501538080459845,1.0,Low - Medium (10-20%),0.0377853635041784,0.7557072700835692,0.0,Low (<5%),0.1263083094921357,1.336949553367399,1.0,Low - Medium (10-20%),0.0335120476920064,0.6702409538401283,0.0,Low (<5%),United States,Texas
742239,0.0054441763783491,0.0,0.0,Low (<10%),0.0012374398024322,0.0247487960486448,0.0,Low (<5%),0.0049500532194997,0.0,0.0,Low (<10%),0.0011255767381889,0.0225115347637799,0.0,Low (<5%),0.0042309273692178,0.0,0.0,Low (<10%),0.0009760038271075,0.0195200765421507,0.0,Low (<5%),0.0074950449430856,0.0,0.0,Low (<10%),0.0029760288939968,0.0595205778799369,0.0,Low (<5%),0.0176167089221975,0.0,0.0,Low (<10%),0.0099685161367873,0.1993703227357472,0.0,Low (<5%),0.0345810814602507,0.0,0.0,Low (<10%),0.019280617221734,0.3856123444346805,0.0,Low (<5%),0.0360163568822168,0.0,0.0,Low (<10%),0.0187142954472282,0.3742859089445651,0.0,Low (<5%),0.0427091027166378,0.0,0.0,Low (<10%),0.0189789595437214,0.3795791908744294,0.0,Low (<5%),0.0202234679310729,0.0,0.0,Low (<10%),0.0047459553430486,0.0949191068609724,0.0,Low (<5%),0.0089488170213691,0.0,0.0,Low (<10%),0.0019721872015037,0.0394437440300759,0.0,Low (<5%),0.0081126960223476,0.0,0.0,Low (<10%),0.00185013679396,0.0370027358792012,0.0,Low (<5%),0.0070419429656598,0.0,0.0,Low (<10%),0.0016018593644281,0.0320371872885636,0.0,Low (<5%),United States,Texas
742250,0.0227520554198754,0.0,0.0,Low (<10%),0.0060487350760084,0.1209747015201694,0.0,Low (<5%),0.0187494518764065,0.0,0.0,Low (<10%),0.0049929385893292,0.0998587717865844,0.0,Low (<5%),0.015502709611509,0.0,0.0,Low (<10%),0.0042015564688791,0.0840311293775828,0.0,Low (<5%),0.0163795975729168,0.0,0.0,Low (<10%),0.0045560716846414,0.0911214336928294,0.0,Low (<5%),0.0153874936123249,0.0,0.0,Low (<10%),0.0051247698648689,0.1024953972973798,0.0,Low (<5%),0.0190281327429496,0.0,0.0,Low (<10%),0.0069989699967027,0.1399793999340545,0.0,Low (<5%),0.0277702331845997,0.0,0.0,Low (<10%),0.009596528337203,0.1919305667440617,0.0,Low (<5%),0.0344273664449429,0.0,0.0,Low (<10%),0.0106571315895043,0.2131426317900866,0.0,Low (<5%),0.0343759220931815,0.0,0.0,Low (<10%),0.0092076529026945,0.1841530580538901,0.0,Low (<5%),0.0252821010043251,0.0,0.0,Low (<10%),0.0068131053236978,0.1362621064739576,0.0,Low (<5%),0.0269459270001038,0.0,0.0,Low (<10%),0.007219269855008,0.1443853971001617,0.0,Low (<5%),0.0239232098486278,0.0,0.0,Low (<10%),0.0063691716351498,0.1273834327029966,0.0,Low (<5%),United States,Texas
742260,0.2596485387286885,2.376560106131247,2.0,Medium - High (20-40%),0.0641409259436593,1.070704629718297,1.0,Low - Medium (5-25%),0.2585398393195616,2.370386607658961,2.0,Medium - High (20-40%),0.0634678824849979,1.0673394124249895,1.0,Low - Medium (5-25%),0.2097649878438841,2.068773895840508,2.0,Medium - High (20-40%),0.0545767724811302,1.0228838624056515,1.0,Low - Medium (5-25%),0.2208630795723137,2.14315227170505,2.0,Medium - High (20-40%),0.0709478519934198,1.104739259967099,1.0,Low - Medium (5-25%),0.1740570789237192,1.7995604898470894,1.0,Low - Medium (10-20%),0.0738588637437236,1.1192943187186182,1.0,Low - Medium (5-25%),0.3149041064396951,2.65491257075232,2.0,Medium - High (20-40%),0.1451999232015906,1.475999616007953,1.0,Low - Medium (5-25%),0.3888968765621697,2.959387647766814,2.0,Medium - High (20-40%),0.1492596984134164,1.4962984920670823,1.0,Low - Medium (5-25%),0.3811171217175688,2.930234422797583,2.0,Medium - High (20-40%),0.1235688027937362,1.3678440139686812,1.0,Low - Medium (5-25%),0.3633658238200833,2.8614227340356355,2.0,Medium - High (20-40%),0.0869159567420388,1.184579783710194,1.0,Low - Medium (5-25%),0.279074412817872,2.48064985570823,2.0,Medium - High (20-40%),0.0679157166040303,1.0895785830201516,1.0,Low - Medium (5-25%),0.2829502649737081,2.500548488458233,2.0,Medium - High (20-40%),0.0728270423732515,1.1141352118662575,1.0,Low - Medium (5-25%),0.2707371310761178,2.4368927639687605,2.0,Medium - High (20-40%),0.0664052511710384,1.0820262558551923,1.0,Low - Medium (5-25%),United States,Texas
742271,0.062229561005215,0.3156719739663493,0.0,Low (<10%),0.0160613581366505,0.3212271627330116,0.0,Low (<5%),0.0509576844354631,0.0273716267929147,0.0,Low (<10%),0.0131737721947483,0.2634754438949678,0.0,Low (<5%),0.0421645949542855,0.0,0.0,Low (<10%),0.011182135704326,0.2236427140865208,0.0,Low (<5%),0.0447470321638016,0.0,0.0,Low (<10%),0.0123594473352854,0.2471889467057095,0.0,Low (<5%),0.0371685852533069,0.0,0.0,Low (<10%),0.0113976584130635,0.2279531682612701,0.0,Low (<5%),0.0551643630159912,0.1418084709675668,0.0,Low (<10%),0.0182843123041686,0.3656862460833721,0.0,Low (<5%),0.0602852218642069,0.2698762927071392,0.0,Low (<10%),0.0193612885618731,0.3872257712374625,0.0,Low (<5%),0.0722334088868734,0.5307381617181921,0.0,Low (<10%),0.0203626764104339,0.4072535282086794,0.0,Low (<5%),0.0745652620785426,0.5765755798411881,0.0,Low (<10%),0.0190838131020336,0.3816762620406735,0.0,Low (<5%),0.0620180263329877,0.3107595193424622,0.0,Low (<10%),0.0161144347807853,0.3222886956157066,0.0,Low (<5%),0.0591298518136477,0.2419585666565337,0.0,Low (<10%),0.0153734052515456,0.3074681050309129,0.0,Low (<5%),0.0559907696747763,0.1632609172469655,0.0,Low (<10%),0.0144449695529855,0.2888993910597114,0.0,Low (<5%),United States,Texas
742272,0.0267469592762143,0.0,0.0,Low (<10%),0.0074332470752952,0.1486649415059041,0.0,Low (<5%),0.0233257767656555,0.0,0.0,Low (<10%),0.0064648049344347,0.1292960986886944,0.0,Low (<5%),0.0188697835214434,0.0,0.0,Low (<10%),0.0053290647913333,0.1065812958266673,0.0,Low (<5%),0.018866818115077,0.0,0.0,Low (<10%),0.0054711856372516,0.1094237127450325,0.0,Low (<5%),0.0149158414247853,0.0,0.0,Low (<10%),0.0044310585386169,0.0886211707723396,0.0,Low (<5%),0.0232511684288365,0.0,0.0,Low (<10%),0.0070661331855387,0.1413226637107744,0.0,Low (<5%),0.0210138776677943,0.0,0.0,Low (<10%),0.0062896343704967,0.1257926874099356,0.0,Low (<5%),0.0283344334318009,0.0,0.0,Low (<10%),0.0080537068043057,0.1610741360861144,0.0,Low (<5%),0.0299686554110708,0.0,0.0,Low (<10%),0.008283270380547,0.165665407610941,0.0,Low (<5%),0.0269109614412955,0.0,0.0,Low (<10%),0.0075335218256233,0.1506704365124664,0.0,Low (<5%),0.0252171810172051,0.0,0.0,Low (<10%),0.0070540981661545,0.1410819633230918,0.0,Low (<5%),0.0239611238641422,0.0,0.0,Low (<10%),0.0066352814496213,0.1327056289924276,0.0,Low (<5%),United States,Texas
742273,0.0595178616197151,0.2513945987956122,0.0,Low (<10%),0.0141913362606073,0.2838267252121463,0.0,Low (<5%),0.0531412607786832,0.0879043613486,0.0,Low (<10%),0.0125364681429472,0.2507293628589451,0.0,Low (<5%),0.0396865954126408,0.0,0.0,Low (<10%),0.0099583954817187,0.1991679096343752,0.0,Low (<5%),0.0411278052703831,0.0,0.0,Low (<10%),0.0113732950224788,0.2274659004495763,0.0,Low (<5%),0.0334656260954347,0.0,0.0,Low (<10%),0.0113804932333524,0.2276098646670482,0.0,Low (<5%),0.0616631721676091,0.3024810137072841,0.0,Low (<10%),0.0226029546655382,0.452059093310764,0.0,Low (<5%),0.0583605593098401,0.2230656147849269,0.0,Low (<10%),0.0190629820903947,0.381259641807894,0.0,Low (<5%),0.069166122088302,0.4681374767466147,0.0,Low (<10%),0.0191837454915545,0.3836749098310918,0.0,Low (<5%),0.0739703102690897,0.5650182323074229,0.0,Low (<10%),0.0170290490478099,0.3405809809561991,0.0,Low (<5%),0.060104958166022,0.265555911464852,0.0,Low (<10%),0.0142199208575895,0.2843984171517905,0.0,Low (<5%),0.0584294561974327,0.2247677673047472,0.0,Low (<10%),0.0138406001219995,0.2768120024399912,0.0,Low (<5%),0.0547499545600888,0.1309296724572853,0.0,Low (<10%),0.0129098450448028,0.2581969008960573,0.0,Low (<5%),United States,Texas
742274,0.2080858929010473,2.0571791614616632,2.0,Medium - High (20-40%),0.055400492912685,1.0270024645634257,1.0,Low - Medium (5-25%),0.2183237808132492,2.1264692837540764,2.0,Medium - High (20-40%),0.0558627775419893,1.029313887709947,1.0,Low - Medium (5-25%),0.1914213339302252,1.9367516273168808,1.0,Low - Medium (10-20%),0.0578688824271646,1.0393444121358235,1.0,Low - Medium (5-25%),0.2313137455876281,2.209850999229114,2.0,Medium - High (20-40%),0.0949946192381906,1.2249730961909533,1.0,Low - Medium (5-25%),0.3171298531747666,2.6650736926418936,2.0,Medium - High (20-40%),0.1555624465969694,1.5278122329848474,1.0,Low - Medium (5-25%),0.4135069183638224,3.0479114672579297,3.0,High (40-80%),0.1920235922787271,1.7101179613936357,1.0,Low - Medium (5-25%),0.3864250137441583,2.950188484537668,2.0,Medium - High (20-40%),0.1621785868861079,1.5608929344305396,1.0,Low - Medium (5-25%),0.3631477723431537,2.86055673016308,2.0,Medium - High (20-40%),0.1194453072066479,1.3472265360332396,1.0,Low - Medium (5-25%),0.2989784272750784,2.5800413908244915,2.0,Medium - High (20-40%),0.0656167626874147,1.0780838134370738,1.0,Low - Medium (5-25%),0.2272216451161177,2.1841002724054475,2.0,Medium - High (20-40%),0.0569884075966698,1.0349420379833494,1.0,Low - Medium (5-25%),0.2067094584341137,2.0476044038760506,2.0,Medium - High (20-40%),0.0560488332056628,1.030244166028314,1.0,Low - Medium (5-25%),0.1995389742041665,1.9966705629862915,1.0,Low - Medium (10-20%),0.0504668804341859,1.00233440217093,1.0,Low - Medium (5-25%),United States,Texas
742275,0.0001037391692959,0.0,0.0,Low (<10%),3.764262471856828e-05,0.0007528524943713,0.0,Low (<5%),8.531654782446439e-05,0.0,0.0,Low (<10%),3.068488569492591e-05,0.0006136977138985,0.0,Low (<5%),7.381414933285612e-05,0.0,0.0,Low (<10%),3.434638776675444e-05,0.000686927755335,0.0,Low (<5%),0.0001060470799357,0.0,0.0,Low (<10%),5.84798699912624e-05,0.0011695973998252,0.0,Low (<5%),0.0001326964070707,0.0,0.0,Low (<10%),7.653720496024657e-05,0.0015307440992049,0.0,Low (<5%),0.0002941092975129,0.0,0.0,Low (<10%),0.0001423485167153,0.002846970334307,0.0,Low (<5%),0.0002620520493392,0.0,0.0,Low (<10%),0.000115526275541,0.00231052551082,0.0,Low (<5%),0.0002261422831784,0.0,0.0,Low (<10%),7.586842043259279e-05,0.0015173684086518,0.0,Low (<5%),0.0001650926004522,0.0,0.0,Low (<10%),4.576117316031799e-05,0.0009152234632063,0.0,Low (<5%),0.0001110305325296,0.0,0.0,Low (<10%),3.818679101003857e-05,0.0007637358202007,0.0,Low (<5%),0.0001066417974464,0.0,0.0,Low (<10%),4.0519125749726e-05,0.0008103825149945,0.0,Low (<5%),9.252484569957752e-05,0.0,0.0,Low (<10%),3.243452184606287e-05,0.0006486904369212,0.0,Low (<5%),United States,Texas
742276,0.2584589590156361,2.3699352115833543,2.0,Medium - High (20-40%),0.0592695766637912,1.046347883318956,1.0,Low - Medium (5-25%),0.2296174197103113,2.19923209487237,2.0,Medium - High (20-40%),0.0519259290731193,1.0096296453655966,1.0,Low - Medium (5-25%),0.2204041649860207,2.140151486830589,2.0,Medium - High (20-40%),0.0556833637922004,1.0284168189610023,1.0,Low - Medium (5-25%),0.2505352083398834,2.3250133632129524,2.0,Medium - High (20-40%),0.0807922345178521,1.153961172589261,1.0,Low - Medium (5-25%),0.2668725720138448,2.416151039264202,2.0,Medium - High (20-40%),0.1209375395971866,1.3546876979859332,1.0,Low - Medium (5-25%),0.3409254680919757,2.7694563768834586,2.0,Medium - High (20-40%),0.1575353989117277,1.5376769945586388,1.0,Low - Medium (5-25%),0.3615560690344849,2.8542193933604723,2.0,Medium - High (20-40%),0.14056849769568,1.4528424884784004,1.0,Low - Medium (5-25%),0.381139508601619,2.930319164458921,2.0,Medium - High (20-40%),0.1202490271098178,1.351245135549089,1.0,Low - Medium (5-25%),0.3766122576989315,2.913079956494024,2.0,Medium - High (20-40%),0.0793494235217946,1.1467471176089732,1.0,Low - Medium (5-25%),0.3136979140147893,2.6493759357785045,2.0,Medium - High (20-40%),0.0702866203739271,1.1014331018696355,1.0,Low - Medium (5-25%),0.2556967186601397,2.3544336466839058,2.0,Medium - High (20-40%),0.0579888662450476,1.039944331225238,1.0,Low - Medium (5-25%),0.2843079968956095,2.5074546791047183,2.0,Medium - High (20-40%),0.0643240749148693,1.071620374574347,1.0,Low - Medium (5-25%),United States,Texas
742277,0.0230225879831759,0.0,0.0,Low (<10%),0.0060843800240156,0.1216876004803138,0.0,Low (<5%),0.0218615588343587,0.0,0.0,Low (<10%),0.0057550127362374,0.1151002547247481,0.0,Low (<5%),0.017799133560596,0.0,0.0,Low (<10%),0.0057126379143333,0.1142527582866659,0.0,Low (<5%),0.0236851291376306,0.0,0.0,Low (<10%),0.0115211517211569,0.2304230344231389,0.0,Low (<5%),0.0308198863354957,0.0,0.0,Low (<10%),0.0188260205783155,0.3765204115663117,0.0,Low (<5%),0.0762583095411868,0.6089664555370431,0.0,Low (<10%),0.041081739343256,0.8216347868651208,0.0,Low (<5%),0.0621369276043244,0.3135228134602665,0.0,Low (<10%),0.0265003475827134,0.5300069516542687,0.0,Low (<5%),0.060474884458359,0.2744080129472432,0.0,Low (<10%),0.0221106036505556,0.4422120730111134,0.0,Low (<5%),0.0448131771663124,0.0,0.0,Low (<10%),0.009395619761283,0.18791239522566,0.0,Low (<5%),0.0280130524223623,0.0,0.0,Low (<10%),0.0070629581565236,0.1412591631304735,0.0,Low (<5%),0.0278206555912401,0.0,0.0,Low (<10%),0.0078187549165265,0.1563750983305314,0.0,Low (<5%),0.0225849467416662,0.0,0.0,Low (<10%),0.0058385901422856,0.116771802845712,0.0,Low (<5%),United States,Texas
742278,0.2730943914020788,2.449399685470848,2.0,Medium - High (20-40%),0.112856776941494,1.3142838847074705,1.0,Low - Medium (5-25%),0.2560696363815435,2.356536194603492,2.0,Medium - High (20-40%),0.0847592289625418,1.1737961448127092,1.0,Low - Medium (5-25%),0.3199733358868455,2.6779516870295303,2.0,Medium - High (20-40%),0.2151645886184736,1.8258229430923685,1.0,Low - Medium (5-25%),0.7379615433171358,3.883545636460125,3.0,High (40-80%),0.6230106313559741,3.4920425254238965,3.0,High (50-75%),1.84841337196009,5.0,4.0,Extremely High (>80%),1.2894745525236364,5.0,4.0,Extremely High (>75%),3.380260330038104,5.0,4.0,Extremely High (>80%),2.06394935658452,5.0,4.0,Extremely High (>75%),3.119313205598085,5.0,4.0,Extremely High (>80%),1.8222971429884072,5.0,4.0,Extremely High (>75%),2.8250407123982018,5.0,4.0,Extremely High (>80%),1.4012921406689909,5.0,4.0,Extremely High (>75%),1.3309518816136954,4.7343865088027055,4.0,Extremely High (>80%),0.4156100675999287,2.662440270399715,2.0,Medium - High (25-50%),0.6025581488192832,3.5911004728201186,3.0,High (40-80%),0.0913562261384712,1.2067811306923564,1.0,Low - Medium (5-25%),0.3761556374246745,2.9113297121217423,2.0,Medium - High (20-40%),0.1035817901062455,1.2679089505312278,1.0,Low - Medium (5-25%),0.2892068255341473,2.532101601556195,2.0,Medium - High (20-40%),0.1059544065956555,1.2797720329782778,1.0,Low - Medium (5-25%),United States,Texas
742279,0.0045879808506277,0.0,0.0,Low (<10%),0.0013021526027214,0.026043052054428,0.0,Low (<5%),0.0041422306608994,0.0,0.0,Low (<10%),0.0011279920631821,0.0225598412636428,0.0,Low (<5%),0.0032575514062172,0.0,0.0,Low (<10%),0.0012391447390551,0.0247828947811039,0.0,Low (<5%),0.0055409465750843,0.0,0.0,Low (<10%),0.003751104194763,0.0750220838952615,0.0,Low (<5%),0.0138015051464978,0.0,0.0,Low (<10%),0.010230041705322,0.2046008341064406,0.0,Low (<5%),0.0305160843037767,0.0,0.0,Low (<10%),0.0177256488474753,0.3545129769495064,0.0,Low (<5%),0.0305964857812817,0.0,0.0,Low (<10%),0.0152599852007953,0.3051997040159065,0.0,Low (<5%),0.0268178149750216,0.0,0.0,Low (<10%),0.0115086519706633,0.230173039413266,0.0,Low (<5%),0.0131904798532146,0.0,0.0,Low (<10%),0.0025019000687496,0.0500380013749933,0.0,Low (<5%),0.0064604801120485,0.0,0.0,Low (<10%),0.0015542075104471,0.0310841502089434,0.0,Low (<5%),0.0053664529752569,0.0,0.0,Low (<10%),0.0016522290355224,0.033044580710448,0.0,Low (<5%),0.0042923647449191,0.0,0.0,Low (<10%),0.0011755782635062,0.0235115652701257,0.0,Low (<5%),United States,Texas
742280,0.5655511977873209,3.4996576333229186,3.0,High (40-80%),0.1552323762428739,1.5261618812143696,1.0,Low - Medium (5-25%),0.5217110890622638,3.383251098432003,3.0,High (40-80%),0.1308538939606006,1.4042694698030032,1.0,Low - Medium (5-25%),0.3951266348047164,2.982315099176982,2.0,Medium - High (20-40%),0.1243993226673388,1.371996613336694,1.0,Low - Medium (5-25%),0.5336630610667714,3.415929154739937,3.0,High (40-80%),0.2703223169509036,2.0812892678036143,2.0,Medium - High (25-50%),0.7402208672914034,3.887955806691199,3.0,High (40-80%),0.4555088938281666,2.8220355753126665,2.0,Medium - High (25-50%),1.935822475324853,5.0,4.0,Extremely High (>80%),1.0848678405281589,5.0,4.0,Extremely High (>75%),1.980463983417,5.0,4.0,Extremely High (>80%),0.9892354481076364,4.956941792430545,4.0,Extremely High (>75%),1.6747731127411831,5.0,4.0,Extremely High (>80%),0.724385970935475,3.8975438837419,3.0,High (50-75%),1.2691716141525726,4.665815254804816,4.0,Extremely High (>80%),0.3459695826964011,2.3838783307856044,2.0,Medium - High (25-50%),0.8342790194617071,4.06052996481227,4.0,Extremely High (>80%),0.18003294480159,1.65016472400795,1.0,Low - Medium (5-25%),0.8996969895803368,4.169439195624502,4.0,Extremely High (>80%),0.2353443594487131,1.926721797243566,1.0,Low - Medium (5-25%),0.6735051145145664,3.75168890137694,3.0,High (40-80%),0.1669185032007085,1.5845925160035428,1.0,Low - Medium (5-25%),United States,Texas
742290,0.6129369172169256,3.6157386009936574,3.0,High (40-80%),0.2156170844603579,1.8280854223017893,1.0,Low - Medium (5-25%),0.5896623740832039,3.559889139800996,3.0,High (40-80%),0.1749173173049268,1.624586586524634,1.0,Low - Medium (5-25%),0.5181155390201505,3.3732738527081114,3.0,High (40-80%),0.2608119718407247,2.0432478873628988,2.0,Medium - High (25-50%),1.0409533034610612,4.379833446544678,4.0,Extremely High (>80%),0.8624879774286575,4.449951909714629,4.0,Extremely High (>75%),2.9811967449288748,5.0,4.0,Extremely High (>80%),2.025189714992262,5.0,4.0,Extremely High (>75%),5.074609641679952,5.0,4.0,Extremely High (>80%),2.899322552935331,5.0,4.0,Extremely High (>75%),5.359103478979281,5.0,4.0,Extremely High (>80%),2.9260959574028256,5.0,4.0,Extremely High (>75%),4.211755248600875,5.0,4.0,Extremely High (>80%),2.044488284536285,5.0,4.0,Extremely High (>75%),2.425239927667108,5.0,4.0,Extremely High (>80%),0.7822284732040098,4.128913892816039,4.0,Extremely High (>75%),1.3059525063111137,4.707030526109124,4.0,Extremely High (>80%),0.2227242885694017,1.8636214428470088,1.0,Low - Medium (5-25%),0.995748609660643,4.315781560191173,4.0,Extremely High (>80%),0.2689294171148114,2.0757176684592453,2.0,Medium - High (25-50%),0.7436527493536921,3.894629108250781,3.0,High (40-80%),0.2185611589585343,1.842805794792672,1.0,Low - Medium (5-25%),United States,Texas
742422,0.0723648850756834,0.5333617071648922,0.0,Low (<10%),0.0208048706354647,0.4160974127092953,0.0,Low (<5%),0.0736419064322619,0.5585988805887336,0.0,Low (<10%),0.0183373715373265,0.3667474307465306,0.0,Low (<5%),0.0722758770378628,0.5315861154285688,0.0,Low (<10%),0.020532651585308,0.4106530317061619,0.0,Low (<5%),0.0795488621443465,0.6699131997110856,0.0,Low (<10%),0.0426935342386347,0.8538706847726957,0.0,Low (<5%),0.1435727130157212,1.5217815810716289,1.0,Low - Medium (10-20%),0.1005423548462184,1.2527117742310925,1.0,Low - Medium (5-25%),0.2795435996450647,2.483073313788384,2.0,Medium - High (20-40%),0.1557285267568112,1.5286426337840562,1.0,Low - Medium (5-25%),0.3236594037125307,2.694476421044384,2.0,Medium - High (20-40%),0.1616739763433604,1.5583698817168024,1.0,Low - Medium (5-25%),0.2600409043286565,2.378738576448119,2.0,Medium - High (20-40%),0.1199465496685537,1.3497327483427686,1.0,Low - Medium (5-25%),0.193599142947798,1.9530725658991888,1.0,Low - Medium (10-20%),0.0544944499962168,1.022472249981084,1.0,Low - Medium (5-25%),0.1213520123410137,1.279198032430782,1.0,Low - Medium (10-20%),0.0196496425698911,0.3929928513978226,0.0,Low (<5%),0.0998836967630776,0.9983211224847264,0.0,Low (<10%),0.0199224820048227,0.3984496400964548,0.0,Low (<5%),0.0778367312794601,0.6385230311369829,0.0,Low (<10%),0.0181447687134508,0.3628953742690168,0.0,Low (<5%),United States,Texas
742423,0.0930522355651519,0.8961127163322063,0.0,Low (<10%),0.0226802952214327,0.4536059044286541,0.0,Low (<5%),0.0959531273994666,0.9404017340468174,0.0,Low (<10%),0.0223855960538038,0.4477119210760774,0.0,Low (<5%),0.0777970528292348,0.6377874080209827,0.0,Low (<10%),0.0191420900812327,0.3828418016246542,0.0,Low (<5%),0.0728251844574034,0.5425093556553184,0.0,Low (<10%),0.0225230436983003,0.4504608739660065,0.0,Low (<5%),0.0671690754508513,0.4258690761762819,0.0,Low (<10%),0.0275453212607981,0.550906425215963,0.0,Low (<5%),0.1086385818177468,1.1195365516884888,1.0,Low - Medium (10-20%),0.0464691360750699,0.9293827215013996,0.0,Low (<5%),0.1221721999155108,1.2889160396015775,1.0,Low - Medium (10-20%),0.0474489789700034,0.9489795794000688,0.0,Low (<5%),0.1235403053166467,1.304981801274803,1.0,Low - Medium (10-20%),0.0414595441985535,0.8291908839710711,0.0,Low (<5%),0.1352424607441612,1.4355481714999538,1.0,Low - Medium (10-20%),0.033879983129098,0.6775996625819601,0.0,Low (<5%),0.1080708146388984,1.1119769646943516,1.0,Low - Medium (10-20%),0.0239882151863307,0.4797643037266141,0.0,Low (<5%),0.1121558799376171,1.1655052578247314,1.0,Low - Medium (10-20%),0.0257509828309219,0.5150196566184385,0.0,Low (<5%),0.0990485559128295,0.9862078464809412,0.0,Low (<10%),0.0231091689211696,0.4621833784233928,0.0,Low (<5%),United States,Texas
742424,9999.0,5.0,4.0,Extremely High (>80%),9999.0,5.0,4.0,Extremely High (>75%),9999.0,5.0,4.0,Extremely High (>80%),9999.0,5.0,4.0,Extremely High (>75%),9999.0,5.0,4.0,Extremely High (>80%),9999.0,5.0,4.0,Extremely High (>75%),1.19928633268159,4.58410424189856,4.0,Extremely High (>80%),0.9568710673231358,4.827484269292543,4.0,Extremely High (>75%),9999.0,5.0,4.0,Extremely High (>80%),9999.0,5.0,4.0,Extremely High (>75%),9999.0,5.0,4.0,Extremely High (>80%),9999.0,5.0,4.0,Extremely High (>75%),9999.0,5.0,4.0,Extremely High (>80%),9999.0,5.0,4.0,Extremely High (>75%),9999.0,5.0,4.0,Extremely High (>80%),9999.0,5.0,4.0,Extremely High (>75%),9999.0,5.0,4.0,Extremely High (>80%),9999.0,5.0,4.0,Extremely High (>75%),9999.0,5.0,4.0,Extremely High (>80%),9999.0,5.0,4.0,Extremely High (>75%),9999.0,5.0,4.0,Extremely High (>80%),9999.0,5.0,4.0,Extremely High (>75%),9999.0,5.0,4.0,Extremely High (>80%),9999.0,5.0,4.0,Extremely High (>75%),United States,Texas
742425,9999.0,5.0,4.0,Extremely High (>80%),9999.0,5.0,4.0,Extremely High (>75%),9999.0,5.0,4.0,Extremely High (>80%),9999.0,5.0,4.0,Extremely High (>75%),9999.0,5.0,4.0,Extremely High (>80%),9999.0,5.0,4.0,Extremely High (>75%),0.3188105935621781,2.6726995685557924,2.0,Medium - High (20-40%),0.2496064638581898,1.998032319290949,1.0,Low - Medium (5-25%),1.0839172879672716,4.438182765977487,4.0,Extremely High (>80%),0.4303362363211895,2.7213449452847582,2.0,Medium - High (25-50%),9999.0,5.0,4.0,Extremely High (>80%),9999.0,5.0,4.0,Extremely High (>75%),9999.0,5.0,4.0,Extremely High (>80%),9999.0,5.0,4.0,Extremely High (>75%),9999.0,5.0,4.0,Extremely High (>80%),9999.0,5.0,4.0,Extremely High (>75%),9999.0,5.0,4.0,Extremely High (>80%),9999.0,5.0,4.0,Extremely High (>75%),9999.0,5.0,4.0,Extremely High (>80%),9999.0,5.0,4.0,Extremely High (>75%),9999.0,5.0,4.0,Extremely High (>80%),9999.0,5.0,4.0,Extremely High (>75%),9999.0,5.0,4.0,Extremely High (>80%),9999.0,5.0,4.0,Extremely High (>75%),United States,Texas
742610,0.0019248805572655,0.0,0.0,Low (<10%),0.0004455147378675,0.0089102947573513,0.0,Low (<5%),0.0017544213674957,0.0,0.0,Low (<10%),0.000406271491011,0.0081254298202208,0.0,Low (<5%),0.0012547984600694,0.0,0.0,Low (<10%),0.0002915767615347,0.005831535230694,0.0,Low (<5%),0.0011839463965692,0.0,0.0,Low (<10%),0.0002813195473116,0.0056263909462321,0.0,Low (<5%),0.0011536694367648,0.0,0.0,Low (<10%),0.0002892696697728,0.0057853933954571,0.0,Low (<5%),0.0015281458929636,0.0,0.0,Low (<10%),0.0004321529902173,0.0086430598043469,0.0,Low (<5%),0.0018314077123385,0.0,0.0,Low (<10%),0.0005072907356436,0.0101458147128729,0.0,Low (<5%),0.0020895842908136,0.0,0.0,Low (<10%),0.0005292697250133,0.0105853945002677,0.0,Low (<5%),0.0024459112188633,0.0,0.0,Low (<10%),0.0005843446254238,0.011686892508477,0.0,Low (<5%),0.0025135915969667,0.0,0.0,Low (<10%),0.0005840784786271,0.011681569572543,0.0,Low (<5%),0.0027281098266098,0.0,0.0,Low (<10%),0.0006337560075358,0.0126751201507168,0.0,Low (<5%),0.0024727174690964,0.0,0.0,Low (<10%),0.0005730956409086,0.0114619128181734,0.0,Low (<5%),United States,Illinois
742623,0.0619343235671263,0.3088110676403446,0.0,Low (<10%),0.0140733993667592,0.2814679873351847,0.0,Low (<5%),0.0497419533629541,0.0,0.0,Low (<10%),0.0113071645138162,0.2261432902763254,0.0,Low (<5%),0.0392833861224888,0.0,0.0,Low (<10%),0.0089539991526745,0.1790799830534916,0.0,Low (<5%),0.0398332758906038,0.0,0.0,Low (<10%),0.0091138312597443,0.1822766251948863,0.0,Low (<5%),0.041084761642906,0.0,0.0,Low (<10%),0.0096017909613533,0.1920358192270678,0.0,Low (<5%),0.0543347331807478,0.1199466329420827,0.0,Low (<10%),0.0129594052244742,0.2591881044894847,0.0,Low (<5%),0.0603668426612163,0.2718282516314292,0.0,Low (<10%),0.0140841357310322,0.281682714620645,0.0,Low (<5%),0.0690390292062908,0.4654840832865602,0.0,Low (<10%),0.0159727944633427,0.3194558892668557,0.0,Low (<5%),0.0782833387579117,0.6467771928448918,0.0,Low (<10%),0.0180335064312352,0.360670128624705,0.0,Low (<5%),0.0835824354242544,0.7412717016205849,0.0,Low (<10%),0.0190890204942947,0.3817804098858955,0.0,Low (<5%),0.0926353952709715,0.889635446599953,0.0,Low (<10%),0.0211136849893449,0.422273699786899,0.0,Low (<5%),0.0753822346678814,0.5922964687071599,0.0,Low (<10%),0.0171490501889356,0.3429810037787128,0.0,Low (<5%),United States,Georgia
742624,0.0231749470987796,0.0,0.0,Low (<10%),0.0059079256201194,0.1181585124023898,0.0,Low (<5%),0.0190537632016441,0.0,0.0,Low (<10%),0.0048622038161565,0.0972440763231313,0.0,Low (<5%),0.0150465905199079,0.0,0.0,Low (<10%),0.0038547019599523,0.0770940391990464,0.0,Low (<5%),0.0141486428168012,0.0,0.0,Low (<10%),0.0036313613769297,0.0726272275385959,0.0,Low (<5%),0.0138827549497454,0.0,0.0,Low (<10%),0.0035718612246118,0.0714372244922375,0.0,Low (<5%),0.0168447443757922,0.0,0.0,Low (<10%),0.0043434569295308,0.0868691385906162,0.0,Low (<5%),0.0176126455542782,0.0,0.0,Low (<10%),0.0045492845723576,0.0909856914471536,0.0,Low (<5%),0.0195118639803161,0.0,0.0,Low (<10%),0.0050466690931384,0.100933381862768,0.0,Low (<5%),0.0225095034388861,0.0,0.0,Low (<10%),0.0058174367621255,0.1163487352425103,0.0,Low (<5%),0.0236615928309486,0.0,0.0,Low (<10%),0.0060912905504024,0.121825811008048,0.0,Low (<5%),0.026847456390702,0.0,0.0,Low (<10%),0.0068834506477745,0.1376690129554909,0.0,Low (<5%),0.0256181363287924,0.0,0.0,Low (<10%),0.0065422071457898,0.130844142915797,0.0,Low (<5%),United States,Georgia
742626,0.1614968134586815,1.6915056989581354,1.0,Low - Medium (10-20%),0.0379809192080604,0.7596183841612081,0.0,Low (<5%),0.1192559644933384,1.2540614232938672,1.0,Low - Medium (10-20%),0.0280613646719604,0.5612272934392083,0.0,Low (<5%),0.092500472297689,0.887532637009633,0.0,Low (<10%),0.0218362994060961,0.4367259881219224,0.0,Low (<5%),0.1035106094906641,1.0497786467112715,1.0,Low - Medium (10-20%),0.0244949818687747,0.489899637375494,0.0,Low (<5%),0.1305975217364292,1.385127520065912,1.0,Low - Medium (10-20%),0.0310823462255654,0.62164692451131,0.0,Low (<5%),0.1681033227301364,1.7493482411648815,1.0,Low - Medium (10-20%),0.0403913819975608,0.8078276399512163,0.0,Low (<5%),0.2017848893293161,2.012818142204973,2.0,Medium - High (20-40%),0.0483218971588563,0.966437943177128,0.0,Low (<5%),0.2375866524233337,2.2484537880596926,2.0,Medium - High (20-40%),0.0566699158164665,1.0333495790823326,1.0,Low - Medium (5-25%),0.2802408929718253,2.486667490326448,2.0,Medium - High (20-40%),0.0666546521090167,1.0832732605450834,1.0,Low - Medium (5-25%),0.3157366499687363,2.658721735022893,2.0,Medium - High (20-40%),0.0747839085539118,1.1239195427695594,1.0,Low - Medium (5-25%),0.3455783207981112,2.789012715597244,2.0,Medium - High (20-40%),0.081601849671157,1.1580092483557851,1.0,Low - Medium (5-25%),0.2456658176549243,2.296697132708496,2.0,Medium - High (20-40%),0.0578551252865858,1.039275626432929,1.0,Low - Medium (5-25%),United States,Virginia
742627,0.0196717030692365,0.0,0.0,Low (<10%),0.0044149574197451,0.0882991483949038,0.0,Low (<5%),0.0155132924766789,0.0,0.0,Low (<10%),0.0034817317815359,0.0696346356307195,0.0,Low (<5%),0.012193351374999,0.0,0.0,Low (<10%),0.0027422621625532,0.0548452432510654,0.0,Low (<5%),0.0119071740814822,0.0,0.0,Low (<10%),0.0026796394106766,0.0535927882135322,0.0,Low (<5%),0.0117110614905472,0.0,0.0,Low (<10%),0.0026408944053378,0.0528178881067572,0.0,Low (<5%),0.0151888222142238,0.0,0.0,Low (<10%),0.0034322960046703,0.0686459200934061,0.0,Low (<5%),0.0160720312765335,0.0,0.0,Low (<10%),0.0036329739418016,0.0726594788360326,0.0,Low (<5%),0.0189843575671363,0.0,0.0,Low (<10%),0.0042902360950143,0.0858047219002874,0.0,Low (<5%),0.0213081059075734,0.0,0.0,Low (<10%),0.0048113644311116,0.0962272886222336,0.0,Low (<5%),0.0232458101978762,0.0,0.0,Low (<10%),0.0052398090468063,0.1047961809361266,0.0,Low (<5%),0.0263698198075391,0.0,0.0,Low (<10%),0.005932791299499,0.1186558259899814,0.0,Low (<5%),0.0241389286477416,0.0,0.0,Low (<10%),0.0054220316896514,0.1084406337930292,0.0,Low (<5%),United States,Georgia
742629,0.1047078578400465,1.0663697139161132,1.0,Low - Medium (10-20%),0.0234333686702446,0.4686673734048925,0.0,Low (<5%),0.0767799549685925,0.6188016191577843,0.0,Low (<10%),0.0171827305968872,0.3436546119377449,0.0,Low (<5%),0.0580492802779595,0.2153500851086394,0.0,Low (<10%),0.013025652214357,0.2605130442871415,0.0,Low (<5%),0.0642893542910055,0.3626517657900434,0.0,Low (<10%),0.0144562597037072,0.2891251940741445,0.0,Low (<5%),0.0717365492597861,0.5207802541782304,0.0,Low (<10%),0.0162500877390093,0.325001754780187,0.0,Low (<5%),0.0945674637073135,0.9194158093737684,0.0,Low (<10%),0.0216887762325906,0.4337755246518122,0.0,Low (<5%),0.1127871658633625,1.1736029117198514,1.0,Low - Medium (10-20%),0.0257204011850799,0.5144080237015999,0.0,Low (<5%),0.1387626958555357,1.4726197744168965,1.0,Low - Medium (10-20%),0.0314467439818181,0.628934879636363,0.0,Low (<5%),0.1686965317945884,1.7544303137903785,1.0,Low - Medium (10-20%),0.0380621302629378,0.7612426052587574,0.0,Low (<5%),0.1928934818676215,1.947804393588478,1.0,Low - Medium (10-20%),0.0433813061884396,0.8676261237687932,0.0,Low (<5%),0.2048500958071654,2.0345685675582192,2.0,Medium - High (20-40%),0.0459718884388632,0.9194377687772652,0.0,Low (<5%),0.1574017707589491,1.654451771155339,1.0,Low - Medium (10-20%),0.0352604073788242,0.7052081475764848,0.0,Low (<5%),United States,Virginia
742630,0.0003161861989929,0.0,0.0,Low (<10%),6.68571268726283e-05,0.0013371425374525,0.0,Low (<5%),0.0002508174603936,0.0,0.0,Low (<10%),5.302571362625434e-05,0.001060514272525,0.0,Low (<5%),0.0001701976392349,0.0,0.0,Low (<10%),3.604145874995997e-05,0.0007208291749991,0.0,Low (<5%),0.0001643509043191,0.0,0.0,Low (<10%),3.581617716115245e-05,0.000716323543223,0.0,Low (<5%),0.0001595316348198,0.0,0.0,Low (<10%),3.699187132532804e-05,0.0007398374265065,0.0,Low (<5%),0.0002007949871759,0.0,0.0,Low (<10%),5.461495588857138e-05,0.0010922991177714,0.0,Low (<5%),0.0002328607113623,0.0,0.0,Low (<10%),6.133480977818639e-05,0.0012266961955637,0.0,Low (<5%),0.0002710222218613,0.0,0.0,Low (<10%),6.486008896653227e-05,0.0012972017793306,0.0,Low (<5%),0.0003101951712503,0.0,0.0,Low (<10%),6.839614122568372e-05,0.0013679228245136,0.0,Low (<5%),0.0003224248655334,0.0,0.0,Low (<10%),6.789013705305272e-05,0.001357802741061,0.0,Low (<5%),0.0003671236962221,0.0,0.0,Low (<10%),7.77005906445627e-05,0.0015540118128912,0.0,Low (<5%),0.0003455269121851,0.0,0.0,Low (<10%),7.309944709168933e-05,0.0014619889418337,0.0,Low (<5%),United States,Illinois
742649,0.2108473604393521,2.0761989608871767,2.0,Medium - High (20-40%),0.048516451615449,0.97032903230898,0.0,Low (<5%),0.1775694541215222,1.828383427535139,1.0,Low - Medium (10-20%),0.0408759996068113,0.8175199921362275,0.0,Low (<5%),0.1351102366689237,1.4341369850411805,1.0,Low - Medium (10-20%),0.0311986920863746,0.6239738417274923,0.0,Low (<5%),0.1437944294409247,1.5240077872263127,1.0,Low - Medium (10-20%),0.0332695776401398,0.6653915528027977,0.0,Low (<5%),0.1547761683108052,1.6301833493462887,1.0,Low - Medium (10-20%),0.0359083981060416,0.7181679621208327,0.0,Low (<5%),0.1823948291129177,1.86706482972801,1.0,Low - Medium (10-20%),0.0424529152617217,0.8490583052344342,0.0,Low (<5%),0.1978516121067814,1.9844188205240767,1.0,Low - Medium (10-20%),0.0460531935906221,0.921063871812442,0.0,Low (<5%),0.2134343482741837,2.0937923696825416,2.0,Medium - High (20-40%),0.0496462530964273,0.9929250619285472,0.0,Low (<5%),0.2576788847625347,2.365574321844533,2.0,Medium - High (20-40%),0.0598487125296275,1.049243562648138,1.0,Low - Medium (5-25%),0.2762704483193121,2.4660812503758653,2.0,Medium - High (20-40%),0.0639844008494463,1.0699220042472315,1.0,Low - Medium (5-25%),0.3047753371081536,2.60774616243964,2.0,Medium - High (20-40%),0.0703840820023654,1.101920410011827,1.0,Low - Medium (5-25%),0.2564927294536784,2.358917931759095,2.0,Medium - High (20-40%),0.0590936491400771,1.0454682457003857,1.0,Low - Medium (5-25%),United States,Virginia
742650,0.0013568164129145,0.0,0.0,Low (<10%),0.0003331335329752,0.0066626706595057,0.0,Low (<5%),0.0012075950051709,0.0,0.0,Low (<10%),0.0002967847388273,0.0059356947765479,0.0,Low (<5%),0.0009147118175494,0.0,0.0,Low (<10%),0.0002256222141372,0.0045124442827453,0.0,Low (<5%),0.0008624993188792,0.0,0.0,Low (<10%),0.0002144373373794,0.0042887467475895,0.0,Low (<5%),0.0008487521518404,0.0,0.0,Low (<10%),0.0002227289461156,0.0044545789223137,0.0,Low (<5%),0.0011531125234222,0.0,0.0,Low (<10%),0.0003666791206969,0.007333582413939,0.0,Low (<5%),0.0013836650748335,0.0,0.0,Low (<10%),0.0004164368323517,0.0083287366470351,0.0,Low (<5%),0.001612209140991,0.0,0.0,Low (<10%),0.0004501853160874,0.0090037063217492,0.0,Low (<5%),0.0018096170539916,0.0,0.0,Low (<10%),0.0004643497871854,0.0092869957437088,0.0,Low (<5%),0.0018379555553914,0.0,0.0,Low (<10%),0.0004511956681604,0.009023913363208,0.0,Low (<5%),0.0019989894434616,0.0,0.0,Low (<10%),0.0004925572600252,0.0098511452005053,0.0,Low (<5%),0.0017972431835155,0.0,0.0,Low (<10%),0.0004421053129677,0.0088421062593555,0.0,Low (<5%),United States,Illinois
742661,0.0191205956911191,0.0,0.0,Low (<10%),0.0046022997309466,0.0920459946189333,0.0,Low (<5%),0.0186724099038436,0.0,0.0,Low (<10%),0.0045010363152305,0.0900207263046105,0.0,Low (<5%),0.0117770128510498,0.0,0.0,Low (<10%),0.0028459798001902,0.0569195960038051,0.0,Low (<5%),0.0134183477199583,0.0,0.0,Low (<10%),0.0036531222964263,0.0730624459285269,0.0,Low (<5%),0.0197597289077072,0.0,0.0,Low (<10%),0.011414517848906,0.2282903569781202,0.0,Low (<5%),0.1070720835409534,1.098582381237302,1.0,Low - Medium (10-20%),0.0858259753325563,1.1791298766627818,1.0,Low - Medium (5-25%),0.2210391801276613,2.14430211606891,2.0,Medium - High (20-40%),0.1238485015432565,1.3692425077162826,1.0,Low - Medium (5-25%),0.2908070271864677,2.5400621315841123,2.0,Medium - High (20-40%),0.1334354108984843,1.4171770544924214,1.0,Low - Medium (5-25%),0.1881169672671007,1.9116299790479407,1.0,Low - Medium (10-20%),0.0608376829555588,1.0541884147777945,1.0,Low - Medium (5-25%),0.104094319062762,1.0578913358455837,1.0,Low - Medium (10-20%),0.0168715129786907,0.3374302595738151,0.0,Low (<5%),0.0558866865767641,0.1605765478003268,0.0,Low (<10%),0.0122715675803739,0.2454313516074782,0.0,Low (<5%),0.0277481664135103,0.0,0.0,Low (<10%),0.0066901431267888,0.133802862535777,0.0,Low (<5%),United States,Illinois
742662,0.1349394418108482,1.432312099123921,1.0,Low - Medium (10-20%),0.0346155990995164,0.6923119819903281,0.0,Low (<5%),0.1371212464871184,1.4554521292991254,1.0,Low - Medium (10-20%),0.0352194985015391,0.7043899700307822,0.0,Low (<5%),0.0984228587825914,0.9770653265956184,0.0,Low (<10%),0.0253985451691917,0.5079709033838351,0.0,Low (<5%),0.0898204224490892,0.8451154126206029,0.0,Low (<10%),0.0232827891960513,0.4656557839210279,0.0,Low (<5%),0.0900086471463259,0.8481355131755715,0.0,Low (<10%),0.0238347237415358,0.4766944748307162,0.0,Low (<5%),0.1098563005921108,1.1356176150713693,1.0,Low - Medium (10-20%),0.0310353308057731,0.620706616115462,0.0,Low (<5%),0.1327723947251229,1.4089552209839584,1.0,Low - Medium (10-20%),0.0374521176862973,0.7490423537259472,0.0,Low (<5%),0.1572844195344928,1.6533757656448624,1.0,Low - Medium (10-20%),0.0431237019038917,0.8624740380778353,0.0,Low (<5%),0.1691573906907187,1.7583662115978551,1.0,Low - Medium (10-20%),0.0444770968317103,0.8895419366342068,0.0,Low (<5%),0.1785822550322637,1.8365887330413164,1.0,Low - Medium (10-20%),0.0461288373933258,0.922576747866517,0.0,Low (<5%),0.1728104398895571,1.789190376771807,1.0,Low - Medium (10-20%),0.0445936408752415,0.8918728175048316,0.0,Low (<5%),0.1594009496660014,1.6726602245250566,1.0,Low - Medium (10-20%),0.0409837276020775,0.8196745520415506,0.0,Low (<5%),United States,Illinois
742663,0.0102080600621984,0.0,0.0,Low (<10%),0.0025157622578716,0.0503152451574325,0.0,Low (<5%),0.0087650835939873,0.0,0.0,Low (<10%),0.0021628954201291,0.0432579084025827,0.0,Low (<5%),0.0064539501022181,0.0,0.0,Low (<10%),0.0015997736098123,0.0319954721962473,0.0,Low (<5%),0.0064712310492397,0.0,0.0,Low (<10%),0.0016193973190894,0.0323879463817881,0.0,Low (<5%),0.007052773950289,0.0,0.0,Low (<10%),0.0018380019792179,0.0367600395843584,0.0,Low (<5%),0.0107379810568743,0.0,0.0,Low (<10%),0.003238728339452,0.06477456678904,0.0,Low (<5%),0.0146297056863358,0.0,0.0,Low (<10%),0.0042642599016616,0.0852851980332339,0.0,Low (<5%),0.019271405150103,0.0,0.0,Low (<10%),0.0053709220998553,0.1074184419971072,0.0,Low (<5%),0.0241870143464933,0.0,0.0,Low (<10%),0.0061975206463495,0.1239504129269909,0.0,Low (<5%),0.0261501163202753,0.0,0.0,Low (<10%),0.0064627504839382,0.1292550096787655,0.0,Low (<5%),0.0278128812313064,0.0,0.0,Low (<10%),0.0068847690395687,0.1376953807913757,0.0,Low (<5%),0.0197235778389555,0.0,0.0,Low (<10%),0.0048709664531593,0.0974193290631862,0.0,Low (<5%),United States,Illinois
742665,0.0013353402406055,0.0,0.0,Low (<10%),0.0003269319959945,0.0065386399198918,0.0,Low (<5%),0.0011596717744931,0.0,0.0,Low (<10%),0.0002842993008547,0.0056859860170946,0.0,Low (<5%),0.0008889596910979,0.0,0.0,Low (<10%),0.0002188508668134,0.0043770173362693,0.0,Low (<5%),0.0008812771632816,0.0,0.0,Low (<10%),0.0002194838606791,0.0043896772135834,0.0,Low (<5%),0.0010066527186647,0.0,0.0,Low (<10%),0.0003022437835943,0.0060448756718876,0.0,Low (<5%),0.0020846230785305,0.0,0.0,Low (<10%),0.0008862624906444,0.0177252498128881,0.0,Low (<5%),0.00319094891225,0.0,0.0,Low (<10%),0.0013323426981104,0.0266468539622084,0.0,Low (<5%),0.0039757720418731,0.0,0.0,Low (<10%),0.0014892717969942,0.0297854359398847,0.0,Low (<5%),0.0040556110061313,0.0,0.0,Low (<10%),0.0010802520441522,0.0216050408830441,0.0,Low (<5%),0.0040083368870636,0.0,0.0,Low (<10%),0.0009346583612349,0.0186931672246985,0.0,Low (<5%),0.0041881413098411,0.0,0.0,Low (<10%),0.001017961327221,0.02035922654442,0.0,Low (<5%),0.0028167279464995,0.0,0.0,Low (<10%),0.0006909741108106,0.0138194822162133,0.0,Low (<5%),United States,Illinois
742666,0.2199598770695368,2.1372403854230893,2.0,Medium - High (20-40%),0.0550188711168548,1.0250943555842742,1.0,Low - Medium (5-25%),0.1973425332322595,1.9807019336086145,1.0,Low - Medium (10-20%),0.0494170881940614,0.988341763881228,0.0,Low (<5%),0.1557004197412163,1.6387728336767766,1.0,Low - Medium (10-20%),0.0391586998939506,0.783173997879012,0.0,Low (<5%),0.1366359070785053,1.450336664863328,1.0,Low - Medium (10-20%),0.0344980438664752,0.6899608773295057,0.0,Low (<5%),0.1304114805693282,1.383070880545739,1.0,Low - Medium (10-20%),0.0340575636618145,0.6811512732362901,0.0,Low (<5%),0.1813292206104047,1.8586114294000788,1.0,Low - Medium (10-20%),0.0532532834528579,1.0162664172642897,1.0,Low - Medium (5-25%),0.2349759776492378,2.232513272969852,2.0,Medium - High (20-40%),0.0702564533266791,1.1012822666333957,1.0,Low - Medium (5-25%),0.3062179525216013,2.614558865641932,2.0,Medium - High (20-40%),0.0874967912808641,1.1874839564043205,1.0,Low - Medium (5-25%),0.3409502431141102,2.769561213589033,2.0,Medium - High (20-40%),0.0869237069342606,1.1846185346713032,1.0,Low - Medium (5-25%),0.3704295358852787,2.889199135251464,2.0,Medium - High (20-40%),0.0931167698193066,1.2155838490965332,1.0,Low - Medium (5-25%),0.3839170952497797,2.940794802651556,2.0,Medium - High (20-40%),0.0964961316078606,1.232480658039303,1.0,Low - Medium (5-25%),0.3311333759477386,2.72741243171814,2.0,Medium - High (20-40%),0.082999132979018,1.1649956648950903,1.0,Low - Medium (5-25%),United States,Illinois
742667,0.1100358152161293,1.1379731785204883,1.0,Low - Medium (10-20%),0.0255573768839806,0.5111475376796135,0.0,Low (<5%),0.0856775549194997,0.7769892139140862,0.0,Low (<10%),0.0199104540780014,0.3982090815600293,0.0,Low (<5%),0.0626349589313708,0.3250400095460173,0.0,Low (<10%),0.0146029025689753,0.2920580513795071,0.0,Low (<5%),0.0628886866966516,0.3308724132405292,0.0,Low (<10%),0.0147196212742289,0.2943924254845787,0.0,Low (<5%),0.0760691139020277,0.6053827048957096,0.0,Low (<10%),0.0182930853131286,0.3658617062625736,0.0,Low (<5%),0.1132107958452878,1.1790115409419644,1.0,Low - Medium (10-20%),0.0296319390177232,0.592638780354465,0.0,Low (<5%),0.1521481297017058,1.6054765994676363,1.0,Low - Medium (10-20%),0.0406523888179424,0.8130477763588484,0.0,Low (<5%),0.2081113727890667,2.0573558070629883,2.0,Medium - High (20-40%),0.0534268601860587,1.0171343009302936,1.0,Low - Medium (5-25%),0.2627194402323535,2.393522958328888,2.0,Medium - High (20-40%),0.0620226844128013,1.0601134220640067,1.0,Low - Medium (5-25%),0.2944072544114902,2.557813220900824,2.0,Medium - High (20-40%),0.0686211692041422,1.0931058460207113,1.0,Low - Medium (5-25%),0.3189522186344412,2.6733403139516367,2.0,Medium - High (20-40%),0.0743381104081791,1.1216905520408955,1.0,Low - Medium (5-25%),0.1955331771968151,1.9674134183580096,1.0,Low - Medium (10-20%),0.0454791322138014,0.9095826442760284,0.0,Low (<5%),United States,Illinois
742669,0.1205383567055529,1.269492301837056,1.0,Low - Medium (10-20%),0.0281044746142505,0.5620894922850118,0.0,Low (<5%),0.1165368637754677,1.220786390703808,1.0,Low - Medium (10-20%),0.0271794532729334,0.5435890654586686,0.0,Low (<5%),0.0786849250759719,0.6541591672576101,0.0,Low (<10%),0.0184165504770895,0.3683310095417901,0.0,Low (<5%),0.0929246886331466,0.8941338541058543,0.0,Low (<10%),0.0218199141281242,0.4363982825624846,0.0,Low (<5%),0.1319173021806508,1.3996337998674389,1.0,Low - Medium (10-20%),0.0312877233964471,0.6257544679289423,0.0,Low (<5%),0.241234526648083,2.2704364074833223,2.0,Medium - High (20-40%),0.0589940725415038,1.044970362707519,1.0,Low - Medium (5-25%),0.3008849227081645,2.589211815281602,2.0,Medium - High (20-40%),0.0767587072659262,1.1337935363296314,1.0,Low - Medium (5-25%),0.4976630282190702,3.315169212037537,3.0,High (40-80%),0.1220360592184549,1.3601802960922746,1.0,Low - Medium (5-25%),0.6939169762708783,3.794763061813029,3.0,High (40-80%),0.1637185916216124,1.568592958108062,1.0,Low - Medium (5-25%),0.7186255690984069,3.845240268147214,3.0,High (40-80%),0.1688025382431676,1.594012691215838,1.0,Low - Medium (5-25%),0.6855542529851134,3.777270841665233,3.0,High (40-80%),0.1605887528550913,1.5529437642754569,1.0,Low - Medium (5-25%),0.2494275332941598,2.318620727214414,2.0,Medium - High (20-40%),0.0582475506790219,1.0412377533951096,1.0,Low - Medium (5-25%),United States,Ohio
742674,0.2465941555633543,2.302138607365717,2.0,Medium - High (20-40%),0.0556733604497199,1.0283668022486,1.0,Low - Medium (5-25%),0.2094575012478275,2.0666575519974937,2.0,Medium - High (20-40%),0.0472984035527561,0.9459680710551226,0.0,Low (<5%),0.1356930924321568,1.4403472810550793,1.0,Low - Medium (10-20%),0.0307326436110332,0.6146528722206644,0.0,Low (<5%),0.1522656616945349,1.6065906280459612,1.0,Low - Medium (10-20%),0.0345994683973234,0.6919893679464686,0.0,Low (<5%),0.1605654558184631,1.6831615436649008,1.0,Low - Medium (10-20%),0.0368740848070516,0.7374816961410326,0.0,Low (<5%),0.2127925840466783,2.0894478728996697,2.0,Medium - High (20-40%),0.050353112981335,1.0017655649066757,1.0,Low - Medium (5-25%),0.2637468368279148,2.39915379137415,2.0,Medium - High (20-40%),0.0624037048742146,1.0620185243710734,1.0,Low - Medium (5-25%),0.3292393543595269,2.719136793067925,2.0,Medium - High (20-40%),0.0763596034313714,1.1317980171568571,1.0,Low - Medium (5-25%),0.3863529273397638,2.9499193290845724,2.0,Medium - High (20-40%),0.0881661311319325,1.1908306556596628,1.0,Low - Medium (5-25%),0.4490406692620266,3.166846114644736,3.0,High (40-80%),0.1019281103897582,1.2596405519487912,1.0,Low - Medium (5-25%),0.4970647990554689,3.313433938673246,3.0,High (40-80%),0.112579233258551,1.3128961662927552,1.0,Low - Medium (5-25%),0.361568864846102,2.854270450800484,2.0,Medium - High (20-40%),0.0817253038858833,1.1586265194294167,1.0,Low - Medium (5-25%),United States,Virginia
742676,0.2978148346676913,2.5744156188242098,2.0,Medium - High (20-40%),0.0684867488573199,1.0924337442865997,1.0,Low - Medium (5-25%),0.2950541792446872,2.560979893290602,2.0,Medium - High (20-40%),0.0678595588052446,1.0892977940262234,1.0,Low - Medium (5-25%),0.217165076456263,2.1187921138494,2.0,Medium - High (20-40%),0.0500988358323467,1.0004941791617337,1.0,Low - Medium (5-25%),0.2162650295566599,2.112800397782422,2.0,Medium - High (20-40%),0.0500246492960169,1.0001232464800849,1.0,Low - Medium (5-25%),0.2283115450873384,2.1910038145302773,2.0,Medium - High (20-40%),0.0532582418140468,1.016291209070234,1.0,Low - Medium (5-25%),0.2791331117708936,2.480953272215573,2.0,Medium - High (20-40%),0.0671050045885837,1.0855250229429187,1.0,Low - Medium (5-25%),0.3400100721358067,2.7655774840251848,2.0,Medium - High (20-40%),0.0837619888816096,1.1688099444080484,1.0,Low - Medium (5-25%),0.4168271696775912,3.0594493185991603,3.0,High (40-80%),0.1003990751479627,1.2519953757398137,1.0,Low - Medium (5-25%),0.4646763732454887,3.216226292001385,3.0,High (40-80%),0.1080610871514955,1.290305435757478,1.0,Low - Medium (5-25%),0.501259090716329,3.325556496180902,3.0,High (40-80%),0.1158111273363922,1.3290556366819612,1.0,Low - Medium (5-25%),0.5597163343121654,3.48469585080181,3.0,High (40-80%),0.129178674127732,1.3958933706386605,1.0,Low - Medium (5-25%),0.4446325204486114,3.1526134710237828,3.0,High (40-80%),0.102383148586556,1.2619157429327803,1.0,Low - Medium (5-25%),United States,Ohio
742677,0.0320487278356616,0.0,0.0,Low (<10%),0.0073342293618672,0.1466845872373453,0.0,Low (<5%),0.0315519972497861,0.0,0.0,Low (<10%),0.0072209658786729,0.1444193175734587,0.0,Low (<5%),0.0243167632535642,0.0,0.0,Low (<10%),0.0055806059836066,0.1116121196721338,0.0,Low (<5%),0.0228358023393084,0.0,0.0,Low (<10%),0.005252985733323,0.1050597146664611,0.0,Low (<5%),0.022781478786577,0.0,0.0,Low (<10%),0.0052787479278028,0.1055749585560577,0.0,Low (<5%),0.0261163620970942,0.0,0.0,Low (<10%),0.0061687473851996,0.1233749477039929,0.0,Low (<5%),0.028717951754241,0.0,0.0,Low (<10%),0.0068229669308562,0.136459338617125,0.0,Low (<5%),0.0324901616396524,0.0,0.0,Low (<10%),0.0076160626632486,0.1523212532649728,0.0,Low (<5%),0.0359284321546881,0.0,0.0,Low (<10%),0.0082949096825365,0.1658981936507311,0.0,Low (<5%),0.0375436437627351,0.0,0.0,Low (<10%),0.0086338611033849,0.1726772220676996,0.0,Low (<5%),0.0413865849002103,0.0,0.0,Low (<10%),0.0095001445654163,0.190002891308326,0.0,Low (<5%),0.0383010930360699,0.0,0.0,Low (<10%),0.0087746772170147,0.1754935443402946,0.0,Low (<5%),United States,Ohio
742678,0.3244858084471997,2.6981553825986406,2.0,Medium - High (20-40%),0.0755972422311117,1.1279862111555583,1.0,Low - Medium (5-25%),0.3345193310029625,2.7420895828735667,2.0,Medium - High (20-40%),0.0779373685224695,1.139686842612348,1.0,Low - Medium (5-25%),0.2532017480404663,2.340287364800246,2.0,Medium - High (20-40%),0.059158248777044,1.0457912438852202,1.0,Low - Medium (5-25%),0.261249082089136,2.3854259682259498,2.0,Medium - High (20-40%),0.0611727484030771,1.0558637420153856,1.0,Low - Medium (5-25%),0.2751554252973203,2.460246774868891,2.0,Medium - High (20-40%),0.0648263988360162,1.074131994180081,1.0,Low - Medium (5-25%),0.3244449428477767,2.697973678780196,2.0,Medium - High (20-40%),0.0778349894422317,1.139174947211159,1.0,Low - Medium (5-25%),0.3577280504885664,2.838863248649296,2.0,Medium - High (20-40%),0.0873073132740058,1.186536566370029,1.0,Low - Medium (5-25%),0.3982606701210013,2.993713014668198,2.0,Medium - High (20-40%),0.0956766760219581,1.2283833801097908,1.0,Low - Medium (5-25%),0.4210433817317072,3.073968887412379,3.0,High (40-80%),0.0989641212471049,1.2448206062355245,1.0,Low - Medium (5-25%),0.429560996452929,3.102863004546583,3.0,High (40-80%),0.1005848925436378,1.252924462718189,1.0,Low - Medium (5-25%),0.4775613154197409,3.2556859766519888,3.0,High (40-80%),0.111638054867667,1.3081902743383351,1.0,Low - Medium (5-25%),0.4213247910578755,3.0749328076257494,3.0,High (40-80%),0.09828204790445,1.2414102395222502,1.0,Low - Medium (5-25%),United States,Ohio
742679,0.3855015261627904,2.9467365716400007,2.0,Medium - High (20-40%),0.0904045606464307,1.2020228032321536,1.0,Low - Medium (5-25%),0.3832132854259846,2.9381475779998185,2.0,Medium - High (20-40%),0.0899022728710428,1.1995113643552142,1.0,Low - Medium (5-25%),0.2921178484117802,2.5465505095826675,2.0,Medium - High (20-40%),0.0687597137268311,1.0937985686341556,1.0,Low - Medium (5-25%),0.2926585109907602,2.5492182352224013,2.0,Medium - High (20-40%),0.069020696489058,1.09510348244529,1.0,Low - Medium (5-25%),0.2920027400192093,2.545981906754534,2.0,Medium - High (20-40%),0.0689869309700743,1.0949346548503718,1.0,Low - Medium (5-25%),0.3258036408765132,2.704002726162818,2.0,Medium - High (20-40%),0.0770618666690139,1.13530933334507,1.0,Low - Medium (5-25%),0.3244482456087753,2.6979883649473453,2.0,Medium - High (20-40%),0.076809736231692,1.1340486811584602,1.0,Low - Medium (5-25%),0.3678944928407728,2.879292080195711,2.0,Medium - High (20-40%),0.0871686287094954,1.185843143547477,1.0,Low - Medium (5-25%),0.3887458412502733,2.9588272415719867,2.0,Medium - High (20-40%),0.0920361008658899,1.2101805043294496,1.0,Low - Medium (5-25%),0.4197135418858146,3.069405011940362,3.0,High (40-80%),0.0991052741996954,1.2455263709984772,1.0,Low - Medium (5-25%),0.4464014490961177,3.1583417104117006,3.0,High (40-80%),0.1051044632807313,1.2755223164036569,1.0,Low - Medium (5-25%),0.4223812999029121,3.078545963639229,3.0,High (40-80%),0.0991919137229981,1.245959568614991,1.0,Low - Medium (5-25%),United States,Ohio
742679,0.3855015261627904,2.9467365716400007,2.0,Medium - High (20-40%),0.0904045606464307,1.2020228032321536,1.0,Low - Medium (5-25%),0.3832132854259846,2.9381475779998185,2.0,Medium - High (20-40%),0.0899022728710428,1.1995113643552142,1.0,Low - Medium (5-25%),0.2921178484117802,2.5465505095826675,2.0,Medium - High (20-40%),0.0687597137268311,1.0937985686341556,1.0,Low - Medium (5-25%),0.2926585109907602,2.5492182352224013,2.0,Medium - High (20-40%),0.069020696489058,1.09510348244529,1.0,Low - Medium (5-25%),0.2920027400192093,2.545981906754534,2.0,Medium - High (20-40%),0.0689869309700743,1.0949346548503718,1.0,Low - Medium (5-25%),0.3258036408765132,2.704002726162818,2.0,Medium - High (20-40%),0.0770618666690139,1.13530933334507,1.0,Low - Medium (5-25%),0.3244482456087753,2.6979883649473453,2.0,Medium - High (20-40%),0.076809736231692,1.1340486811584602,1.0,Low - Medium (5-25%),0.3678944928407728,2.879292080195711,2.0,Medium - High (20-40%),0.0871686287094954,1.185843143547477,1.0,Low - Medium (5-25%),0.3887458412502733,2.9588272415719867,2.0,Medium - High (20-40%),0.0920361008658899,1.2101805043294496,1.0,Low - Medium (5-25%),0.4197135418858146,3.069405011940362,3.0,High (40-80%),0.0991052741996954,1.2455263709984772,1.0,Low - Medium (5-25%),0.4464014490961177,3.1583417104117006,3.0,High (40-80%),0.1051044632807313,1.2755223164036569,1.0,Low - Medium (5-25%),0.4223812999029121,3.078545963639229,3.0,High (40-80%),0.0991919137229981,1.245959568614991,1.0,Low - Medium (5-25%),United States,Virginia
742688,0.0752481057580371,0.5897271700695919,0.0,Low (<10%),0.0189887226705765,0.379774453411531,0.0,Low (<5%),0.0668710397344061,0.4194534541349152,0.0,Low (<10%),0.0168850687391606,0.3377013747832134,0.0,Low (<5%),0.0525587750230571,0.0720035565575976,0.0,Low (<10%),0.0133346709770581,0.2666934195411634,0.0,Low (<5%),0.0480757953659149,0.0,0.0,Low (<10%),0.0122334887173089,0.2446697743461791,0.0,Low (<5%),0.0500735184211578,0.0021197352181254,0.0,Low (<10%),0.0127665643957712,0.2553312879154246,0.0,Low (<5%),0.0567465274835961,0.1826040167148669,0.0,Low (<10%),0.0144870553351272,0.2897411067025442,0.0,Low (<5%),0.0615876961850203,0.3007140673018947,0.0,Low (<10%),0.0157548009624847,0.3150960192496944,0.0,Low (<5%),0.0681606896579013,0.4470118381089079,0.0,Low (<10%),0.0174620598030236,0.3492411960604733,0.0,Low (<5%),0.0802359176773773,0.6823201100603933,0.0,Low (<10%),0.0205377565412179,0.4107551308243596,0.0,Low (<5%),0.0853855836720444,0.7720644138281063,0.0,Low (<10%),0.0217663212348621,0.4353264246972423,0.0,Low (<5%),0.0920549084441032,0.8805665544354577,0.0,Low (<10%),0.0233691021114382,0.4673820422287658,0.0,Low (<5%),0.0860861253016705,0.7838526390009971,0.0,Low (<10%),0.0217694712985704,0.4353894259714094,0.0,Low (<5%),United States,Virginia
742689,0.1851485652308779,1.888683369696864,1.0,Low - Medium (10-20%),0.0454563543429297,0.9091270868585952,0.0,Low (<5%),0.1860637716773643,1.8957971767863613,1.0,Low - Medium (10-20%),0.045709354619003,0.914187092380062,0.0,Low (<5%),0.14820456405405,1.5675898770415588,1.0,Low - Medium (10-20%),0.0365581230994029,0.7311624619880592,0.0,Low (<5%),0.1448925237024493,1.5349831553112034,1.0,Low - Medium (10-20%),0.0358818916071603,0.7176378321432076,0.0,Low (<5%),0.1499064024669023,1.584062001764729,1.0,Low - Medium (10-20%),0.037455880583192,0.7491176116638407,0.0,Low (<5%),0.1646029830147699,1.718990481212877,1.0,Low - Medium (10-20%),0.0421940561534971,0.8438811230699437,0.0,Low (<5%),0.1723892879992216,1.7856701303983602,1.0,Low - Medium (10-20%),0.0441540946300287,0.8830818926005745,0.0,Low (<5%),0.1915045336969022,1.937378547056833,1.0,Low - Medium (10-20%),0.0483025249202968,0.966050498405936,0.0,Low (<5%),0.2056583029497279,2.040249318289013,2.0,Medium - High (20-40%),0.0511385697774011,1.0056928488870058,1.0,Low - Medium (5-25%),0.2179370403696777,2.1239114163540376,2.0,Medium - High (20-40%),0.0539648525342687,1.0198242626713436,1.0,Low - Medium (5-25%),0.2353421480149175,2.2347597195709854,2.0,Medium - High (20-40%),0.0580829705569926,1.040414852784963,1.0,Low - Medium (5-25%),0.216725511263045,2.115868986409885,2.0,Medium - High (20-40%),0.0532987370438829,1.0164936852194149,1.0,Low - Medium (5-25%),United States,Virginia
742691,0.0025600088096842,0.0,0.0,Low (<10%),0.0006451342093693,0.0129026841873878,0.0,Low (<5%),0.0022279976243348,0.0,0.0,Low (<10%),0.0005619854346138,0.0112397086922775,0.0,Low (<5%),0.0016590952429974,0.0,0.0,Low (<10%),0.0004203644315194,0.0084072886303893,0.0,Low (<5%),0.0015798105969418,0.0,0.0,Low (<10%),0.0004015778830071,0.0080315576601432,0.0,Low (<5%),0.0015542289699353,0.0,0.0,Low (<10%),0.0003967186386561,0.0079343727731222,0.0,Low (<5%),0.0018692810017398,0.0,0.0,Low (<10%),0.0004793601887726,0.0095872037754534,0.0,Low (<5%),0.0021473031929336,0.0,0.0,Low (<10%),0.0005517171212456,0.0110343424249126,0.0,Low (<5%),0.0025503578801732,0.0,0.0,Low (<10%),0.0006540663389385,0.0130813267787714,0.0,Low (<5%),0.0029766943659175,0.0,0.0,Low (<10%),0.0007604620877764,0.0152092417555292,0.0,Low (<5%),0.0031369331012552,0.0,0.0,Low (<10%),0.0007986308085173,0.0159726161703475,0.0,Low (<5%),0.0034989979765702,0.0,0.0,Low (<10%),0.0008873340585778,0.017746681171557,0.0,Low (<5%),0.0031757423120079,0.0,0.0,Low (<10%),0.0008022426429089,0.0160448528581795,0.0,Low (<5%),United States,Ohio
742693,0.0012783644560982,0.0,0.0,Low (<10%),0.0002557390320522,0.0051147806410453,0.0,Low (<5%),0.0012784293064497,0.0,0.0,Low (<10%),0.0002565051760547,0.0051301035210942,0.0,Low (<5%),0.0010047451099889,0.0,0.0,Low (<10%),0.0002010294794359,0.0040205895887186,0.0,Low (<5%),0.0009275121198985,0.0,0.0,Low (<10%),0.0001859625441206,0.0037192508824126,0.0,Low (<5%),0.0009271575430097,0.0,0.0,Low (<10%),0.0001848413368284,0.0036968267365689,0.0,Low (<5%),0.0010425499728738,0.0,0.0,Low (<10%),0.0002084635086543,0.0041692701730873,0.0,Low (<5%),0.0011353597921762,0.0,0.0,Low (<10%),0.0002260419958409,0.0045208399168198,0.0,Low (<5%),0.0012717478899008,0.0,0.0,Low (<10%),0.0002535356141047,0.0050707122820952,0.0,Low (<5%),0.0014237374990518,0.0,0.0,Low (<10%),0.0002849340891217,0.0056986817824347,0.0,Low (<5%),0.0014907172360613,0.0,0.0,Low (<10%),0.0002977460276299,0.0059549205525981,0.0,Low (<5%),0.001636558044243,0.0,0.0,Low (<10%),0.0003285253104321,0.0065705062086429,0.0,Low (<5%),0.0014756273578165,0.0,0.0,Low (<10%),0.0002951254751831,0.0059025095036638,0.0,Low (<5%),United States,Ohio
742694,0.2650925111314343,2.4064959146180387,2.0,Medium - High (20-40%),0.0645382226781647,1.0726911133908237,1.0,Low - Medium (5-25%),0.2761242589034491,2.465317641501768,2.0,Medium - High (20-40%),0.0672455002981682,1.0862275014908414,1.0,Low - Medium (5-25%),0.2127914341650877,2.089440076890434,2.0,Medium - High (20-40%),0.0520225818279695,1.0101129091398475,1.0,Low - Medium (5-25%),0.2202781549079253,2.1393264293616685,2.0,Medium - High (20-40%),0.0539924069894686,1.0199620349473433,1.0,Low - Medium (5-25%),0.2295452245781561,2.19877841876744,2.0,Medium - High (20-40%),0.0566064295488673,1.0330321477443367,1.0,Low - Medium (5-25%),0.2573284816134061,2.363611146183091,2.0,Medium - High (20-40%),0.0639835565324502,1.0699177826622512,1.0,Low - Medium (5-25%),0.2820491516005745,2.4959465973452413,2.0,Medium - High (20-40%),0.0708582380971531,1.1042911904857655,1.0,Low - Medium (5-25%),0.3065431423625146,2.616090130661182,2.0,Medium - High (20-40%),0.0764807406075369,1.1324037030376846,1.0,Low - Medium (5-25%),0.3287487732043214,2.716985510692867,2.0,Medium - High (20-40%),0.0808860125931114,1.154430062965557,1.0,Low - Medium (5-25%),0.3381107370141417,2.7574958310526454,2.0,Medium - High (20-40%),0.0830029300344239,1.1650146501721197,1.0,Low - Medium (5-25%),0.359150260484866,2.8445875618813456,2.0,Medium - High (20-40%),0.0879004336625982,1.1895021683129912,1.0,Low - Medium (5-25%),0.3256379114956323,2.703268671172884,2.0,Medium - High (20-40%),0.0794291055271888,1.147145527635944,1.0,Low - Medium (5-25%),United States,Ohio
742695,0.0384617825680832,0.0,0.0,Low (<10%),0.0093217886406906,0.1864357728138138,0.0,Low (<5%),0.0388329671110052,0.0,0.0,Low (<10%),0.0094155608995899,0.1883112179917982,0.0,Low (<5%),0.0303076438134386,0.0,0.0,Low (<10%),0.0073773166105374,0.1475463322107487,0.0,Low (<5%),0.0276212254724038,0.0,0.0,Low (<10%),0.0067428777875583,0.1348575557511674,0.0,Low (<5%),0.0281007693843578,0.0,0.0,Low (<10%),0.0068842641994709,0.1376852839894183,0.0,Low (<5%),0.0321868541318265,0.0,0.0,Low (<10%),0.007924875817153,0.1584975163430609,0.0,Low (<5%),0.0354941333591972,0.0,0.0,Low (<10%),0.008780925922414,0.1756185184482812,0.0,Low (<5%),0.0392938165216677,0.0,0.0,Low (<10%),0.0097024847073913,0.1940496941478273,0.0,Low (<5%),0.0440049760144581,0.0,0.0,Low (<10%),0.0107881214469268,0.2157624289385375,0.0,Low (<5%),0.0459626021680069,0.0,0.0,Low (<10%),0.011235877663625,0.2247175532725015,0.0,Low (<5%),0.0494233395317767,0.0,0.0,Low (<10%),0.0120417588713385,0.2408351774267707,0.0,Low (<5%),0.0454224862136181,0.0,0.0,Low (<10%),0.01102964289438,0.2205928578876018,0.0,Low (<5%),United States,Ohio
742696,0.0527689662633618,0.0777616267272539,0.0,Low (<10%),0.0122150578261237,0.2443011565224753,0.0,Low (<5%),0.054516901719046,0.1247754789655888,0.0,Low (<10%),0.0126187899842182,0.2523757996843659,0.0,Low (<5%),0.0406534050421024,0.0,0.0,Low (<10%),0.0094371451872901,0.1887429037458031,0.0,Low (<5%),0.0370873712919607,0.0,0.0,Low (<10%),0.0086297112966182,0.1725942259323648,0.0,Low (<5%),0.0378928689753614,0.0,0.0,Low (<10%),0.0088508079156629,0.1770161583132591,0.0,Low (<5%),0.0442064702027572,0.0,0.0,Low (<10%),0.0103952748279315,0.2079054965586313,0.0,Low (<5%),0.0490040798954037,0.0,0.0,Low (<10%),0.011652079855514,0.2330415971102817,0.0,Low (<5%),0.0546410979741976,0.1280583789678501,0.0,Low (<10%),0.0129185521748086,0.2583710434961731,0.0,Low (<5%),0.062471618667171,0.3212728163646574,0.0,Low (<10%),0.0145790428566798,0.2915808571335975,0.0,Low (<5%),0.0653627919720168,0.3865415146389898,0.0,Low (<10%),0.0152258836699992,0.3045176733999845,0.0,Low (<5%),0.0704219267028826,0.4940966041493674,0.0,Low (<10%),0.0163646436391887,0.3272928727837757,0.0,Low (<5%),0.0636229298621543,0.3476187152213417,0.0,Low (<10%),0.0147480282008871,0.2949605640177437,0.0,Low (<5%),United States,Ohio
742701,0.0005118046170515,0.0,0.0,Low (<10%),0.0001291729655387,0.0025834593107745,0.0,Low (<5%),0.0005068276881295,0.0,0.0,Low (<10%),0.0001280578069353,0.0025611561387071,0.0,Low (<5%),0.0003647319024123,0.0,0.0,Low (<10%),9.263245457054332e-05,0.0018526490914108,0.0,Low (<5%),0.0002783510410899,0.0,0.0,Low (<10%),7.272475507803928e-05,0.0014544951015607,0.0,Low (<5%),0.0002922734070102,0.0,0.0,Low (<10%),0.0001163052375078,0.0023261047501575,0.0,Low (<5%),0.0004762622570808,0.0,0.0,Low (<10%),0.0002718999302023,0.0054379986040466,0.0,Low (<5%),0.000617420880652,0.0,0.0,Low (<10%),0.0002856777420407,0.0057135548408144,0.0,Low (<5%),0.0007724917163249,0.0,0.0,Low (<10%),0.0003020629755876,0.0060412595117528,0.0,Low (<5%),0.0006763202137202,0.0,0.0,Low (<10%),0.0001978548707799,0.0039570974155995,0.0,Low (<5%),0.0005605853239611,0.0,0.0,Low (<10%),0.0001398329968877,0.002796659937754,0.0,Low (<5%),0.0005357724603942,0.0,0.0,Low (<10%),0.0001359437704821,0.0027188754096431,0.0,Low (<5%),0.0005691130476387,0.0,0.0,Low (<10%),0.0001439428786839,0.0028788575736789,0.0,Low (<5%),United States,Illinois
742703,0.0006611711518584,0.0,0.0,Low (<10%),0.0001481323409566,0.0029626468191321,0.0,Low (<5%),0.0006483813049618,0.0,0.0,Low (<10%),0.000145345519988,0.0029069103997614,0.0,Low (<5%),0.0004802594475296,0.0,0.0,Low (<10%),0.0001079801079992,0.0021596021599852,0.0,Low (<5%),0.0003587669209221,0.0,0.0,Low (<10%),8.168881049430032e-05,0.001633776209886,0.0,Low (<5%),0.0003179320719368,0.0,0.0,Low (<10%),8.048567791945398e-05,0.001609713558389,0.0,Low (<5%),0.0003739193887353,0.0,0.0,Low (<10%),0.0001102823595009,0.0022056471900193,0.0,Low (<5%),0.0004315484477473,0.0,0.0,Low (<10%),0.0001220791895541,0.0024415837910833,0.0,Low (<5%),0.0006279060344069,0.0,0.0,Low (<10%),0.0001626448716951,0.0032528974339023,0.0,Low (<5%),0.0006657599258492,0.0,0.0,Low (<10%),0.0001550282359561,0.003100564719123,0.0,Low (<5%),0.0006694321446911,0.0,0.0,Low (<10%),0.0001515288116247,0.0030305762324954,0.0,Low (<5%),0.0006918559139637,0.0,0.0,Low (<10%),0.0001554688957536,0.0031093779150722,0.0,Low (<5%),0.0007178439577993,0.0,0.0,Low (<10%),0.000161016342539,0.0032203268507812,0.0,Low (<5%),United States,Illinois
742704,0.2790422233403223,2.4804834403152007,2.0,Medium - High (20-40%),0.0718802899940592,1.1094014499702962,1.0,Low - Medium (5-25%),0.2806177390153042,2.488606210598954,2.0,Medium - High (20-40%),0.0723819294327316,1.1119096471636585,1.0,Low - Medium (5-25%),0.177094219986091,1.8245171260735515,1.0,Low - Medium (10-20%),0.0459062798547495,0.9181255970949908,0.0,Low (<5%),0.1848636782593133,1.886461794008293,1.0,Low - Medium (10-20%),0.0481389690658283,0.9627793813165662,0.0,Low (<5%),0.1907773237954398,1.931889699686889,1.0,Low - Medium (10-20%),0.0501899906506599,1.0009499532533,1.0,Low - Medium (5-25%),0.2755542894283029,2.462336585122787,2.0,Medium - High (20-40%),0.0735191610697853,1.117595805348927,1.0,Low - Medium (5-25%),0.3425313970966903,2.776236234378712,2.0,Medium - High (20-40%),0.0915258159041829,1.2076290795209146,1.0,Low - Medium (5-25%),0.4528968145775569,3.179182392315109,3.0,High (40-80%),0.1196423460861522,1.3482117304307613,1.0,Low - Medium (5-25%),0.5078301264053041,3.344345983654786,3.0,High (40-80%),0.1329089115492175,1.4145445577460878,1.0,Low - Medium (5-25%),0.5216419236791593,3.383059821742074,3.0,High (40-80%),0.1358252658629326,1.429126329314663,1.0,Low - Medium (5-25%),0.4305903929795528,3.106316131499172,3.0,High (40-80%),0.1116430083578117,1.3082150417890588,1.0,Low - Medium (5-25%),0.3303669156938731,2.7240692165567872,2.0,Medium - High (20-40%),0.0852744758778634,1.1763723793893175,1.0,Low - Medium (5-25%),United States,Illinois
742705,0.0010208446724378,0.0,0.0,Low (<10%),0.0002594378881875,0.0051887577637518,0.0,Low (<5%),0.000996821488401,0.0,0.0,Low (<10%),0.0002536800201987,0.005073600403975,0.0,Low (<5%),0.0007396467005887,0.0,0.0,Low (<10%),0.0001890377689585,0.0037807553791717,0.0,Low (<5%),0.0005470691505291,0.0,0.0,Low (<10%),0.0001402505622235,0.0028050112444719,0.0,Low (<5%),0.0004607082322356,0.0,0.0,Low (<10%),0.000118628795033,0.0023725759006601,0.0,Low (<5%),0.0005145758051385,0.0,0.0,Low (<10%),0.000133039689081,0.0026607937816202,0.0,Low (<5%),0.000580720876892,0.0,0.0,Low (<10%),0.0001500789790114,0.0030015795802292,0.0,Low (<5%),0.0008358135736269,0.0,0.0,Low (<10%),0.0002151477920104,0.0043029558402085,0.0,Low (<5%),0.0009574574563452,0.0,0.0,Low (<10%),0.0002463674008551,0.0049273480171022,0.0,Low (<5%),0.0010202881758885,0.0,0.0,Low (<10%),0.0002623447612046,0.0052468952240926,0.0,Low (<5%),0.0010646967853434,0.0,0.0,Low (<10%),0.0002723617664314,0.0054472353286283,0.0,Low (<5%),0.0011216925019175,0.0,0.0,Low (<10%),0.0002856639252898,0.0057132785057965,0.0,Low (<5%),United States,Illinois
742706,0.2254086242913388,2.172542715085638,2.0,Medium - High (20-40%),0.056494446038807,1.0324722301940352,1.0,Low - Medium (5-25%),0.2467260309792077,2.302909936081585,2.0,Medium - High (20-40%),0.0619154600790565,1.0595773003952826,1.0,Low - Medium (5-25%),0.2057692587713731,2.0410274645894524,2.0,Medium - High (20-40%),0.051865663916443,1.0093283195822154,1.0,Low - Medium (5-25%),0.1790686580658927,1.8405128481570767,1.0,Low - Medium (10-20%),0.0453350537513915,0.90670107502783,0.0,Low (<5%),0.1663281648921841,1.734032485581273,1.0,Low - Medium (10-20%),0.0432559062900648,0.8651181258012975,0.0,Low (<5%),0.2057099751798677,2.040611753967842,2.0,Medium - High (20-40%),0.0563634063192122,1.0318170315960613,1.0,Low - Medium (5-25%),0.2842619371206691,2.507220934036396,2.0,Medium - High (20-40%),0.077744690254873,1.1387234512743651,1.0,Low - Medium (5-25%),0.3736221629617345,2.9015800370781406,2.0,Medium - High (20-40%),0.0983238142869263,1.2416190714346316,1.0,Low - Medium (5-25%),0.3742731797177175,2.904091668930924,2.0,Medium - High (20-40%),0.0956224716797235,1.2281123583986178,1.0,Low - Medium (5-25%),0.4002920195569309,3.0010528536459926,3.0,High (40-80%),0.1012092870716783,1.2560464353583916,1.0,Low - Medium (5-25%),0.358936291979035,2.843727801145413,2.0,Medium - High (20-40%),0.090512635318743,1.2025631765937153,1.0,Low - Medium (5-25%),0.3054152625485204,2.610772159884825,2.0,Medium - High (20-40%),0.0766876834401441,1.1334384172007206,1.0,Low - Medium (5-25%),United States,Illinois
742707,0.0022945928858372,0.0,0.0,Low (<10%),0.0005002746367272,0.0100054927345451,0.0,Low (<5%),0.0021945979335698,0.0,0.0,Low (<10%),0.0004785177977587,0.0095703559551754,0.0,Low (<5%),0.0016219399784258,0.0,0.0,Low (<10%),0.0003543280804665,0.0070865616093314,0.0,Low (<5%),0.0011871130806627,0.0,0.0,Low (<10%),0.0002597413524496,0.0051948270489933,0.0,Low (<5%),0.000928188454079,0.0,0.0,Low (<10%),0.0002045897674722,0.0040917953494449,0.0,Low (<5%),0.0010619216256802,0.0,0.0,Low (<10%),0.0002370257898034,0.0047405157960688,0.0,Low (<5%),0.0012693015100943,0.0,0.0,Low (<10%),0.0002827443064721,0.0056548861294429,0.0,Low (<5%),0.001758950434637,0.0,0.0,Low (<10%),0.0003880750298759,0.0077615005975186,0.0,Low (<5%),0.0020470916807427,0.0,0.0,Low (<10%),0.0004491299661214,0.0089825993224285,0.0,Low (<5%),0.0021976145026229,0.0,0.0,Low (<10%),0.0004807591548707,0.0096151830974153,0.0,Low (<5%),0.0025209061967455,0.0,0.0,Low (<10%),0.0005507922283471,0.011015844566943,0.0,Low (<5%),0.0024540398774566,0.0,0.0,Low (<10%),0.0005354048242189,0.0107080964843787,0.0,Low (<5%),United States,Illinois
742708,0.0051746340572844,0.0,0.0,Low (<10%),0.0011448322693954,0.0228966453879081,0.0,Low (<5%),0.0051006224434854,0.0,0.0,Low (<10%),0.0011284809619392,0.0225696192387859,0.0,Low (<5%),0.0037087455252614,0.0,0.0,Low (<10%),0.0008221003316703,0.0164420066334062,0.0,Low (<5%),0.002751993432028,0.0,0.0,Low (<10%),0.0006102028786688,0.0122040575733769,0.0,Low (<5%),0.0022390044838001,0.0,0.0,Low (<10%),0.0004953181394502,0.0099063627890058,0.0,Low (<5%),0.0026118301945708,0.0,0.0,Low (<10%),0.000576064955952,0.0115212991190413,0.0,Low (<5%),0.0029651485337165,0.0,0.0,Low (<10%),0.0006548396889854,0.0130967937797094,0.0,Low (<5%),0.0041446879372893,0.0,0.0,Low (<10%),0.0009171227455882,0.0183424549117655,0.0,Low (<5%),0.0045921462503716,0.0,0.0,Low (<10%),0.0010189618744319,0.0203792374886387,0.0,Low (<5%),0.0049999544932273,0.0,0.0,Low (<10%),0.0011106407279213,0.0222128145584268,0.0,Low (<5%),0.0054129597666324,0.0,0.0,Low (<10%),0.0012002816803807,0.0240056336076147,0.0,Low (<5%),0.0052744003368071,0.0,0.0,Low (<10%),0.0011677667817983,0.0233553356359666,0.0,Low (<5%),United States,Illinois
742709,0.0059630003029077,0.0,0.0,Low (<10%),0.0012099305082132,0.0241986101642653,0.0,Low (<5%),0.0057681591030679,0.0,0.0,Low (<10%),0.0011695818057317,0.0233916361146353,0.0,Low (<5%),0.0042923453543223,0.0,0.0,Low (<10%),0.000871020956002,0.0174204191200413,0.0,Low (<5%),0.0032353570788956,0.0,0.0,Low (<10%),0.0006565943330893,0.0131318866617878,0.0,Low (<5%),0.0026907413733289,0.0,0.0,Low (<10%),0.0005489880437808,0.0109797608756163,0.0,Low (<5%),0.0029914782979538,0.0,0.0,Low (<10%),0.0006207448877117,0.0124148977542341,0.0,Low (<5%),0.003430592271989,0.0,0.0,Low (<10%),0.000712236817474,0.0142447363494812,0.0,Low (<5%),0.0048364925820257,0.0,0.0,Low (<10%),0.0009911273082612,0.0198225461652251,0.0,Low (<5%),0.0059988575599864,0.0,0.0,Low (<10%),0.0012192140013099,0.0243842800261986,0.0,Low (<5%),0.0059572903045313,0.0,0.0,Low (<10%),0.0012086200397784,0.0241724007955686,0.0,Low (<5%),0.0063019069040557,0.0,0.0,Low (<10%),0.0012784386996393,0.0255687739927875,0.0,Low (<5%),0.0065353075043899,0.0,0.0,Low (<10%),0.0013260600148073,0.0265212002961466,0.0,Low (<5%),United States,Illinois
742810,0.3689910947315563,2.883585998557615,2.0,Medium - High (20-40%),0.0899589507690012,1.1997947538450062,1.0,Low - Medium (5-25%),0.3939081291773531,2.977859190505744,2.0,Medium - High (20-40%),0.0961417528456121,1.2307087642280607,1.0,Low - Medium (5-25%),0.2963588923717699,2.5673453468194536,2.0,Medium - High (20-40%),0.0726072576086716,1.1130362880433582,1.0,Low - Medium (5-25%),0.2728683873918047,2.448205263813797,2.0,Medium - High (20-40%),0.0671189355108902,1.0855946775544512,1.0,Low - Medium (5-25%),0.2686663661003219,2.425815724040209,2.0,Medium - High (20-40%),0.0682169587003453,1.091084793501727,1.0,Low - Medium (5-25%),0.2944001053467766,2.557778187642361,2.0,Medium - High (20-40%),0.0812763450151132,1.156381725075566,1.0,Low - Medium (5-25%),0.3980400286203449,2.9929135216940974,2.0,Medium - High (20-40%),0.1103004638889901,1.3015023194449509,1.0,Low - Medium (5-25%),0.480963781697075,3.2659282579592457,3.0,High (40-80%),0.1249788165893178,1.374894082946589,1.0,Low - Medium (5-25%),0.4602897917130875,3.2025424468889425,3.0,High (40-80%),0.1147008977003211,1.3235044885016056,1.0,Low - Medium (5-25%),0.4948791937090847,3.307076388004629,3.0,High (40-80%),0.1214740337945127,1.3573701689725637,1.0,Low - Medium (5-25%),0.5213253534204924,3.3821840236871874,3.0,High (40-80%),0.1277511536935566,1.388755768467783,1.0,Low - Medium (5-25%),0.4420017863537707,3.144052200292088,3.0,High (40-80%),0.1079193048893492,1.2895965244467464,1.0,Low - Medium (5-25%),United States,Illinois
742821,0.0284014701188807,0.0,0.0,Low (<10%),0.0075155563455952,0.150311126911904,0.0,Low (<5%),0.0255877918458275,0.0,0.0,Low (<10%),0.0067833410342203,0.1356668206844065,0.0,Low (<5%),0.0181792515402222,0.0,0.0,Low (<10%),0.0048435479525837,0.0968709590516751,0.0,Low (<5%),0.014645914385743,0.0,0.0,Low (<10%),0.0039260019386251,0.0785200387725037,0.0,Low (<5%),0.0144485360796418,0.0,0.0,Low (<10%),0.004024343684896,0.0804868736979207,0.0,Low (<5%),0.0188601211713215,0.0,0.0,Low (<10%),0.0060521664325571,0.1210433286511421,0.0,Low (<5%),0.0272466533102263,0.0,0.0,Low (<10%),0.0094315007941055,0.1886300158821105,0.0,Low (<5%),0.0337994380469805,0.0,0.0,Low (<10%),0.0101798893925478,0.2035977878509562,0.0,Low (<5%),0.0363015838479768,0.0,0.0,Low (<10%),0.0097264419038226,0.1945288380764528,0.0,Low (<5%),0.0417130307727534,0.0,0.0,Low (<10%),0.0111025196457066,0.2220503929141337,0.0,Low (<5%),0.046943327238092,0.0,0.0,Low (<10%),0.0125179911696208,0.2503598233924178,0.0,Low (<5%),0.0413733075857739,0.0,0.0,Low (<10%),0.0109749746544746,0.2194994930894926,0.0,Low (<5%),United States,Illinois
742822,0.0957211004389915,0.93690888774699,0.0,Low (<10%),0.0223550542518296,0.4471010850365938,0.0,Low (<5%),0.0834492517286943,0.738971018425594,0.0,Low (<10%),0.0194997724720068,0.3899954494401368,0.0,Low (<5%),0.0588840287182746,0.235948285968193,0.0,Low (<10%),0.0138041414732456,0.2760828294649123,0.0,Low (<5%),0.0478361845334102,0.0,0.0,Low (<10%),0.0112487324427913,0.2249746488558261,0.0,Low (<5%),0.0465842299453807,0.0,0.0,Low (<10%),0.0111864101829709,0.2237282036594198,0.0,Low (<5%),0.0642570855136727,0.3619274515876087,0.0,Low (<10%),0.0181260522292498,0.3625210445849964,0.0,Low (<5%),0.0935090870974399,0.9031784762454216,0.0,Low (<10%),0.0296066776977674,0.5921335539553498,0.0,Low (<5%),0.1238109142844128,1.3081384978312582,1.0,Low - Medium (10-20%),0.0345940601100537,0.6918812022010744,0.0,Low (<5%),0.1347967128409214,1.4307853153185504,1.0,Low - Medium (10-20%),0.0319103033066161,0.6382060661323224,0.0,Low (<5%),0.1595465473631669,1.673977388586307,1.0,Low - Medium (10-20%),0.0373053152081996,0.7461063041639922,0.0,Low (<5%),0.1758231993967281,1.8141254427588984,1.0,Low - Medium (10-20%),0.0412327187830336,0.8246543756606738,0.0,Low (<5%),0.1501034649631906,1.5859572802731567,1.0,Low - Medium (10-20%),0.0351019733041122,0.702039466082244,0.0,Low (<5%),United States,Illinois
742823,0.0018301070657171,0.0,0.0,Low (<10%),0.0005613415079425,0.0112268301588507,0.0,Low (<5%),0.0016123553455142,0.0,0.0,Low (<10%),0.000495724645159,0.0099144929031808,0.0,Low (<5%),0.0011268695273734,0.0,0.0,Low (<10%),0.0003489739577257,0.0069794791545144,0.0,Low (<5%),0.0009023169584228,0.0,0.0,Low (<10%),0.0002817794750975,0.0056355895019515,0.0,Low (<5%),0.0008887674142437,0.0,0.0,Low (<10%),0.0002971082728809,0.0059421654576196,0.0,Low (<5%),0.0014941759296493,0.0,0.0,Low (<10%),0.0007541757072707,0.0150835141454151,0.0,Low (<5%),0.0032611199887204,0.0,0.0,Low (<10%),0.0019178187247669,0.0383563744953386,0.0,Low (<5%),0.004042688647407,0.0,0.0,Low (<10%),0.0018152033023206,0.0363040660464126,0.0,Low (<5%),0.003217235684147,0.0,0.0,Low (<10%),0.000924455217263,0.0184891043452616,0.0,Low (<5%),0.0031741844473909,0.0,0.0,Low (<10%),0.0009543170028353,0.0190863400567074,0.0,Low (<5%),0.0034620721254658,0.0,0.0,Low (<10%),0.0010735609550845,0.0214712191016917,0.0,Low (<5%),0.0029932026020257,0.0,0.0,Low (<10%),0.0009212856707221,0.0184257134144422,0.0,Low (<5%),United States,Illinois
742824,0.2144350538199005,2.100540763250885,2.0,Medium - High (20-40%),0.0536218394319981,1.0181091971599907,1.0,Low - Medium (5-25%),0.2028662290434993,2.0205287209519853,2.0,Medium - High (20-40%),0.0507959154712414,1.0039795773562077,1.0,Low - Medium (5-25%),0.1413437418283849,1.499208007449044,1.0,Low - Medium (10-20%),0.0355731465893254,0.7114629317865095,0.0,Low (<5%),0.1380146790773114,1.46482171849474,1.0,Low - Medium (10-20%),0.0349230255485938,0.698460510971876,0.0,Low (<5%),0.1264062918765881,1.3380682754868312,1.0,Low - Medium (10-20%),0.032903340795027,0.6580668159005401,0.0,Low (<5%),0.1396807892133097,1.482133615504042,1.0,Low - Medium (10-20%),0.0419422309114168,0.8388446182283364,0.0,Low (<5%),0.1885304939392768,1.9147978916473107,1.0,Low - Medium (10-20%),0.0623298280460265,1.061649140230133,1.0,Low - Medium (5-25%),0.2687006084191307,2.425999588051,2.0,Medium - High (20-40%),0.0777769155724325,1.138884577862163,1.0,Low - Medium (5-25%),0.289262048903914,2.5323770545164708,2.0,Medium - High (20-40%),0.0734623715844237,1.117311857922119,1.0,Low - Medium (5-25%),0.3511323869099605,2.812015070213242,2.0,Medium - High (20-40%),0.0882539334231091,1.1912696671155458,1.0,Low - Medium (5-25%),0.3161991211378535,2.660833357791722,2.0,Medium - High (20-40%),0.0796061844768176,1.148030922384088,1.0,Low - Medium (5-25%),0.302198725352444,2.595497575355203,2.0,Medium - High (20-40%),0.0757221672522642,1.1286108362613212,1.0,Low - Medium (5-25%),United States,Illinois
742825,0.1259969519369783,1.3333888331014174,1.0,Low - Medium (10-20%),0.0300196499000313,0.6003929980006267,0.0,Low (<5%),0.1143489706088886,1.193443378393782,1.0,Low - Medium (10-20%),0.0272652572773755,0.5453051455475116,0.0,Low (<5%),0.0788330181209493,0.6568719142652599,0.0,Low (<10%),0.0188697380978962,0.3773947619579252,0.0,Low (<5%),0.0710151281136329,0.5061982949365891,0.0,Low (<10%),0.0170658106649979,0.3413162132999591,0.0,Low (<5%),0.0750117280111835,0.5851880823317772,0.0,Low (<10%),0.0185227568298439,0.3704551365968794,0.0,Low (<5%),0.1083726584064808,1.116000821665298,1.0,Low - Medium (10-20%),0.0318084650927018,0.6361693018540376,0.0,Low (<5%),0.1503111338593517,1.5879518766445415,1.0,Low - Medium (10-20%),0.0491901872046304,0.9838037440926096,0.0,Low (<5%),0.1908645659467359,1.9325492909141988,1.0,Low - Medium (10-20%),0.0547157972213416,1.0235789861067084,1.0,Low - Medium (5-25%),0.1981041893409559,1.9862593894526144,1.0,Low - Medium (10-20%),0.0479576225629304,0.9591524512586088,0.0,Low (<5%),0.2447169817914309,2.291114218688276,2.0,Medium - High (20-40%),0.0584640736851918,1.0423203684259592,1.0,Low - Medium (5-25%),0.2712815996739566,2.439791196682114,2.0,Medium - High (20-40%),0.0649534916618662,1.074767458309331,1.0,Low - Medium (5-25%),0.22585916462772,2.175423454819093,2.0,Medium - High (20-40%),0.0538966725655606,1.019483362827803,1.0,Low - Medium (5-25%),United States,Illinois
742826,0.8722726525495473,4.124779159082349,4.0,Extremely High (>80%),0.1871481558799998,1.6857407793999992,1.0,Low - Medium (5-25%),0.7351534503645437,3.8780454186204745,3.0,High (40-80%),0.1577220767557168,1.5386103837785845,1.0,Low - Medium (5-25%),0.381453536341955,2.9315073376065683,2.0,Medium - High (20-40%),0.0819816674969291,1.1599083374846455,1.0,Low - Medium (5-25%),0.3166022286469484,2.6626714110233687,2.0,Medium - High (20-40%),0.0681237125418594,1.0906185627092977,1.0,Low - Medium (5-25%),0.3709923717600643,2.8913895228647624,2.0,Medium - High (20-40%),0.080254814843595,1.1512740742179752,1.0,Low - Medium (5-25%),0.5406873611627088,3.434794633096451,3.0,High (40-80%),0.1203842017336643,1.3519210086683218,1.0,Low - Medium (5-25%),0.720864292447858,3.849727687981749,3.0,High (40-80%),0.1674790694512237,1.5873953472561186,1.0,Low - Medium (5-25%),0.9198447515657808,4.20139038829348,4.0,Extremely High (>80%),0.2060533056083097,1.7802665280415484,1.0,Low - Medium (5-25%),1.0337034504909726,4.369750458617261,4.0,Extremely High (>80%),0.2231189971768471,1.865594985884236,1.0,Low - Medium (5-25%),1.21817733355891,4.606652260663271,4.0,Extremely High (>80%),0.2620645618218299,2.04825824728732,2.0,Medium - High (25-50%),1.331408325186909,4.734881189337887,4.0,Extremely High (>80%),0.2861438268423741,2.1445753073694966,2.0,Medium - High (25-50%),1.2551366132587498,4.649772495353842,4.0,Extremely High (>80%),0.2694481678376536,2.0777926713506143,2.0,Medium - High (25-50%),United States,Illinois
742827,0.3750634673270363,2.9071347456096337,2.0,Medium - High (20-40%),0.0793177160366368,1.1465885801831843,1.0,Low - Medium (5-25%),0.3493369261625371,2.804619148818918,2.0,Medium - High (20-40%),0.0738492199996843,1.1192460999984215,1.0,Low - Medium (5-25%),0.2640440053472058,2.400778387938299,2.0,Medium - High (20-40%),0.0558962275703933,1.0294811378519668,1.0,Low - Medium (5-25%),0.2696083724817361,2.430865299006149,2.0,Medium - High (20-40%),0.0571157440090219,1.0355787200451096,1.0,Low - Medium (5-25%),0.3134490815740481,2.648231102590646,2.0,Medium - High (20-40%),0.0666488404185237,1.0832442020926187,1.0,Low - Medium (5-25%),0.4661612671382816,3.220829137394814,3.0,High (40-80%),0.102084271988261,1.2604213599413052,1.0,Low - Medium (5-25%),0.5539988949952076,3.46988309868146,3.0,High (40-80%),0.1247908777839537,1.3739543889197687,1.0,Low - Medium (5-25%),0.7211401043859776,3.850279576063463,3.0,High (40-80%),0.1587038308515551,1.5435191542577755,1.0,Low - Medium (5-25%),0.7799541471418394,3.963389311621626,3.0,High (40-80%),0.1658170272769238,1.579085136384619,1.0,Low - Medium (5-25%),0.9221748221164674,4.2050402767847785,4.0,Extremely High (>80%),0.1951499240178426,1.7257496200892133,1.0,Low - Medium (5-25%),0.9609830556763832,4.264510993218415,4.0,Extremely High (>80%),0.2033691912529072,1.766845956264536,1.0,Low - Medium (5-25%),0.8075466140595443,4.013545538978784,4.0,Extremely High (>80%),0.1708374461729352,1.6041872308646763,1.0,Low - Medium (5-25%),United States,Illinois
742828,0.1861229132239442,1.8962556736651632,1.0,Low - Medium (10-20%),0.045274810351752,0.905496207035041,0.0,Low (<5%),0.1522196590601426,1.606154693907356,1.0,Low - Medium (10-20%),0.0370669711609054,0.741339423218109,0.0,Low (<5%),0.1151078293468156,1.2029859653178805,1.0,Low - Medium (10-20%),0.0281569870997155,0.5631397419943117,0.0,Low (<5%),0.1214611398643024,1.2804948134810945,1.0,Low - Medium (10-20%),0.0299017964868084,0.5980359297361699,0.0,Low (<5%),0.1596647627375373,1.6750459518656218,1.0,Low - Medium (10-20%),0.0406033594585333,0.812067189170666,0.0,Low (<5%),0.3006001464275659,2.5878457120163256,2.0,Medium - High (20-40%),0.0973750118894537,1.2368750594472688,1.0,Low - Medium (5-25%),0.4278052590275494,3.096954217721121,3.0,High (40-80%),0.1514833944170323,1.5074169720851618,1.0,Low - Medium (5-25%),0.7069696460105064,3.821648273747258,3.0,High (40-80%),0.23043580625282,1.9021790312641005,1.0,Low - Medium (5-25%),0.8211241020851223,4.037600282821849,4.0,Extremely High (>80%),0.2075406736558892,1.787703368279446,1.0,Low - Medium (5-25%),0.8784958038087334,4.135035395125183,4.0,Extremely High (>80%),0.2141794817180088,1.8208974085900445,1.0,Low - Medium (5-25%),0.9161381862090892,4.19556522443847,4.0,Extremely High (>80%),0.2240099596430995,1.870049798215498,1.0,Low - Medium (5-25%),0.5884750001181273,3.556981127291414,3.0,High (40-80%),0.1434444774613865,1.4672223873069328,1.0,Low - Medium (5-25%),United States,Illinois
742829,0.2134846501235239,2.094132341570412,2.0,Medium - High (20-40%),0.049508658909062,0.9901731781812412,0.0,Low (<5%),0.2259911861062775,2.1762665071151304,2.0,Medium - High (20-40%),0.0524192153796785,1.0120960768983926,1.0,Low - Medium (5-25%),0.1617429308794961,1.6937026593092182,1.0,Low - Medium (10-20%),0.0376200688522642,0.7524013770452843,0.0,Low (<5%),0.1799803996310443,1.8478398015839632,1.0,Low - Medium (10-20%),0.0420499414595503,0.8409988291910077,0.0,Low (<5%),0.2492716597062365,2.3177188686881443,2.0,Medium - High (20-40%),0.0593206340576216,1.046603170288108,1.0,Low - Medium (5-25%),0.4823579043384706,3.2701040078763093,3.0,High (40-80%),0.1515758065705018,1.5078790328525091,1.0,Low - Medium (5-25%),0.7176663326109347,3.843313242133043,3.0,High (40-80%),0.2701132593397285,2.080453037358914,2.0,Medium - High (25-50%),1.2225053535578614,4.611768877884476,4.0,Extremely High (>80%),0.4249660977603602,2.699864391041441,2.0,Medium - High (25-50%),1.343770285589988,4.748214628714429,4.0,Extremely High (>80%),0.3259803099306602,2.3039212397226407,2.0,Medium - High (25-50%),1.4039046079976671,4.81137300613943,4.0,Extremely High (>80%),0.3249910390176561,2.299964156070624,2.0,Medium - High (25-50%),1.2917853728601203,4.691294484399053,4.0,Extremely High (>80%),0.300585803794846,2.202343215179384,2.0,Medium - High (25-50%),0.7969110957417141,3.994418784583645,3.0,High (40-80%),0.1850765195827665,1.6753825979138328,1.0,Low - Medium (5-25%),United States,Illinois
742830,0.0197100936338019,0.0,0.0,Low (<10%),0.0046262461469102,0.0925249229382047,0.0,Low (<5%),0.0173420655473939,0.0,0.0,Low (<10%),0.0040930326348607,0.081860652697214,0.0,Low (<5%),0.0116455016926241,0.0,0.0,Low (<10%),0.0027453807585913,0.0549076151718277,0.0,Low (<5%),0.0082806866282351,0.0,0.0,Low (<10%),0.0019791740184953,0.0395834803699064,0.0,Low (<5%),0.0083032899606918,0.0,0.0,Low (<10%),0.0022343573351536,0.044687146703073,0.0,Low (<5%),0.0103254391721162,0.0,0.0,Low (<10%),0.0031003310047744,0.0620066200954889,0.0,Low (<5%),0.0138991953011482,0.0,0.0,Low (<10%),0.0042732661467653,0.0854653229353066,0.0,Low (<5%),0.0181476890513162,0.0,0.0,Low (<10%),0.0049261161743655,0.0985223234873115,0.0,Low (<5%),0.0198161756067207,0.0,0.0,Low (<10%),0.0047263554642787,0.0945271092855757,0.0,Low (<5%),0.0208295604051359,0.0,0.0,Low (<10%),0.004897059904622,0.0979411980924404,0.0,Low (<5%),0.0225245366834685,0.0,0.0,Low (<10%),0.005311919634507,0.1062383926901404,0.0,Low (<5%),0.0229948720670062,0.0,0.0,Low (<10%),0.0054067967709449,0.1081359354188986,0.0,Low (<5%),United States,Illinois
742850,0.0540261810233148,0.1117306101494063,0.0,Low (<10%),0.0120466379358023,0.2409327587160474,0.0,Low (<5%),0.0484802056858655,0.0,0.0,Low (<10%),0.0108139417917329,0.2162788358346586,0.0,Low (<5%),0.0260683731878962,0.0,0.0,Low (<10%),0.0058330376749281,0.1166607534985626,0.0,Low (<5%),0.0150118241494355,0.0,0.0,Low (<10%),0.0033690737896893,0.0673814757937878,0.0,Low (<5%),0.0135559558362378,0.0,0.0,Low (<10%),0.0030846398312872,0.0616927966257457,0.0,Low (<5%),0.0180003958097397,0.0,0.0,Low (<10%),0.0044692981120716,0.0893859622414339,0.0,Low (<5%),0.0241976516480993,0.0,0.0,Low (<10%),0.0064557246534031,0.1291144930680639,0.0,Low (<5%),0.0337624279491881,0.0,0.0,Low (<10%),0.0082300026159053,0.1646000523181066,0.0,Low (<5%),0.0411517135042314,0.0,0.0,Low (<10%),0.0092756341613375,0.1855126832267508,0.0,Low (<5%),0.045647637106941,0.0,0.0,Low (<10%),0.0101930086646952,0.2038601732939052,0.0,Low (<5%),0.0491533224238754,0.0,0.0,Low (<10%),0.0109972634707543,0.2199452694150867,0.0,Low (<5%),0.0526647393096884,0.0749092607337391,0.0,Low (<10%),0.0117549955457493,0.2350999109149878,0.0,Low (<5%),United States,Illinois
742871,0.0072911065424208,0.0,0.0,Low (<10%),0.0015569643860341,0.0311392877206839,0.0,Low (<5%),0.0069611374416418,0.0,0.0,Low (<10%),0.0014862912256094,0.029725824512188,0.0,Low (<5%),0.0035235216397373,0.0,0.0,Low (<10%),0.0007541310371555,0.0150826207431111,0.0,Low (<5%),0.0018777983610248,0.0,0.0,Low (<10%),0.0004029602535085,0.0080592050701705,0.0,Low (<5%),0.0018545037829802,0.0,0.0,Low (<10%),0.0004045507329645,0.0080910146592919,0.0,Low (<5%),0.0024481905197425,0.0,0.0,Low (<10%),0.0005803958941552,0.0116079178831053,0.0,Low (<5%),0.0032826912176409,0.0,0.0,Low (<10%),0.0008671841129535,0.0173436822590713,0.0,Low (<5%),0.0046440789228849,0.0,0.0,Low (<10%),0.0010987139194836,0.0219742783896727,0.0,Low (<5%),0.0058542913856129,0.0,0.0,Low (<10%),0.0012610599513282,0.0252211990265651,0.0,Low (<5%),0.0060964907402774,0.0,0.0,Low (<10%),0.0013018067430168,0.0260361348603374,0.0,Low (<5%),0.0066427767307158,0.0,0.0,Low (<10%),0.0014210601569368,0.0284212031387361,0.0,Low (<5%),0.0073430975633079,0.0,0.0,Low (<10%),0.0015687975789894,0.0313759515797899,0.0,Low (<5%),United States,Illinois
742872,0.7951255173373326,3.991182620078247,3.0,High (40-80%),0.1831042399581737,1.6655211997908683,1.0,Low - Medium (5-25%),0.5574268030008676,3.4787823738567902,3.0,High (40-80%),0.1284220730977096,1.3921103654885485,1.0,Low - Medium (5-25%),0.2144078239105193,2.100357551835605,2.0,Medium - High (20-40%),0.0495713367792176,0.9914267355843536,0.0,Low (<5%),0.1514385837741084,1.5987328243976244,1.0,Low - Medium (10-20%),0.0351162723783833,0.702325447567666,0.0,Low (<5%),0.2111594400644351,2.0783327455039515,2.0,Medium - High (20-40%),0.0495458823438564,0.990917646877129,0.0,Low (<5%),0.3278190863196791,2.71289985363548,2.0,Medium - High (20-40%),0.0841859030419706,1.1709295152098531,1.0,Low - Medium (5-25%),0.4864136429984312,3.282183694262883,3.0,High (40-80%),0.1475592569157523,1.4877962845787618,1.0,Low - Medium (5-25%),0.7039498888162334,3.815472733224158,3.0,High (40-80%),0.184149451655562,1.6707472582778102,1.0,Low - Medium (5-25%),0.823332685207116,4.0414755002893,4.0,Extremely High (>80%),0.1926046851977348,1.713023425988674,1.0,Low - Medium (5-25%),1.0997169396979092,4.459060325686842,4.0,Extremely High (>80%),0.2544570592970312,2.017828237188125,2.0,Medium - High (25-50%),1.2225759059346222,4.611852135292555,4.0,Extremely High (>80%),0.2827479578661587,2.130991831464635,2.0,Medium - High (25-50%),1.1236613432272131,4.49013538661628,4.0,Extremely High (>80%),0.2591081870920987,2.036432748368396,2.0,Medium - High (25-50%),United States,Illinois
742873,0.0922891421442832,0.8842328292996889,0.0,Low (<10%),0.0208565338508795,0.4171306770175907,0.0,Low (<5%),0.0916541214867313,0.8742716621983206,0.0,Low (<10%),0.0207230704713213,0.4144614094264265,0.0,Low (<5%),0.0460720787967657,0.0,0.0,Low (<10%),0.0104511255461737,0.2090225109234756,0.0,Low (<5%),0.0255144626997254,0.0,0.0,Low (<10%),0.0058020693528717,0.1160413870574351,0.0,Low (<5%),0.02555525107118,0.0,0.0,Low (<10%),0.0058339446537169,0.1166788930743399,0.0,Low (<5%),0.0344628717846223,0.0,0.0,Low (<10%),0.0080437891731734,0.160875783463469,0.0,Low (<5%),0.0443748010806462,0.0,0.0,Low (<10%),0.0109214310472538,0.2184286209450772,0.0,Low (<5%),0.0593762725136656,0.2479584326769726,0.0,Low (<10%),0.0139630597320192,0.2792611946403857,0.0,Low (<5%),0.0698002669294082,0.4813044586965221,0.0,Low (<10%),0.0159196219540314,0.3183924390806288,0.0,Low (<5%),0.0783083525139022,0.6472381013609866,0.0,Low (<10%),0.0178178488886974,0.3563569777739489,0.0,Low (<5%),0.0857174824303227,0.7776613830012675,0.0,Low (<10%),0.0194565659533869,0.3891313190677383,0.0,Low (<5%),0.0919424410085401,0.878802874336385,0.0,Low (<10%),0.0208057327111743,0.4161146542234863,0.0,Low (<5%),United States,Illinois
751201,0.0005882383541122,0.0,0.0,Low (<10%),0.0001188616135267,0.0023772322705342,0.0,Low (<5%),0.00061411885432,0.0,0.0,Low (<10%),0.0001240964688651,0.0024819293773027,0.0,Low (<5%),0.0005593320276511,0.0,0.0,Low (<10%),0.0001130583807318,0.002261167614637,0.0,Low (<5%),0.0006534621566974,0.0,0.0,Low (<10%),0.0001321150369658,0.0026423007393175,0.0,Low (<5%),0.000880622188558,0.0,0.0,Low (<10%),0.0001780807160089,0.0035616143201791,0.0,Low (<5%),0.0009698693277716,0.0,0.0,Low (<10%),0.0001961606087209,0.0039232121744185,0.0,Low (<5%),0.0010277439426306,0.0,0.0,Low (<10%),0.0002078825580847,0.004157651161695,0.0,Low (<5%),0.0010964299696708,0.0,0.0,Low (<10%),0.0002217749421051,0.0044354988421032,0.0,Low (<5%),0.0007632071596632,0.0,0.0,Low (<10%),0.0001543510016172,0.0030870200323453,0.0,Low (<5%),0.001118326720147,0.0,0.0,Low (<10%),0.0002261129273417,0.0045222585468359,0.0,Low (<5%),0.0010034078781543,0.0,0.0,Low (<10%),0.0002028169382881,0.0040563387657621,0.0,Low (<5%),0.0008929780155411,0.0,0.0,Low (<10%),0.0001804587325952,0.0036091746519044,0.0,Low (<5%),United States,Texas
751202,0.0404675523406272,0.0,0.0,Low (<10%),0.0089233043469996,0.1784660869399929,0.0,Low (<5%),0.0415582778531396,0.0,0.0,Low (<10%),0.0091712832453947,0.1834256649078952,0.0,Low (<5%),0.0423424474893652,0.0,0.0,Low (<10%),0.0093884854900245,0.1877697098004901,0.0,Low (<5%),0.0974973502838748,0.9634349159312044,0.0,Low (<10%),0.0325837155988851,0.651674311977702,0.0,Low (<5%),0.1605055502965634,1.6826231867362251,1.0,Low - Medium (10-20%),0.0593810598213549,1.0469052991067749,1.0,Low - Medium (5-25%),0.1605405292326582,1.6829375586663438,1.0,Low - Medium (10-20%),0.0598324976327908,1.049162488163954,1.0,Low - Medium (5-25%),0.1565702578479993,1.6468101836989997,1.0,Low - Medium (10-20%),0.0546942391870119,1.0234711959350595,1.0,Low - Medium (5-25%),0.1432450915298558,1.5184857041000792,1.0,Low - Medium (10-20%),0.0453945382491276,0.907890764982553,0.0,Low (<5%),0.0572341539421295,0.1949482237631018,0.0,Low (<10%),0.0127139361165507,0.2542787223310156,0.0,Low (<5%),0.0709450915057932,0.5047747767808752,0.0,Low (<10%),0.0157658656185933,0.3153173123718674,0.0,Low (<5%),0.0659083582340957,0.3985333387564382,0.0,Low (<10%),0.0145802412579425,0.2916048251588506,0.0,Low (<5%),0.0691411501843244,0.4676165085888373,0.0,Low (<10%),0.0152601175728041,0.3052023514560837,0.0,Low (<5%),United States,Texas
751203,0.0014406222445223,0.0,0.0,Low (<10%),0.0002924490522714,0.0058489810454294,0.0,Low (<5%),0.0015201383634634,0.0,0.0,Low (<10%),0.0003084889463878,0.0061697789277573,0.0,Low (<5%),0.0013848894717286,0.0,0.0,Low (<10%),0.0002811431903583,0.0056228638071669,0.0,Low (<5%),0.0017125744398923,0.0,0.0,Low (<10%),0.000347403575901,0.0069480715180217,0.0,Low (<5%),0.0022318961233688,0.0,0.0,Low (<10%),0.0004525577168228,0.0090511543364564,0.0,Low (<5%),0.0024167084279203,0.0,0.0,Low (<10%),0.0004900638622787,0.0098012772455759,0.0,Low (<5%),0.0025868970140558,0.0,0.0,Low (<10%),0.0005247354523378,0.0104947090467573,0.0,Low (<5%),0.0028759937991368,0.0,0.0,Low (<10%),0.0005838890220563,0.0116777804411262,0.0,Low (<5%),0.0019491452532364,0.0,0.0,Low (<10%),0.0003959500136723,0.0079190002734468,0.0,Low (<5%),0.0028389103215294,0.0,0.0,Low (<10%),0.0005766299694636,0.0115325993892737,0.0,Low (<5%),0.0024643549628863,0.0,0.0,Low (<10%),0.0005003883383033,0.0100077667660665,0.0,Low (<5%),0.0021838557239588,0.0,0.0,Low (<10%),0.0004433928940073,0.008867857880146,0.0,Low (<5%),United States,Texas
751204,0.0924330536359179,0.8864807501457634,0.0,Low (<10%),0.0243903862419798,0.4878077248395966,0.0,Low (<5%),0.0941350846634554,0.9128044286646216,0.0,Low (<10%),0.0248866363217216,0.4977327264344336,0.0,Low (<5%),0.0845603758557103,0.7580536943682894,0.0,Low (<10%),0.0224606760884117,0.4492135217682342,0.0,Low (<5%),0.1159639199486336,1.213676007008582,1.0,Low - Medium (10-20%),0.0317311379220889,0.634622758441779,0.0,Low (<5%),0.1323620412145012,1.4044894453829997,1.0,Low - Medium (10-20%),0.0365786375136751,0.7315727502735023,0.0,Low (<5%),0.1790815144943817,1.8406164242938687,1.0,Low - Medium (10-20%),0.049344104467544,0.986882089350881,0.0,Low (<5%),0.1791754685841994,1.841373127492752,1.0,Low - Medium (10-20%),0.0496340030292093,0.9926800605841866,0.0,Low (<5%),0.2019639362308289,2.0140977005713583,2.0,Medium - High (20-40%),0.0550497240414136,1.0252486202070683,1.0,Low - Medium (5-25%),0.1363620203377178,1.4474418796976685,1.0,Low - Medium (10-20%),0.036566044828903,0.731320896578061,0.0,Low (<5%),0.1935623743142479,1.95279854111585,1.0,Low - Medium (10-20%),0.0517008169017209,1.0085040845086048,1.0,Low - Medium (5-25%),0.161871586652557,1.6948497713545674,1.0,Low - Medium (10-20%),0.0430090623134323,0.8601812462686469,0.0,Low (<5%),0.1416753856821104,1.5025891298934289,1.0,Low - Medium (10-20%),0.0374662810781868,0.7493256215637374,0.0,Low (<5%),United States,Texas
751205,0.0521724931090208,0.0613612805921792,0.0,Low (<10%),0.0132013905757333,0.2640278115146678,0.0,Low (<5%),0.0528645001913193,0.0803711474843359,0.0,Low (<10%),0.0133987572195283,0.2679751443905665,0.0,Low (<5%),0.0538734136231551,0.1076453877978421,0.0,Low (<10%),0.013728691172094,0.2745738234418818,0.0,Low (<5%),0.0795498073562879,0.6699303419359054,0.0,Low (<10%),0.0225182455900426,0.4503649118008537,0.0,Low (<5%),0.0951300391640995,0.9279728772189968,0.0,Low (<10%),0.0292403191889845,0.5848063837796917,0.0,Low (<5%),0.1083883027762374,1.116209070000992,1.0,Low - Medium (10-20%),0.0348875201824036,0.697750403648073,0.0,Low (<5%),0.1494109365679201,1.5792857542504792,1.0,Low - Medium (10-20%),0.0453865690755708,0.907731381511417,0.0,Low (<5%),0.155793757307762,1.6396374254305617,1.0,Low - Medium (10-20%),0.0432262756236207,0.8645255124724139,0.0,Low (<5%),0.0863013958311436,0.7874557987275701,0.0,Low (<10%),0.0221824995327022,0.4436499906540442,0.0,Low (<5%),0.1129099441021954,1.1751725514356033,1.0,Low - Medium (10-20%),0.0289409087938765,0.5788181758775303,0.0,Low (<5%),0.089162537794012,0.8345095850877262,0.0,Low (<10%),0.0227015499708401,0.4540309994168024,0.0,Low (<5%),0.0855949095920056,0.7755969058892965,0.0,Low (<10%),0.0217034119055458,0.4340682381109176,0.0,Low (<5%),United States,Texas
751207,0.1953123628972384,1.9657832719386632,1.0,Low - Medium (10-20%),0.0514160798012184,1.0070803990060924,1.0,Low - Medium (5-25%),0.1948545077851055,1.9623973073549963,1.0,Low - Medium (10-20%),0.0513812004315826,1.0069060021579133,1.0,Low - Medium (5-25%),0.1242738178364865,1.3135223796068116,1.0,Low - Medium (10-20%),0.032924661065689,0.6584932213137805,0.0,Low (<5%),0.1487160946156976,1.5725607897289269,1.0,Low - Medium (10-20%),0.0395241498227994,0.7904829964559899,0.0,Low (<5%),0.1875723070333902,1.9074468456852616,1.0,Low - Medium (10-20%),0.0503064292315306,1.0015321461576532,1.0,Low - Medium (5-25%),0.2557026805121472,2.3544672843234498,2.0,Medium - High (20-40%),0.0688798078656214,1.0943990393281071,1.0,Low - Medium (5-25%),0.3597828969443333,2.847126606600338,2.0,Medium - High (20-40%),0.0970833076621064,1.235416538310532,1.0,Low - Medium (5-25%),0.4162347888600179,3.057397550412849,3.0,High (40-80%),0.1115862639806553,1.3079313199032767,1.0,Low - Medium (5-25%),0.4511010346375202,3.173450595001419,3.0,High (40-80%),0.1206922681033936,1.3534613405169684,1.0,Low - Medium (5-25%),0.4055752237606867,3.01996952204202,3.0,High (40-80%),0.108030015829878,1.2901500791493905,1.0,Low - Medium (5-25%),0.3635125366963694,2.862005120177318,2.0,Medium - High (20-40%),0.0963548178487905,1.2317740892439526,1.0,Low - Medium (5-25%),0.3030880893359205,2.599737158642757,2.0,Medium - High (20-40%),0.0799522891837518,1.1497614459187593,1.0,Low - Medium (5-25%),United States,Texas
751208,0.0862173722008531,0.7860504967339924,0.0,Low (<10%),0.02514241797044,0.5028483594088005,0.0,Low (<5%),0.0934636325594734,0.9024770152202786,0.0,Low (<10%),0.0273342923361252,0.5466858467225042,0.0,Low (<5%),0.0782464383195695,0.6460969889708046,0.0,Low (<10%),0.0234085292143492,0.4681705842869844,0.0,Low (<5%),0.0810745798441813,0.6973215472807791,0.0,Low (<10%),0.0249443043167661,0.4988860863353239,0.0,Low (<5%),0.0802072535840036,0.6818046185567443,0.0,Low (<10%),0.0268962320200552,0.5379246404011042,0.0,Low (<5%),0.0974128064048167,0.9621833542396416,0.0,Low (<10%),0.0339030456655797,0.6780609133115947,0.0,Low (<5%),0.132219736897517,1.402937549000174,1.0,Low - Medium (10-20%),0.0440849609357228,0.8816992187144573,0.0,Low (<5%),0.1885487731038032,1.9149377628220976,1.0,Low - Medium (10-20%),0.0582896451959696,1.0414482259798483,1.0,Low - Medium (5-25%),0.1896389187545214,1.9232550725286808,1.0,Low - Medium (10-20%),0.0559382753894257,1.0296913769471288,1.0,Low - Medium (5-25%),0.1492359690935081,1.577595298185162,1.0,Low - Medium (10-20%),0.0442631427607485,0.8852628552149708,0.0,Low (<5%),0.1213947066817679,1.2797055154119168,1.0,Low - Medium (10-20%),0.0357469732469092,0.7149394649381848,0.0,Low (<5%),0.0962345413679427,0.9446267171534108,0.0,Low (<10%),0.028130112291157,0.5626022458231406,0.0,Low (<5%),United States,Texas
751209,0.2364347033050698,2.24144180629228,2.0,Medium - High (20-40%),0.066667204251485,1.0833360212574257,1.0,Low - Medium (5-25%),0.2320950052042718,2.214715475527873,2.0,Medium - High (20-40%),0.0656082226624107,1.0780411133120538,1.0,Low - Medium (5-25%),0.1927759664540251,1.9469252007438893,1.0,Low - Medium (10-20%),0.0552610926110075,1.0263054630550377,1.0,Low - Medium (5-25%),0.2183425165944527,2.126593085470886,2.0,Medium - High (20-40%),0.0636771317197291,1.0683856585986455,1.0,Low - Medium (5-25%),0.1937786941337766,1.9544099559063144,1.0,Low - Medium (10-20%),0.0587825685879407,1.043912842939704,1.0,Low - Medium (5-25%),0.2417864238855118,2.273733240687488,2.0,Medium - High (20-40%),0.0742204395329543,1.1211021976647717,1.0,Low - Medium (5-25%),0.290862681495699,2.5403382064595226,2.0,Medium - High (20-40%),0.0889053756782248,1.1945268783911245,1.0,Low - Medium (5-25%),0.2952170347006859,2.561775970616285,2.0,Medium - High (20-40%),0.0861786614924745,1.1808933074623726,1.0,Low - Medium (5-25%),0.2808885586653421,2.4899978608724944,2.0,Medium - High (20-40%),0.0803731654729073,1.1518658273645366,1.0,Low - Medium (5-25%),0.2225194616049636,2.153931520048093,2.0,Medium - High (20-40%),0.0636585282769444,1.0682926413847222,1.0,Low - Medium (5-25%),0.2470756856957265,2.304953044450059,2.0,Medium - High (20-40%),0.0702480107361094,1.1012400536805471,1.0,Low - Medium (5-25%),0.2206956669218956,2.142058304417433,2.0,Medium - High (20-40%),0.0623644488784013,1.061822244392007,1.0,Low - Medium (5-25%),United States,Texas
751300,0.029855660301359,0.0,0.0,Low (<10%),0.0069221415430127,0.1384428308602551,0.0,Low (<5%),0.0312030874192089,0.0,0.0,Low (<10%),0.007284508972566,0.1456901794513214,0.0,Low (<5%),0.0381713944129879,0.0,0.0,Low (<10%),0.0091487576012368,0.1829751520247368,0.0,Low (<5%),0.3138220926805235,2.649946919797072,2.0,Medium - High (20-40%),0.1355914322353761,1.4279571611768809,1.0,Low - Medium (5-25%),0.6026705673762051,3.591369609611942,3.0,High (40-80%),0.2726982048493998,2.090792819397599,2.0,Medium - High (25-50%),0.4769609446124335,3.253871137675709,3.0,High (40-80%),0.2151599291509302,1.825799645754652,1.0,Low - Medium (5-25%),0.3430784728216778,2.7785386038094044,2.0,Medium - High (20-40%),0.1489042184198733,1.4945210920993668,1.0,Low - Medium (5-25%),0.2514373549024671,2.330199000311799,2.0,Medium - High (20-40%),0.0963064249137788,1.2315321245688944,1.0,Low - Medium (5-25%),0.0284017907313099,0.0,0.0,Low (<10%),0.0067314540459911,0.1346290809198225,0.0,Low (<5%),0.0351252699987718,0.0,0.0,Low (<10%),0.0084365553294526,0.1687311065890534,0.0,Low (<5%),0.0393585908849818,0.0,0.0,Low (<10%),0.0092094511697192,0.1841890233943842,0.0,Low (<5%),0.0396171495415826,0.0,0.0,Low (<10%),0.0092012233423104,0.1840244668462088,0.0,Low (<5%),United States,Texas
751401,0.0408586463807369,0.0,0.0,Low (<10%),0.0113342267265915,0.2266845345318316,0.0,Low (<5%),0.0422317072171326,0.0,0.0,Low (<10%),0.0117479978087699,0.2349599561753997,0.0,Low (<5%),0.0357195051648092,0.0,0.0,Low (<10%),0.0100575745052427,0.2011514901048558,0.0,Low (<5%),0.0479946125170172,0.0,0.0,Low (<10%),0.014914873457897,0.2982974691579415,0.0,Low (<5%),0.0547308534029532,0.1304262573753705,0.0,Low (<10%),0.017482295456645,0.3496459091329017,0.0,Low (<5%),0.0738361889719748,0.5623999958384327,0.0,Low (<10%),0.0237572222028722,0.475144444057445,0.0,Low (<5%),0.079383971596514,0.6669196475872083,0.0,Low (<10%),0.0250151128693806,0.500302257387613,0.0,Low (<5%),0.0979873150709298,0.9706669026184904,0.0,Low (<10%),0.0291143656579183,0.5822873131583663,0.0,Low (<5%),0.0806985830998706,0.6906152480985235,0.0,Low (<10%),0.0227577282504404,0.4551545650088082,0.0,Low (<5%),0.0657996910182775,0.3961527144919187,0.0,Low (<10%),0.0185526914692927,0.3710538293858552,0.0,Low (<5%),0.0521298475497936,0.0601815459888552,0.0,Low (<10%),0.014596706298731,0.29193412597462,0.0,Low (<5%),0.0444406742765323,0.0,0.0,Low (<10%),0.0123639479905558,0.2472789598111162,0.0,Low (<5%),United States,Texas
751402,0.0598126343447903,0.2585221651434022,0.0,Low (<10%),0.0144448775515814,0.2888975510316298,0.0,Low (<5%),0.070281204687429,0.4912108258511307,0.0,Low (<10%),0.0169909949178461,0.3398198983569231,0.0,Low (<5%),0.0574258408821943,0.1997719821436074,0.0,Low (<10%),0.013998915747154,0.2799783149430815,0.0,Low (<5%),0.0626946474251043,0.3264141828626257,0.0,Low (<10%),0.0154074241767025,0.3081484835340515,0.0,Low (<5%),0.0704796336239652,0.4952783297928944,0.0,Low (<10%),0.0175230730465345,0.3504614609306911,0.0,Low (<5%),0.0798717165924352,0.6757566253422334,0.0,Low (<10%),0.0199590019604674,0.3991800392093497,0.0,Low (<5%),0.1014174845251993,1.020306396554987,1.0,Low - Medium (10-20%),0.0257247870400769,0.5144957408015398,0.0,Low (<5%),0.1966791618063672,1.9758441119064405,1.0,Low - Medium (10-20%),0.0484276869734607,0.9685537394692144,0.0,Low (<5%),0.1310430151763119,1.3900404575270582,1.0,Low - Medium (10-20%),0.0320267922302092,0.6405358446041843,0.0,Low (<5%),0.0760544195517658,0.6051039910657504,0.0,Low (<10%),0.018536850321187,0.3707370064237404,0.0,Low (<5%),0.0673117266779445,0.4289297702208756,0.0,Low (<10%),0.0163415180947899,0.3268303618957995,0.0,Low (<5%),0.0628614874129427,0.3302483143458394,0.0,Low (<10%),0.0152004010231527,0.3040080204630558,0.0,Low (<5%),United States,Texas
751403,0.0010908891563203,0.0,0.0,Low (<10%),0.0002953979959542,0.005907959919085,0.0,Low (<5%),0.0012202606005268,0.0,0.0,Low (<10%),0.0003313569812859,0.0066271396257195,0.0,Low (<5%),0.0010007469774928,0.0,0.0,Low (<10%),0.0002746711004576,0.0054934220091531,0.0,Low (<5%),0.0011044067098219,0.0,0.0,Low (<10%),0.0003055811996513,0.0061116239930275,0.0,Low (<5%),0.0011347542494683,0.0,0.0,Low (<10%),0.0003209074341491,0.0064181486829821,0.0,Low (<5%),0.0018176365205896,0.0,0.0,Low (<10%),0.0005157239471289,0.0103144789425794,0.0,Low (<5%),0.0020325430758607,0.0,0.0,Low (<10%),0.0005849565729058,0.0116991314581168,0.0,Low (<5%),0.0028476176749539,0.0,0.0,Low (<10%),0.0007888881638773,0.015777763277547,0.0,Low (<5%),0.0022870283660888,0.0,0.0,Low (<10%),0.0006287626499433,0.0125752529988668,0.0,Low (<5%),0.001588129283176,0.0,0.0,Low (<10%),0.0004369939667412,0.0087398793348255,0.0,Low (<5%),0.0013450800731316,0.0,0.0,Low (<10%),0.0003677007391881,0.0073540147837629,0.0,Low (<5%),0.0011601969194648,0.0,0.0,Low (<10%),0.0003150831590523,0.0063016631810463,0.0,Low (<5%),United States,Texas
751404,0.3684883053053122,2.88161883330743,2.0,Medium - High (20-40%),0.0964929377934969,1.232464688967485,1.0,Low - Medium (5-25%),0.3881087162078347,2.956460833763953,2.0,Medium - High (20-40%),0.1018379604954029,1.2591898024770145,1.0,Low - Medium (5-25%),0.3056030898941259,2.611659130259775,2.0,Medium - High (20-40%),0.081305192218844,1.15652596109422,1.0,Low - Medium (5-25%),0.3585240924407673,2.8420700697694103,2.0,Medium - High (20-40%),0.097233304294377,1.2361665214718855,1.0,Low - Medium (5-25%),0.3019334016652808,2.5942303651699063,2.0,Medium - High (20-40%),0.0848798271577287,1.1743991357886436,1.0,Low - Medium (5-25%),0.3682484263278686,2.880679360064028,2.0,Medium - High (20-40%),0.1047367901355769,1.2736839506778843,1.0,Low - Medium (5-25%),0.4252413296714018,3.088281820797323,3.0,High (40-80%),0.1211754779736837,1.3558773898684189,1.0,Low - Medium (5-25%),0.455840750196436,3.188529901080709,3.0,High (40-80%),0.1231710914937193,1.3658554574685966,1.0,Low - Medium (5-25%),0.3991884519042425,2.9970699856514704,2.0,Medium - High (20-40%),0.1053588525249885,1.2767942626249429,1.0,Low - Medium (5-25%),0.3189986103206748,2.673550139075292,2.0,Medium - High (20-40%),0.0844942358646703,1.172471179323352,1.0,Low - Medium (5-25%),0.3632051019410324,2.860784468304294,2.0,Medium - High (20-40%),0.0957719202727227,1.228859601363614,1.0,Low - Medium (5-25%),0.3457636284326809,2.7897861169860416,2.0,Medium - High (20-40%),0.0907116605342973,1.2035583026714864,1.0,Low - Medium (5-25%),United States,Texas
751405,0.0313315851502305,0.0,0.0,Low (<10%),0.0075754274012817,0.1515085480256346,0.0,Low (<5%),0.0335929489073612,0.0,0.0,Low (<10%),0.008132819856478,0.1626563971295605,0.0,Low (<5%),0.026436197311734,0.0,0.0,Low (<10%),0.0064557134590278,0.1291142691805568,0.0,Low (<5%),0.0291390353507854,0.0,0.0,Low (<10%),0.0071789525225241,0.1435790504504839,0.0,Low (<5%),0.0295340719861638,0.0,0.0,Low (<10%),0.0073931365121326,0.1478627302426533,0.0,Low (<5%),0.0422824499742882,0.0,0.0,Low (<10%),0.0106683754705936,0.2133675094118721,0.0,Low (<5%),0.0497350022286759,0.0,0.0,Low (<10%),0.0125622145756973,0.2512442915139462,0.0,Low (<5%),0.0703044888776131,0.4916887121162983,0.0,Low (<10%),0.0172495512179153,0.344991024358306,0.0,Low (<5%),0.0509088463285281,0.0259882774326974,0.0,Low (<10%),0.0124091518453155,0.2481830369063106,0.0,Low (<5%),0.0414832662931505,0.0,0.0,Low (<10%),0.0101111594563548,0.2022231891270976,0.0,Low (<5%),0.0373896612019982,0.0,0.0,Low (<10%),0.0090857563777077,0.1817151275541541,0.0,Low (<5%),0.037999062089655,0.0,0.0,Low (<10%),0.0091996510003329,0.1839930200066588,0.0,Low (<5%),United States,Texas
751406,0.2942263195199384,2.5569263062206327,2.0,Medium - High (20-40%),0.0653776592492383,1.076888296246192,1.0,Low - Medium (5-25%),0.3495669399320208,2.8055687493366688,2.0,Medium - High (20-40%),0.0776880254399598,1.1384401271997993,1.0,Low - Medium (5-25%),0.3008110203704524,2.588857421877792,2.0,Medium - High (20-40%),0.0672161608338489,1.086080804169245,1.0,Low - Medium (5-25%),0.3609888309636422,2.851954200650842,2.0,Medium - High (20-40%),0.0811558693300225,1.155779346650113,1.0,Low - Medium (5-25%),0.346252408004863,2.791824104388091,2.0,Medium - High (20-40%),0.0790932118788678,1.145466059394339,1.0,Low - Medium (5-25%),0.440282437306944,3.138429296885473,3.0,High (40-80%),0.1014985543676248,1.257492771838124,1.0,Low - Medium (5-25%),0.6793748235818656,3.764207755505024,3.0,High (40-80%),0.1567954164967228,1.533977082483614,1.0,Low - Medium (5-25%),0.9374397812323332,4.228726018380882,4.0,Extremely High (>80%),0.2110158665114363,1.8050793325571808,1.0,Low - Medium (5-25%),0.6691345067288067,3.742296244776322,3.0,High (40-80%),0.1490075763672612,1.495037881836306,1.0,Low - Medium (5-25%),0.4012070069294348,3.004346802296238,3.0,High (40-80%),0.0894410709303976,1.197205354651988,1.0,Low - Medium (5-25%),0.3846355371351722,2.9434920618982483,2.0,Medium - High (20-40%),0.0856313710033828,1.1781568550169144,1.0,Low - Medium (5-25%),0.3574903866023822,2.8379044464013807,2.0,Medium - High (20-40%),0.079468352406507,1.1473417620325352,1.0,Low - Medium (5-25%),United States,Texas
751407,0.1450071289762487,1.5361238291081931,1.0,Low - Medium (10-20%),0.0295958147287969,0.5919162945759388,0.0,Low (<5%),0.1520708851165798,1.604743966878195,1.0,Low - Medium (10-20%),0.0310170784691658,0.620341569383318,0.0,Low (<5%),0.1279930186259526,1.3560651206284002,1.0,Low - Medium (10-20%),0.0261825712338245,0.5236514246764917,0.0,Low (<5%),0.1410038900920899,1.4957349650293852,1.0,Low - Medium (10-20%),0.0289363127407947,0.5787262548158942,0.0,Low (<5%),0.1310398847517191,1.390005993256116,1.0,Low - Medium (10-20%),0.0271078816613208,0.542157633226418,0.0,Low (<5%),0.1798320769058824,1.846650379392591,1.0,Low - Medium (10-20%),0.037298072122056,0.7459614424411215,0.0,Low (<5%),0.2232561362138175,2.158699828486856,2.0,Medium - High (20-40%),0.0462499518239735,0.9249990364794703,0.0,Low (<5%),0.3200280112694053,2.6781981862090087,2.0,Medium - High (20-40%),0.0654565238401264,1.0772826192006322,1.0,Low - Medium (5-25%),0.2322578396051627,2.2157272939969817,2.0,Medium - High (20-40%),0.0473579039186535,0.9471580783730712,0.0,Low (<5%),0.1790413118272942,1.840292512024568,1.0,Low - Medium (10-20%),0.0365430177348488,0.7308603546969771,0.0,Low (<5%),0.1737412943261587,1.7969406903706102,1.0,Low - Medium (10-20%),0.0354583981772448,0.7091679635448961,0.0,Low (<5%),0.1495151778394689,1.5802919451743709,1.0,Low - Medium (10-20%),0.0305150797951502,0.610301595903004,0.0,Low (<5%),United States,Texas
751408,0.4261437020844293,3.091340011026736,3.0,High (40-80%),0.0951380897492438,1.225690448746219,1.0,Low - Medium (5-25%),0.4373314479008685,3.1287270943586423,3.0,High (40-80%),0.0976534415830608,1.238267207915304,1.0,Low - Medium (5-25%),0.3497781918782015,2.806440342289962,2.0,Medium - High (20-40%),0.0787016920413796,1.1435084602068983,1.0,Low - Medium (5-25%),0.4021878784235203,3.007869600783482,3.0,High (40-80%),0.0913295570983949,1.2066477854919748,1.0,Low - Medium (5-25%),0.36676491886711,2.874855651482406,2.0,Medium - High (20-40%),0.084995734435967,1.1749786721798354,1.0,Low - Medium (5-25%),0.4261340306596732,3.091307268374902,3.0,High (40-80%),0.0996927396346337,1.2484636981731687,1.0,Low - Medium (5-25%),0.5603328245595087,3.4862840087953604,3.0,High (40-80%),0.1308808838877556,1.4044044194387784,1.0,Low - Medium (5-25%),0.791398673721905,3.984404647549136,3.0,High (40-80%),0.1794531978384759,1.6472659891923795,1.0,Low - Medium (5-25%),0.6421744580777775,3.682965284283026,3.0,High (40-80%),0.1435751555379974,1.4678757776899871,1.0,Low - Medium (5-25%),0.5096057549625407,3.3493815699981315,3.0,High (40-80%),0.1141621211594848,1.3208106057974245,1.0,Low - Medium (5-25%),0.4810114325319695,3.2660711839353747,3.0,High (40-80%),0.107628084395868,1.2881404219793404,1.0,Low - Medium (5-25%),0.4736405849536986,3.2437927068173624,3.0,High (40-80%),0.1057542754364369,1.2787713771821845,1.0,Low - Medium (5-25%),United States,Texas
751409,0.7697873314770617,3.9444599286628974,3.0,High (40-80%),0.1656191490928723,1.5780957454643616,1.0,Low - Medium (5-25%),0.8179908827306712,4.032084763078332,4.0,Extremely High (>80%),0.1759302268231312,1.629651134115656,1.0,Low - Medium (5-25%),0.6710524360074722,3.746425502956392,3.0,High (40-80%),0.1449106052605192,1.4745530263025963,1.0,Low - Medium (5-25%),0.7177159344518835,3.843412951223265,3.0,High (40-80%),0.1552991458792763,1.5264957293963817,1.0,Low - Medium (5-25%),0.7213216882947802,3.85064280260776,3.0,High (40-80%),0.1569223714554761,1.5346118572773806,1.0,Low - Medium (5-25%),0.9048569625444208,4.177689752707058,4.0,Extremely High (>80%),0.1974337925765448,1.7371689628827245,1.0,Low - Medium (5-25%),1.1238508658558972,4.49037869862685,4.0,Extremely High (>80%),0.2449152170050741,1.9745760850253709,1.0,Low - Medium (5-25%),1.6758119221493055,5.0,4.0,Extremely High (>80%),0.3623727365172314,2.449490946068926,2.0,Medium - High (25-50%),1.0819154228924313,4.43551581794963,4.0,Extremely High (>80%),0.2333309080303663,1.916654540151832,1.0,Low - Medium (5-25%),0.8944794153913772,4.161048281992681,4.0,Extremely High (>80%),0.1928698277860431,1.7143491389302157,1.0,Low - Medium (5-25%),0.9090813482211356,4.184409398296291,4.0,Extremely High (>80%),0.1958106786989814,1.7290533934949073,1.0,Low - Medium (5-25%),0.7961952926699473,3.993122341836448,3.0,High (40-80%),0.1712764869369827,1.6063824346849136,1.0,Low - Medium (5-25%),United States,Texas
751500,0.2256175829197075,2.173879504804939,2.0,Medium - High (20-40%),0.0481292728813097,0.9625854576261952,0.0,Low (<5%),0.253846263519168,2.3439550245267045,2.0,Medium - High (20-40%),0.0541665899559298,1.0208329497796496,1.0,Low - Medium (5-25%),0.2297790744998641,2.2002474207435463,2.0,Medium - High (20-40%),0.0493889658127113,0.9877793162542264,0.0,Low (<5%),0.2926619231595123,2.5492350558172427,2.0,Medium - High (20-40%),0.0697183858005632,1.098591929002816,1.0,Low - Medium (5-25%),0.2879071399917872,2.525603567654435,2.0,Medium - High (20-40%),0.0702505017920778,1.1012525089603893,1.0,Low - Medium (5-25%),0.252412629158273,2.3357840956144207,2.0,Medium - High (20-40%),0.061955236654387,1.0597761832719352,1.0,Low - Medium (5-25%),0.3172677746232785,2.66570099193879,2.0,Medium - High (20-40%),0.077134117377991,1.1356705868899553,1.0,Low - Medium (5-25%),0.436286629026774,3.1252762597965624,3.0,High (40-80%),0.0991626212353216,1.2458131061766085,1.0,Low - Medium (5-25%),0.3152252463648413,2.65638308475231,2.0,Medium - High (20-40%),0.0674356651181305,1.0871783255906526,1.0,Low - Medium (5-25%),0.3056020151492584,2.611654056581308,2.0,Medium - High (20-40%),0.0657962364678909,1.0789811823394546,1.0,Low - Medium (5-25%),0.2638044922059405,2.399469131792083,2.0,Medium - High (20-40%),0.0563635772371474,1.0318178861857374,1.0,Low - Medium (5-25%),0.2505698994319844,2.325213116381862,2.0,Medium - High (20-40%),0.0534735102840035,1.017367551420018,1.0,Low - Medium (5-25%),United States,Texas
751600,9999.0,5.0,4.0,Extremely High (>80%),9999.0,5.0,4.0,Extremely High (>75%),9999.0,5.0,4.0,Extremely High (>80%),9999.0,5.0,4.0,Extremely High (>75%),9999.0,5.0,4.0,Extremely High (>80%),9999.0,5.0,4.0,Extremely High (>75%),9999.0,5.0,4.0,Extremely High (>80%),9999.0,5.0,4.0,Extremely High (>75%),9999.0,5.0,4.0,Extremely High (>80%),9999.0,5.0,4.0,Extremely High (>75%),9999.0,5.0,4.0,Extremely High (>80%),9999.0,5.0,4.0,Extremely High (>75%),9999.0,5.0,4.0,Extremely High (>80%),9999.0,5.0,4.0,Extremely High (>75%),9999.0,5.0,4.0,Extremely High (>80%),9999.0,5.0,4.0,Extremely High (>75%),9999.0,5.0,4.0,Extremely High (>80%),9999.0,5.0,4.0,Extremely High (>75%),9999.0,5.0,4.0,Extremely High (>80%),9999.0,5.0,4.0,Extremely High (>75%),9999.0,5.0,4.0,Extremely High (>80%),9999.0,5.0,4.0,Extremely High (>75%),9999.0,5.0,4.0,Extremely High (>80%),9999.0,5.0,4.0,Extremely High (>75%),United States,Texas
751610,0.0415974732019691,0.0,0.0,Low (<10%),0.0099573794434182,0.1991475888683658,0.0,Low (<5%),0.0470654600103239,0.0,0.0,Low (<10%),0.0113130805340675,0.2262616106813518,0.0,Low (<5%),0.0434444371977511,0.0,0.0,Low (<10%),0.0111896608254701,0.2237932165094036,0.0,Low (<5%),0.0540164537308457,0.1114708327628913,0.0,Low (<10%),0.0173162937857897,0.3463258757157955,0.0,Low (<5%),0.0546345691808471,0.1278859882051821,0.0,Low (<10%),0.0193871813812651,0.3877436276253039,0.0,Low (<5%),0.0659486069186128,0.3994140897928573,0.0,Low (<10%),0.0223800109513709,0.4476002190274191,0.0,Low (<5%),0.0617031192175351,0.3034153274844685,0.0,Low (<10%),0.0197600141066455,0.3952002821329102,0.0,Low (<5%),0.0755493485947944,0.5954912212822105,0.0,Low (<10%),0.0205158390577792,0.410316781155584,0.0,Low (<5%),0.058367676398817,0.2232415411822177,0.0,Low (<10%),0.0139925934244447,0.2798518684888957,0.0,Low (<5%),0.0513527992366005,0.0385148249802013,0.0,Low (<10%),0.0130144580783778,0.2602891615675573,0.0,Low (<5%),0.0464371434933762,0.0,0.0,Low (<10%),0.01119850093692,0.223970018738401,0.0,Low (<5%),0.0422732219575597,0.0,0.0,Low (<10%),0.010132254574608,0.2026450914921601,0.0,Low (<5%),United States,Texas
751620,0.0189231390916296,0.0,0.0,Low (<10%),0.0047742546402409,0.0954850928048196,0.0,Low (<5%),0.0210995324909361,0.0,0.0,Low (<10%),0.0053367595743357,0.1067351914867141,0.0,Low (<5%),0.0183000545741514,0.0,0.0,Low (<10%),0.0047266234288593,0.0945324685771866,0.0,Low (<5%),0.0192888878623498,0.0,0.0,Low (<10%),0.0055250313884002,0.1105006277680049,0.0,Low (<5%),0.0209112593331523,0.0,0.0,Low (<10%),0.0062682803791646,0.1253656075832937,0.0,Low (<5%),0.0271987267960927,0.0,0.0,Low (<10%),0.0083023167918195,0.1660463358363901,0.0,Low (<5%),0.0256219228434456,0.0,0.0,Low (<10%),0.0075026699764614,0.1500533995292296,0.0,Low (<5%),0.0372331059534558,0.0,0.0,Low (<10%),0.0098393115374791,0.1967862307495825,0.0,Low (<5%),0.0327300539595709,0.0,0.0,Low (<10%),0.0082601419704287,0.1652028394085756,0.0,Low (<5%),0.0250260835640432,0.0,0.0,Low (<10%),0.0064215256698952,0.1284305133979049,0.0,Low (<5%),0.0216625893958635,0.0,0.0,Low (<10%),0.0055115459111075,0.1102309182221508,0.0,Low (<5%),0.0199890844352463,0.0,0.0,Low (<10%),0.0050542448443981,0.1010848968879621,0.0,Low (<5%),United States,Texas
751630,0.0244357014251433,0.0,0.0,Low (<10%),0.0063242411305976,0.1264848226119527,0.0,Low (<5%),0.0262685164033833,0.0,0.0,Low (<10%),0.0068322707556186,0.1366454151123737,0.0,Low (<5%),0.0236155364598596,0.0,0.0,Low (<10%),0.0065919641168107,0.1318392823362149,0.0,Low (<5%),0.0267785601160838,0.0,0.0,Low (<10%),0.0108861105985143,0.2177222119702871,0.0,Low (<5%),0.0337388776805172,0.0,0.0,Low (<10%),0.0149925051134754,0.2998501022695094,0.0,Low (<5%),0.0472436932746998,0.0,0.0,Low (<10%),0.0190786203349033,0.3815724066980676,0.0,Low (<5%),0.0418768572338822,0.0,0.0,Low (<10%),0.0157057562300967,0.3141151246019359,0.0,Low (<5%),0.0589358964400651,0.2372185178027982,0.0,Low (<10%),0.0179093865925577,0.3581877318511544,0.0,Low (<5%),0.0435130472591126,0.0,0.0,Low (<10%),0.0107436342930474,0.2148726858609491,0.0,Low (<5%),0.0317898696221415,0.0,0.0,Low (<10%),0.0085124652185796,0.1702493043715937,0.0,Low (<5%),0.0254832424334486,0.0,0.0,Low (<10%),0.0066614154924665,0.1332283098493304,0.0,Low (<5%),0.0245970166192941,0.0,0.0,Low (<10%),0.0063819361489536,0.1276387229790725,0.0,Low (<5%),United States,Texas
751640,0.1909540794997995,1.933225741700472,1.0,Low - Medium (10-20%),0.0483769708474277,0.967539416948555,0.0,Low (<5%),0.2202658934005987,2.139246121315804,2.0,Medium - High (20-40%),0.0552488326405499,1.0262441632027497,1.0,Low - Medium (5-25%),0.1733168257617397,1.7934117194991788,1.0,Low - Medium (10-20%),0.048614752756119,0.9722950551223808,0.0,Low (<5%),0.2372791829069085,2.2465855348582293,2.0,Medium - High (20-40%),0.0810098852622544,1.1550494263112725,1.0,Low - Medium (5-25%),0.2405820313688678,2.266528894288378,2.0,Medium - High (20-40%),0.091001540429018,1.2050077021450902,1.0,Low - Medium (5-25%),0.3177425211358168,2.667858168197192,2.0,Medium - High (20-40%),0.1210095154293498,1.3550475771467494,1.0,Low - Medium (5-25%),0.2770740978436914,2.470271847379746,2.0,Medium - High (20-40%),0.0960954504861858,1.230477252430929,1.0,Low - Medium (5-25%),0.3344821221546714,2.74192910184409,2.0,Medium - High (20-40%),0.0946495322706083,1.2232476613530414,1.0,Low - Medium (5-25%),0.2707206150123354,2.436804751031488,2.0,Medium - High (20-40%),0.0647344893291474,1.073672446645737,1.0,Low - Medium (5-25%),0.1989933949304697,1.992720545044295,1.0,Low - Medium (10-20%),0.0497330302458156,0.9946606049163133,0.0,Low (<5%),0.2011900419065934,2.0085588993407058,2.0,Medium - High (20-40%),0.0508003414339588,1.004001707169794,1.0,Low - Medium (5-25%),0.2042276813426438,2.030178424634709,2.0,Medium - High (20-40%),0.0513978015859733,1.0069890079298665,1.0,Low - Medium (5-25%),United States,Texas
751650,0.0880922318971096,0.8170867108913856,0.0,Low (<10%),0.0229120558365796,0.4582411167315935,0.0,Low (<5%),0.0956964698614577,0.9365376113568186,0.0,Low (<10%),0.0248627218588833,0.4972544371776677,0.0,Low (<5%),0.0736628833892412,0.559009774926227,0.0,Low (<10%),0.0200956178056931,0.4019123561138631,0.0,Low (<5%),0.0806703080079555,0.6901096694207014,0.0,Low (<10%),0.0241493675178419,0.4829873503568381,0.0,Low (<5%),0.0892193998966242,0.8354293494685106,0.0,Low (<10%),0.0289498001925517,0.5789960038510341,0.0,Low (<5%),0.1216320590205195,1.282523535476046,1.0,Low - Medium (10-20%),0.0403631473854166,0.8072629477083325,0.0,Low (<5%),0.1161496767000486,1.2159851384438731,1.0,Low - Medium (10-20%),0.0368159676963347,0.7363193539266945,0.0,Low (<5%),0.1453624647100933,1.5396547866747805,1.0,Low - Medium (10-20%),0.0396894125098821,0.7937882501976423,0.0,Low (<5%),0.1308326150614006,1.3877222328994152,1.0,Low - Medium (10-20%),0.0335345484230105,0.6706909684602118,0.0,Low (<5%),0.0960336500863892,0.9416119183046654,0.0,Low (<10%),0.0252035172191165,0.5040703443823308,0.0,Low (<5%),0.0920678911648984,0.8807700067724773,0.0,Low (<10%),0.0241371003230526,0.4827420064610536,0.0,Low (<5%),0.1045519320625812,1.0642197223899497,1.0,Low - Medium (10-20%),0.0271404725704515,0.5428094514090311,0.0,Low (<5%),United States,Texas
751660,0.3208825960033891,2.6820455429992456,2.0,Medium - High (20-40%),0.0874651033354144,1.1873255166770724,1.0,Low - Medium (5-25%),0.3559910240140235,2.831840865422824,2.0,Medium - High (20-40%),0.0941718809918355,1.2208594049591777,1.0,Low - Medium (5-25%),0.3100669190471803,2.6325796134306625,2.0,Medium - High (20-40%),0.0968346547145831,1.2341732735729156,1.0,Low - Medium (5-25%),0.3877636882266729,2.955177709922049,2.0,Medium - High (20-40%),0.1624471483386476,1.5622357416932382,1.0,Low - Medium (5-25%),0.5236058295255254,3.3884811595076547,3.0,High (40-80%),0.2387072605005298,1.9435363025026489,1.0,Low - Medium (5-25%),0.6215178126677607,3.635795739434131,3.0,High (40-80%),0.2797687432318193,2.119074972927277,2.0,Medium - High (25-50%),0.5014688009093388,3.326159945755641,3.0,High (40-80%),0.20300713752361,1.7650356876180504,1.0,Low - Medium (5-25%),0.4144586054138887,3.051228017894012,3.0,High (40-80%),0.1258896699221635,1.3794483496108176,1.0,Low - Medium (5-25%),0.3635425024005416,2.8621240420484435,2.0,Medium - High (20-40%),0.0815583497697942,1.1577917488489713,1.0,Low - Medium (5-25%),0.3355718439405019,2.746621671941349,2.0,Medium - High (20-40%),0.0832088954224458,1.1660444771122294,1.0,Low - Medium (5-25%),0.2844025856925491,2.507934581514502,2.0,Medium - High (20-40%),0.0765949851506093,1.1329749257530466,1.0,Low - Medium (5-25%),0.3276848301924158,2.712308886451788,2.0,Medium - High (20-40%),0.0863220910042655,1.1816104550213278,1.0,Low - Medium (5-25%),United States,Texas
751670,0.0209027251198989,0.0,0.0,Low (<10%),0.0107578574493196,0.215157148986393,0.0,Low (<5%),0.0232156501300121,0.0,0.0,Low (<10%),0.0095041530704408,0.1900830614088167,0.0,Low (<5%),0.0278691500150177,0.0,0.0,Low (<10%),0.021423124616206,0.4284624923241206,0.0,Low (<5%),0.0640633116716118,0.3575702834425284,0.0,Low (<10%),0.04940645350406,0.9881290700812012,0.0,Low (<5%),0.1600439025469022,1.678467713228908,1.0,Low - Medium (10-20%),0.1101586959630088,1.3007934798150442,1.0,Low - Medium (5-25%),0.2485301411339804,2.3134208289608744,2.0,Medium - High (20-40%),0.1463998191109214,1.4819990955546074,1.0,Low - Medium (5-25%),0.2036896573815143,2.026372727367052,2.0,Medium - High (20-40%),0.1153726755983499,1.3268633779917498,1.0,Low - Medium (5-25%),0.1379146929245082,1.4637761644671003,1.0,Low - Medium (10-20%),0.0577384612280988,1.0386923061404945,1.0,Low - Medium (5-25%),0.0671803847586786,0.4261119633800186,0.0,Low (<10%),0.0127403537646948,0.2548070752938967,0.0,Low (<5%),0.0258156480354026,0.0,0.0,Low (<10%),0.0075306338723917,0.1506126774478343,0.0,Low (<5%),0.0192811262160315,0.0,0.0,Low (<10%),0.0088853766592013,0.177707533184027,0.0,Low (<5%),0.018043461974949,0.0,0.0,Low (<10%),0.009233691289537,0.1846738257907413,0.0,Low (<5%),United States,Texas
751680,1.288676860615707,4.687818644054898,4.0,Extremely High (>80%),0.4050784530114273,2.620313812045709,2.0,Medium - High (25-50%),1.097279008749222,4.455858506096936,4.0,Extremely High (>80%),0.3218055221043719,2.2872220884174874,2.0,Medium - High (25-50%),1.3141994255948597,4.716112311556785,4.0,Extremely High (>80%),0.7895607406104644,4.158242962441857,4.0,Extremely High (>75%),2.537732774919938,5.0,4.0,Extremely High (>80%),1.9587660106029063,5.0,4.0,Extremely High (>75%),4.9233205588043205,5.0,4.0,Extremely High (>80%),2.8974263023093942,5.0,4.0,Extremely High (>75%),11.095697403095972,5.0,4.0,Extremely High (>80%),6.390154289575588,5.0,4.0,Extremely High (>75%),8.41427740521124,5.0,4.0,Extremely High (>80%),4.603927398021488,5.0,4.0,Extremely High (>75%),8.330699760127745,5.0,4.0,Extremely High (>80%),4.037403330280704,5.0,4.0,Extremely High (>75%),3.581658767607282,5.0,4.0,Extremely High (>80%),1.0008442950133327,5.0,4.0,Extremely High (>75%),1.8461624073313443,5.0,4.0,Extremely High (>80%),0.2406396997662568,1.953198498831284,1.0,Low - Medium (5-25%),1.8732199282834423,5.0,4.0,Extremely High (>80%),0.4708527420473569,2.883410968189428,2.0,Medium - High (25-50%),1.5626378224854591,4.965911533972497,4.0,Extremely High (>80%),0.3690805563435883,2.476322225374353,2.0,Medium - High (25-50%),United States,Texas
751690,0.940930972469443,4.234088889448204,4.0,Extremely High (>80%),0.3552124005262039,2.420849602104816,2.0,Medium - High (25-50%),0.75389256580629,3.9143589454809375,3.0,High (40-80%),0.254176924149677,2.016707696598708,2.0,Medium - High (25-50%),0.974870701574339,4.285210884947011,4.0,Extremely High (>80%),0.6577109601066371,3.630843840426549,3.0,High (50-75%),2.282191396042005,5.0,4.0,Extremely High (>80%),2.101096112031668,5.0,4.0,Extremely High (>75%),6.33249840797149,5.0,4.0,Extremely High (>80%),4.076649582057135,5.0,4.0,Extremely High (>75%),14.000910744173424,5.0,4.0,Extremely High (>80%),8.14505375142722,5.0,4.0,Extremely High (>75%),12.329626282086194,5.0,4.0,Extremely High (>80%),6.952505910714905,5.0,4.0,Extremely High (>75%),10.91540253893016,5.0,4.0,Extremely High (>80%),5.624208066068141,5.0,4.0,Extremely High (>75%),4.593990606959904,5.0,4.0,Extremely High (>80%),1.424609775247171,5.0,4.0,Extremely High (>75%),2.179448203661588,5.0,4.0,Extremely High (>80%),0.2077846738911056,1.7889233694555282,1.0,Low - Medium (5-25%),1.7157740682860565,5.0,4.0,Extremely High (>80%),0.3701452707199938,2.480581082879976,2.0,Medium - High (25-50%),1.0862894832132794,4.441336710316714,4.0,Extremely High (>80%),0.3300788294014244,2.3203153176056976,2.0,Medium - High (25-50%),United States,Texas
751700,0.0310426163949586,0.0,0.0,Low (<10%),0.0084136773461548,0.1682735469230967,0.0,Low (<5%),0.0444322062754185,0.0,0.0,Low (<10%),0.0120914462076104,0.2418289241522087,0.0,Low (<5%),0.0585097272536095,0.22674839808127,0.0,Low (<10%),0.0189959110370072,0.3799182207401445,0.0,Low (<5%),0.1386203418634775,1.4711389815168532,1.0,Low - Medium (10-20%),0.0722752214774816,1.1113761073874082,1.0,Low - Medium (5-25%),0.1847200488960989,1.885340460111576,1.0,Low - Medium (10-20%),0.0929002170923855,1.2145010854619278,1.0,Low - Medium (5-25%),0.2189128419933839,2.130356589222999,2.0,Medium - High (20-40%),0.1041068649407532,1.2705343247037664,1.0,Low - Medium (5-25%),0.1210310680849137,1.2753774278203454,1.0,Low - Medium (10-20%),0.0592571567409775,1.0462857837048876,1.0,Low - Medium (5-25%),0.1334983792506438,1.4168222268472674,1.0,Low - Medium (10-20%),0.0514325089319123,1.0071625446595616,1.0,Low - Medium (5-25%),0.0460925709854982,0.0,0.0,Low (<10%),0.0118778303211898,0.237556606423797,0.0,Low (<5%),0.056517864851898,0.1767788692670968,0.0,Low (<10%),0.0166728196806244,0.3334563936124882,0.0,Low (<5%),0.0453301829534521,0.0,0.0,Low (<10%),0.012393913107956,0.2478782621591219,0.0,Low (<5%),0.0478723115578525,0.0,0.0,Low (<10%),0.0129332266597499,0.2586645331949982,0.0,Low (<5%),United States,Texas
751810,0.2093708720238039,2.0660607464243617,2.0,Medium - High (20-40%),0.049432019794709,0.988640395894181,0.0,Low (<5%),0.3004007456280719,2.586888393786228,2.0,Medium - High (20-40%),0.0712277240531545,1.106138620265773,1.0,Low - Medium (5-25%),0.3273933053892682,2.711024821566342,2.0,Medium - High (20-40%),0.0845266688870308,1.1726333444351544,1.0,Low - Medium (5-25%),0.4286606548016027,3.0998360035146453,3.0,High (40-80%),0.1399472497327592,1.449736248663796,1.0,Low - Medium (5-25%),0.401362507331006,3.0049058558287336,3.0,High (40-80%),0.1379840227150252,1.4399201135751265,1.0,Low - Medium (5-25%),0.468687347859554,3.2286258500193123,3.0,High (40-80%),0.1623126809726484,1.561563404863242,1.0,Low - Medium (5-25%),0.3173987544200785,2.666296466561558,2.0,Medium - High (20-40%),0.1080161319433219,1.2900806597166097,1.0,Low - Medium (5-25%),0.3949385466898003,2.981628184218262,2.0,Medium - High (20-40%),0.1120366970932623,1.310183485466312,1.0,Low - Medium (5-25%),0.292100462012999,2.5464646400682738,2.0,Medium - High (20-40%),0.0685993928998852,1.092996964499426,1.0,Low - Medium (5-25%),0.2989772639593391,2.580035777332146,2.0,Medium - High (20-40%),0.0739885886432344,1.1199429432161725,1.0,Low - Medium (5-25%),0.2924190160442316,2.5480371329752387,2.0,Medium - High (20-40%),0.0694140020200141,1.0970700101000703,1.0,Low - Medium (5-25%),0.2710918742672806,2.4387818703501414,2.0,Medium - High (20-40%),0.0640964990467415,1.070482495233708,1.0,Low - Medium (5-25%),United States,Texas
751820,0.0176910688472071,0.0,0.0,Low (<10%),0.006251105863712,0.1250221172742408,0.0,Low (<5%),0.0252077654244947,0.0,0.0,Low (<10%),0.0091643953569036,0.183287907138072,0.0,Low (<5%),0.0241597883896809,0.0,0.0,Low (<10%),0.0092764935762735,0.1855298715254713,0.0,Low (<5%),0.0276588773567252,0.0,0.0,Low (<10%),0.0121179719829213,0.242359439658427,0.0,Low (<5%),0.0339756379012149,0.0,0.0,Low (<10%),0.0139519695077466,0.2790393901549322,0.0,Low (<5%),0.0542009285098525,0.1163894715457641,0.0,Low (<10%),0.0225512177915708,0.4510243558314161,0.0,Low (<5%),0.032474830470696,0.0,0.0,Low (<10%),0.0120502569486185,0.2410051389723712,0.0,Low (<5%),0.0245442207075046,0.0,0.0,Low (<10%),0.0079081035645127,0.1581620712902547,0.0,Low (<5%),0.0231153855862236,0.0,0.0,Low (<10%),0.0071629632692239,0.1432592653844781,0.0,Low (<5%),0.0212564246674678,0.0,0.0,Low (<10%),0.0076201396119103,0.1524027922382064,0.0,Low (<5%),0.0160379187159692,0.0,0.0,Low (<10%),0.0057308207537572,0.1146164150751449,0.0,Low (<5%),0.0182599759480617,0.0,0.0,Low (<10%),0.0064176029567685,0.1283520591353701,0.0,Low (<5%),United States,Texas
751830,0.0253406958984238,0.0,0.0,Low (<10%),0.0085177132450532,0.170354264901064,0.0,Low (<5%),0.0281512268115955,0.0,0.0,Low (<10%),0.0095284791467954,0.1905695829359091,0.0,Low (<5%),0.0243071745874682,0.0,0.0,Low (<10%),0.0084542980242126,0.1690859604842531,0.0,Low (<5%),0.0311593230154105,0.0,0.0,Low (<10%),0.0113167722005745,0.2263354440114914,0.0,Low (<5%),0.0289059983222373,0.0,0.0,Low (<10%),0.0102769040749752,0.205538081499504,0.0,Low (<5%),0.0378852706730882,0.0,0.0,Low (<10%),0.0137179872703172,0.2743597454063447,0.0,Low (<5%),0.0320662237907196,0.0,0.0,Low (<10%),0.011193937632994,0.2238787526598818,0.0,Low (<5%),0.0288092909701896,0.0,0.0,Low (<10%),0.0094236432319124,0.1884728646382492,0.0,Low (<5%),0.0318028004317164,0.0,0.0,Low (<10%),0.0104430211179131,0.208860422358262,0.0,Low (<5%),0.0286694697127722,0.0,0.0,Low (<10%),0.0096837318994458,0.1936746379889166,0.0,Low (<5%),0.0214990371276873,0.0,0.0,Low (<10%),0.0072371777770664,0.1447435555413286,0.0,Low (<5%),0.0220573803267742,0.0,0.0,Low (<10%),0.0073828676845322,0.1476573536906443,0.0,Low (<5%),United States,Texas
751840,1.0,5.0,-1.0,Arid and Low Water Use,1.0,5.0,-1.0,Arid and Low Water Use,1.0,5.0,-1.0,Arid and Low Water Use,1.0,5.0,-1.0,Arid and Low Water Use,1.0,5.0,-1.0,Arid and Low Water Use,1.0,5.0,-1.0,Arid and Low Water Use,1.0,5.0,-1.0,Arid and Low Water Use,1.0,5.0,-1.0,Arid and Low Water Use,1.0,5.0,-1.0,Arid and Low Water Use,1.0,5.0,-1.0,Arid and Low Water Use,1.0,5.0,-1.0,Arid and Low Water Use,1.0,5.0,-1.0,Arid and Low Water Use,1.0,5.0,-1.0,Arid and Low Water Use,1.0,5.0,-1.0,Arid and Low Water Use,1.0,5.0,-1.0,Arid and Low Water Use,1.0,5.0,-1.0,Arid and Low Water Use,1.0,5.0,-1.0,Arid and Low Water Use,1.0,5.0,-1.0,Arid and Low Water Use,1.0,5.0,-1.0,Arid and Low Water Use,1.0,5.0,-1.0,Arid and Low Water Use,1.0,5.0,-1.0,Arid and Low Water Use,1.0,5.0,-1.0,Arid and Low Water Use,1.0,5.0,-1.0,Arid and Low Water Use,1.0,5.0,-1.0,Arid and Low Water Use,United States,Texas
751850,0.2077806034872736,2.055060983602993,2.0,Medium - High (20-40%),0.0663399016999584,1.0816995084997925,1.0,Low - Medium (5-25%),0.2282769797933293,2.1907853807518025,2.0,Medium - High (20-40%),0.0755041683414989,1.127520841707495,1.0,Low - Medium (5-25%),0.1931437336223818,1.949674871364472,1.0,Low - Medium (10-20%),0.076542726586438,1.13271363293219,1.0,Low - Medium (5-25%),0.2733513075071494,2.4507562763224566,2.0,Medium - High (20-40%),0.1477243383813597,1.4886216919067987,1.0,Low - Medium (5-25%),0.3738080215643325,2.902297528277593,2.0,Medium - High (20-40%),0.1898577211466859,1.6992886057334298,1.0,Low - Medium (5-25%),0.4256189146363893,3.0895622660782127,3.0,High (40-80%),0.212376119340186,1.81188059670093,1.0,Low - Medium (5-25%),0.345850865202448,2.790150065564193,2.0,Medium - High (20-40%),0.1550014199715223,1.525007099857612,1.0,Low - Medium (5-25%),0.2905813601377595,2.538942161679272,2.0,Medium - High (20-40%),0.0965488475323882,1.232744237661941,1.0,Low - Medium (5-25%),0.2383253723563736,2.2529325504546085,2.0,Medium - High (20-40%),0.0610602504856898,1.0553012524284493,1.0,Low - Medium (5-25%),0.220212697685931,2.138897658549741,2.0,Medium - High (20-40%),0.0662067782681688,1.081033891340844,1.0,Low - Medium (5-25%),0.1930736130898385,1.9491510080707213,1.0,Low - Medium (10-20%),0.0622791363330969,1.0613956816654846,1.0,Low - Medium (5-25%),0.2217003594646735,2.148611109390973,2.0,Medium - High (20-40%),0.0704402353064782,1.1022011765323914,1.0,Low - Medium (5-25%),United States,Texas
751860,0.1389854409438924,1.4749337651204937,1.0,Low - Medium (10-20%),0.0378974771693758,0.7579495433875173,0.0,Low (<5%),0.1389287840769066,1.4743455362728417,1.0,Low - Medium (10-20%),0.0408856958493125,0.8177139169862512,0.0,Low (<5%),0.1637664912918039,1.711640193410029,1.0,Low - Medium (10-20%),0.0754399366110374,1.1271996830551871,1.0,Low - Medium (5-25%),0.3561852662586532,2.832627840035247,2.0,Medium - High (20-40%),0.2221432262752071,1.860716131376036,1.0,Low - Medium (5-25%),0.5928202367850172,3.567594696987651,3.0,High (40-80%),0.3254288163054831,2.301715265221932,2.0,Medium - High (25-50%),0.5847570061059744,3.547837241936905,3.0,High (40-80%),0.3133102707843992,2.253241083137597,2.0,Medium - High (25-50%),0.5421860314680439,3.438787944987917,3.0,High (40-80%),0.2632281082337142,2.052912432934857,2.0,Medium - High (25-50%),0.3349805401212778,2.7440772881495805,2.0,Medium - High (20-40%),0.1009852318264295,1.254926159132148,1.0,Low - Medium (5-25%),0.2554678543660491,2.353141767623393,2.0,Medium - High (20-40%),0.0555795328770402,1.0278976643852011,1.0,Low - Medium (5-25%),0.1731777497820758,1.7922535816747818,1.0,Low - Medium (10-20%),0.0403818760722358,0.8076375214447162,0.0,Low (<5%),0.1187686486566859,1.2481540583883926,1.0,Low - Medium (10-20%),0.0382424629716814,0.7648492594336294,0.0,Low (<5%),0.1148643274760762,1.1999308209256234,1.0,Low - Medium (10-20%),0.0321835642369878,0.6436712847397579,0.0,Low (<5%),United States,Texas
751870,0.0767263852586242,0.6177946932166674,0.0,Low (<10%),0.0280343684355386,0.560687368710773,0.0,Low (<5%),0.0784163813698459,0.6492269733860178,0.0,Low (<10%),0.0298409088583423,0.5968181771668467,0.0,Low (<5%),0.0856114916215004,0.7758763675405586,0.0,Low (<10%),0.0378724821071726,0.7574496421434529,0.0,Low (<5%),0.1445166839524632,1.5312360565047547,1.0,Low - Medium (10-20%),0.0890187661065102,1.1950938305325511,1.0,Low - Medium (5-25%),0.2372100307865431,2.246165017725509,2.0,Medium - High (20-40%),0.1284482404235425,1.3922412021177126,1.0,Low - Medium (5-25%),0.2592720896263824,2.3744669099134024,2.0,Medium - High (20-40%),0.1367844991865813,1.4339224959329069,1.0,Low - Medium (5-25%),0.23551035610437,2.235790500907777,2.0,Medium - High (20-40%),0.1112012702945424,1.306006351472712,1.0,Low - Medium (5-25%),0.1465569514115247,1.5514613987957282,1.0,Low - Medium (10-20%),0.0513742170500354,1.006871085250177,1.0,Low - Medium (5-25%),0.1215897330652762,1.2820214139693906,1.0,Low - Medium (10-20%),0.0331875652917489,0.6637513058349785,0.0,Low (<5%),0.0824878673391372,0.7222538424485785,0.0,Low (<10%),0.0258184641575249,0.5163692831504998,0.0,Low (<5%),0.0616829979705289,0.3029447911844166,0.0,Low (<10%),0.0237213286260451,0.4744265725209032,0.0,Low (<5%),0.0650060242450485,0.3786453270342019,0.0,Low (<10%),0.0252486008698096,0.5049720173961926,0.0,Low (<5%),United States,Texas
751880,9999.0,5.0,4.0,Extremely High (>80%),9999.0,5.0,4.0,Extremely High (>75%),0.7412638199211574,3.889987097123544,3.0,High (40-80%),0.2641119406348028,2.056447762539212,2.0,Medium - High (25-50%),1.4582483614928596,4.866164548008728,4.0,Extremely High (>80%),0.9958227022326118,4.983290808930447,4.0,Extremely High (>75%),3.159240801995498,5.0,4.0,Extremely High (>80%),2.327254011869616,5.0,4.0,Extremely High (>75%),7.390684128068491,5.0,4.0,Extremely High (>80%),4.313398612545069,5.0,4.0,Extremely High (>75%),14.756746242481904,5.0,4.0,Extremely High (>80%),8.50270692273132,5.0,4.0,Extremely High (>75%),10.459364472886264,5.0,4.0,Extremely High (>80%),5.665701628076349,5.0,4.0,Extremely High (>75%),6.533728510611303,5.0,4.0,Extremely High (>80%),3.094809737046841,5.0,4.0,Extremely High (>75%),3.26506021081417,5.0,4.0,Extremely High (>80%),0.7584560378049662,4.033824151219864,4.0,Extremely High (>75%),1.5841478333322674,4.985635069486333,4.0,Extremely High (>80%),0.2754998722662064,2.1019994890648257,2.0,Medium - High (25-50%),9999.0,5.0,4.0,Extremely High (>80%),9999.0,5.0,4.0,Extremely High (>75%),9999.0,5.0,4.0,Extremely High (>80%),9999.0,5.0,4.0,Extremely High (>75%),United States,Texas
751890,9999.0,5.0,4.0,Extremely High (>80%),9999.0,5.0,4.0,Extremely High (>75%),9999.0,5.0,4.0,Extremely High (>80%),9999.0,5.0,4.0,Extremely High (>75%),9999.0,5.0,4.0,Extremely High (>80%),9999.0,5.0,4.0,Extremely High (>75%),9999.0,5.0,4.0,Extremely High (>80%),9999.0,5.0,4.0,Extremely High (>75%),9999.0,5.0,4.0,Extremely High (>80%),9999.0,5.0,4.0,Extremely High (>75%),9999.0,5.0,4.0,Extremely High (>80%),9999.0,5.0,4.0,Extremely High (>75%),9999.0,5.0,4.0,Extremely High (>80%),9999.0,5.0,4.0,Extremely High (>75%),9999.0,5.0,4.0,Extremely High (>80%),9999.0,5.0,4.0,Extremely High (>75%),9999.0,5.0,4.0,Extremely High (>80%),9999.0,5.0,4.0,Extremely High (>75%),9999.0,5.0,4.0,Extremely High (>80%),9999.0,5.0,4.0,Extremely High (>75%),9999.0,5.0,4.0,Extremely High (>80%),9999.0,5.0,4.0,Extremely High (>75%),9999.0,5.0,4.0,Extremely High (>80%),9999.0,5.0,4.0,Extremely High (>75%),United States,Texas
751910,0.0534524934878983,0.0963291544376091,0.0,Low (<10%),0.0124132133705568,0.2482642674111378,0.0,Low (<5%),0.0831597238891007,0.7339568732116806,0.0,Low (<10%),0.0193365796465708,0.3867315929314177,0.0,Low (<5%),0.1117545196914151,1.1603331795475995,1.0,Low - Medium (10-20%),0.0445670488920876,0.8913409778417526,0.0,Low (<5%),0.3683362498245865,2.881023387106378,2.0,Medium - High (20-40%),0.2368284452279726,1.9341422261398635,1.0,Low - Medium (5-25%),0.4980628205994789,3.3163277207099373,3.0,High (40-80%),0.2642377438312113,2.0569509753248454,2.0,Medium - High (25-50%),0.5447178208140137,3.445509066699997,3.0,High (40-80%),0.2761012274100296,2.1044049096401185,2.0,Medium - High (25-50%),0.3386251848379179,2.759689275919869,2.0,Medium - High (20-40%),0.2034587099940467,1.7672935499702338,1.0,Low - Medium (5-25%),0.3590638575233524,2.8442404422088985,2.0,Medium - High (20-40%),0.1475625333886028,1.487812666943014,1.0,Low - Medium (5-25%),0.0692337857490307,0.4695481429397447,0.0,Low (<10%),0.0142119811991363,0.2842396239827279,0.0,Low (<5%),0.0798830423951235,0.6759611848746484,0.0,Low (<10%),0.0217267405194021,0.4345348103880422,0.0,Low (<5%),0.0742720417985858,0.5708911448232721,0.0,Low (<10%),0.0171082632325975,0.3421652646519511,0.0,Low (<5%),0.0764545153480613,0.6126736137345341,0.0,Low (<10%),0.0174808319064361,0.3496166381287228,0.0,Low (<5%),United States,Texas
751920,0.0398849150970941,0.0,0.0,Low (<10%),0.0109604665680558,0.2192093313611162,0.0,Low (<5%),0.0527730413139975,0.0778730336538672,0.0,Low (<10%),0.0147976245161644,0.2959524903232884,0.0,Low (<5%),0.0543410051652943,0.1201131569731025,0.0,Low (<10%),0.0209861763376778,0.4197235267535579,0.0,Low (<5%),0.177485216144907,1.827698858517605,1.0,Low - Medium (10-20%),0.1010235915027741,1.2551179575138705,1.0,Low - Medium (5-25%),0.2522203296887538,2.334684565749769,2.0,Medium - High (20-40%),0.1340617498799798,1.4203087493998994,1.0,Low - Medium (5-25%),0.2802378111619275,2.4866516249177404,2.0,Medium - High (20-40%),0.1351980316774472,1.4259901583872363,1.0,Low - Medium (5-25%),0.1413028556710482,1.4987906222240743,1.0,Low - Medium (10-20%),0.0712702222024256,1.106351111012128,1.0,Low - Medium (5-25%),0.1664919977090941,1.7354528370992512,1.0,Low - Medium (10-20%),0.0671020472454289,1.0855102362271445,1.0,Low - Medium (5-25%),0.0529938221934394,0.0838960910078872,0.0,Low (<10%),0.0137543085072652,0.2750861701453056,0.0,Low (<5%),0.0656925491432112,0.3938016542947815,0.0,Low (<10%),0.0216318557971265,0.4326371159425308,0.0,Low (<5%),0.0676748689475766,0.436692093775789,0.0,Low (<10%),0.0188059161963587,0.3761183239271745,0.0,Low (<5%),0.0611304422209867,0.2899629087885512,0.0,Low (<10%),0.0167902554323487,0.3358051086469742,0.0,Low (<5%),United States,Texas
751930,0.1126744740057243,1.1721607151865825,1.0,Low - Medium (10-20%),0.0259805075075083,0.519610150150166,0.0,Low (<5%),0.1714106976952385,1.7774571504670924,1.0,Low - Medium (10-20%),0.0398861611247876,0.7977232224957529,0.0,Low (<5%),0.1431948066283145,1.5179791700641654,1.0,Low - Medium (10-20%),0.0385689565000916,0.7713791300018327,0.0,Low (<5%),0.284093865653129,2.5063676802168007,2.0,Medium - High (20-40%),0.1089910487051205,1.2949552435256029,1.0,Low - Medium (5-25%),0.2256765245034997,2.1742563532047914,2.0,Medium - High (20-40%),0.0829701067138446,1.164850533569223,1.0,Low - Medium (5-25%),0.2963404640855115,2.567255633891927,2.0,Medium - High (20-40%),0.1095222640009127,1.297611320004564,1.0,Low - Medium (5-25%),0.2096261744218732,2.06781886645088,2.0,Medium - High (20-40%),0.0704804488331463,1.1024022441657315,1.0,Low - Medium (5-25%),0.2564666283500746,2.358771113372061,2.0,Medium - High (20-40%),0.0764596982296093,1.1322984911480467,1.0,Low - Medium (5-25%),0.099923095285809,0.9988900726542056,0.0,Low (<10%),0.0222552441776562,0.4451048835531243,0.0,Low (<5%),0.1432987651657236,1.519026177660333,1.0,Low - Medium (10-20%),0.0349033176024662,0.6980663520493245,0.0,Low (<5%),0.1574607306233221,1.6549920775085134,1.0,Low - Medium (10-20%),0.0362438710758028,0.7248774215160565,0.0,Low (<5%),0.1501453854901405,1.5863601363483342,1.0,Low - Medium (10-20%),0.0342367546974728,0.6847350939494565,0.0,Low (<5%),United States,Texas
751940,0.7081552221199688,3.824065622509074,3.0,High (40-80%),0.1695584306270934,1.5977921531354673,1.0,Low - Medium (5-25%),0.7358511101730375,3.879413885379056,3.0,High (40-80%),0.1770928072735935,1.6354640363679676,1.0,Low - Medium (5-25%),0.7304450001515634,3.868775647435588,3.0,High (40-80%),0.1901158353683593,1.700579176841797,1.0,Low - Medium (5-25%),0.9266987833324236,4.212100477566246,4.0,Extremely High (>80%),0.2664277742316356,2.065711096926542,2.0,Medium - High (25-50%),0.7183583011948819,3.844703607866717,3.0,High (40-80%),0.204996274282664,1.7749813714133202,1.0,Low - Medium (5-25%),1.2208640612556874,4.609830665343392,4.0,Extremely High (>80%),0.349241069903002,2.396964279612008,2.0,Medium - High (25-50%),0.545361599839675,3.447213120364589,3.0,High (40-80%),0.1509483763172672,1.504741881586336,1.0,Low - Medium (5-25%),0.8788286403258567,4.135581886810341,4.0,Extremely High (>80%),0.2233465170279826,1.8667325851399128,1.0,Low - Medium (5-25%),0.6136357626959484,3.6173825655667193,3.0,High (40-80%),0.1446352364619752,1.473176182309876,1.0,Low - Medium (5-25%),0.799645967266673,3.9993614071019774,3.0,High (40-80%),0.1940524415530608,1.720262207765304,1.0,Low - Medium (5-25%),0.832808772535448,4.057985265595458,4.0,Extremely High (>80%),0.2005100240172541,1.7525501200862703,1.0,Low - Medium (5-25%),0.790381200681491,3.982548632643581,3.0,High (40-80%),0.1894541046989947,1.6972705234949736,1.0,Low - Medium (5-25%),United States,Texas
751950,0.0672351701022151,0.4272879961374164,0.0,Low (<10%),0.0174488966891478,0.3489779337829573,0.0,Low (<5%),0.0656870478029371,0.3936808325458827,0.0,Low (<10%),0.0178293811193252,0.3565876223865049,0.0,Low (<5%),0.0738933757594697,0.5635169435393792,0.0,Low (<10%),0.0228587147135507,0.4571742942710143,0.0,Low (<5%),0.0968095347305279,0.9532210500404992,0.0,Low (<10%),0.0326111049066174,0.6522220981323499,0.0,Low (<5%),0.0823586649355015,0.7199923486507689,0.0,Low (<10%),0.02763726270391,0.5527452540782005,0.0,Low (<5%),0.1542197174513374,1.6249872299138794,1.0,Low - Medium (10-20%),0.0519462955886578,1.009731477943289,1.0,Low - Medium (5-25%),0.0551103632771214,0.1403955422880308,0.0,Low (<10%),0.017351960311289,0.3470392062257812,0.0,Low (<5%),0.1004788097119172,1.0068912790467412,1.0,Low - Medium (10-20%),0.0289397511059633,0.578795022119267,0.0,Low (<5%),0.0570225589344018,0.1896046879720683,0.0,Low (<10%),0.0143276452502983,0.2865529050059662,0.0,Low (<5%),0.0803678803007735,0.6846909364990901,0.0,Low (<10%),0.0213865033106165,0.4277300662123308,0.0,Low (<5%),0.0807194820443267,0.6909888221922067,0.0,Low (<10%),0.0209004562089782,0.4180091241795655,0.0,Low (<5%),0.0758029158673743,0.6003252499007113,0.0,Low (<10%),0.0193966047762741,0.3879320955254826,0.0,Low (<5%),United States,Texas
751961,0.040182802774261,0.0,0.0,Low (<10%),0.0105384010795657,0.2107680215913157,0.0,Low (<5%),0.0501553696898628,0.0044760707602552,0.0,Low (<10%),0.0139540445476095,0.2790808909521914,0.0,Low (<5%),0.0439076637430729,0.0,0.0,Low (<10%),0.0137915735081874,0.2758314701637497,0.0,Low (<5%),0.0510093339594149,0.0288331683700903,0.0,Low (<10%),0.0174354518625109,0.3487090372502189,0.0,Low (<5%),0.050768859316793,0.0220157508312806,0.0,Low (<10%),0.017170650147807,0.3434130029561417,0.0,Low (<5%),0.1052367675978179,1.0736388411666449,1.0,Low - Medium (10-20%),0.0355662806463164,0.7113256129263281,0.0,Low (<5%),0.0427689595804313,0.0,0.0,Low (<10%),0.0136236125228678,0.2724722504573577,0.0,Low (<5%),0.0505018629510607,0.0144085131886281,0.0,Low (<10%),0.0147349994967047,0.2946999899340949,0.0,Low (<5%),0.0256878932845878,0.0,0.0,Low (<10%),0.006502002194741,0.1300400438948214,0.0,Low (<5%),0.0465757222207034,0.0,0.0,Low (<10%),0.012532243869356,0.250644877387121,0.0,Low (<5%),0.0552493947553277,0.1440305653041291,0.0,Low (<10%),0.0144959727117269,0.2899194542345389,0.0,Low (<5%),0.0423912141549984,0.0,0.0,Low (<10%),0.0110719382250042,0.2214387645000846,0.0,Low (<5%),United States,Texas
751962,0.4252683393972848,3.088373452436604,3.0,High (40-80%),0.1460677435860604,1.4803387179303025,1.0,Low - Medium (5-25%),0.6037225099369299,3.5938855933801443,3.0,High (40-80%),0.3094877520702194,2.237951008280878,2.0,Medium - High (25-50%),0.660658088514403,3.723903824493723,3.0,High (40-80%),0.3657798867980778,2.463119547192312,2.0,Medium - High (25-50%),1.0375267074556738,4.375076568906378,4.0,Extremely High (>80%),0.6600482592718854,3.6401930370875415,3.0,High (50-75%),1.2824986273789485,4.680885376645895,4.0,Extremely High (>80%),0.6735835049861504,3.6943340199446015,3.0,High (50-75%),1.9450736623383176,5.0,4.0,Extremely High (>80%),0.9887855886400688,4.955142354560275,4.0,Extremely High (>75%),0.7549366365677619,3.9163555610659992,3.0,High (40-80%),0.3806721481505077,2.522688592602031,2.0,Medium - High (25-50%),0.9774276398233152,4.288989901875579,4.0,Extremely High (>80%),0.336470138869876,2.345880555479504,2.0,Medium - High (25-50%),0.3786525350229837,2.9208745873731523,2.0,Medium - High (20-40%),0.0787383599573506,1.1436917997867533,1.0,Low - Medium (5-25%),0.3398862428226917,2.7650519687841326,2.0,Medium - High (20-40%),0.1064587335636988,1.282293667818494,1.0,Low - Medium (5-25%),0.4462912942919031,3.1579856645230024,3.0,High (40-80%),0.1473274013784671,1.4866370068923356,1.0,Low - Medium (5-25%),0.3766488347457831,2.913220066011624,2.0,Medium - High (20-40%),0.1134488719211064,1.3172443596055323,1.0,Low - Medium (5-25%),United States,Texas
751963,0.0181900226595921,0.0,0.0,Low (<10%),0.0050719698607553,0.101439397215106,0.0,Low (<5%),0.0200406227898684,0.0,0.0,Low (<10%),0.0056575748864646,0.113151497729292,0.0,Low (<5%),0.0169714967749952,0.0,0.0,Low (<10%),0.0048849762360022,0.0976995247200446,0.0,Low (<5%),0.0144017252277153,0.0,0.0,Low (<10%),0.0042026291268804,0.0840525825376095,0.0,Low (<5%),0.017827430803521,0.0,0.0,Low (<10%),0.0051144178901641,0.1022883578032833,0.0,Low (<5%),0.0552819899581168,0.1448814537446499,0.0,Low (<10%),0.0158972245350865,0.3179444907017318,0.0,Low (<5%),0.0138136776650707,0.0,0.0,Low (<10%),0.0039669884294004,0.079339768588008,0.0,Low (<5%),0.0132929232692526,0.0,0.0,Low (<10%),0.0037089898605503,0.0741797972110074,0.0,Low (<5%),0.0097232119035645,0.0,0.0,Low (<10%),0.002677595385721,0.0535519077144201,0.0,Low (<5%),0.0148217262850058,0.0,0.0,Low (<10%),0.0041527244881414,0.0830544897628281,0.0,Low (<5%),0.017379369980451,0.0,0.0,Low (<10%),0.004855266480776,0.0971053296155217,0.0,Low (<5%),0.0145169409538852,0.0,0.0,Low (<10%),0.0040364902980424,0.0807298059608484,0.0,Low (<5%),United States,Texas
751964,1.0,5.0,-1.0,Arid and Low Water Use,1.0,5.0,-1.0,Arid and Low Water Use,1.0,5.0,-1.0,Arid and Low Water Use,1.0,5.0,-1.0,Arid and Low Water Use,1.0,5.0,-1.0,Arid and Low Water Use,1.0,5.0,-1.0,Arid and Low Water Use,1.0,5.0,-1.0,Arid and Low Water Use,1.0,5.0,-1.0,Arid and Low Water Use,1.0,5.0,-1.0,Arid and Low Water Use,1.0,5.0,-1.0,Arid and Low Water Use,1.0,5.0,-1.0,Arid and Low Water Use,1.0,5.0,-1.0,Arid and Low Water Use,1.0,5.0,-1.0,Arid and Low Water Use,1.0,5.0,-1.0,Arid and Low Water Use,1.0,5.0,-1.0,Arid and Low Water Use,1.0,5.0,-1.0,Arid and Low Water Use,1.0,5.0,-1.0,Arid and Low Water Use,1.0,5.0,-1.0,Arid and Low Water Use,1.0,5.0,-1.0,Arid and Low Water Use,1.0,5.0,-1.0,Arid and Low Water Use,1.0,5.0,-1.0,Arid and Low Water Use,1.0,5.0,-1.0,Arid and Low Water Use,1.0,5.0,-1.0,Arid and Low Water Use,1.0,5.0,-1.0,Arid and Low Water Use,United States,Texas
751965,0.106337305713689,1.0886478181880612,1.0,Low - Medium (10-20%),0.0383226416723077,0.7664528334461553,0.0,Low (<5%),0.130136547451382,1.380026184363866,1.0,Low - Medium (10-20%),0.0594114285356508,1.0470571426782542,1.0,Low - Medium (5-25%),0.1561813897723155,1.6432225553828792,1.0,Low - Medium (10-20%),0.0710126547323649,1.1050632736618249,1.0,Low - Medium (5-25%),0.1535912285183901,1.6190958271634988,1.0,Low - Medium (10-20%),0.0692857125556064,1.096428562778032,1.0,Low - Medium (5-25%),0.164245148757113,1.715850758873842,1.0,Low - Medium (10-20%),0.0699086874705999,1.0995434373529998,1.0,Low - Medium (5-25%),0.2788466063154776,2.4794717128590444,2.0,Medium - High (20-40%),0.1113523136751455,1.3067615683757277,1.0,Low - Medium (5-25%),0.1158646363209043,1.212440300688116,1.0,Low - Medium (10-20%),0.0469813709557415,0.9396274191148308,0.0,Low (<5%),0.1334316890895302,1.4161013371602054,1.0,Low - Medium (10-20%),0.0406751019494654,0.8135020389893095,0.0,Low (<5%),0.0746703257995548,0.5786069308946298,0.0,Low (<10%),0.0187436108697779,0.3748722173955584,0.0,Low (<5%),0.0581564769489828,0.2180117802473848,0.0,Low (<10%),0.0189094455626755,0.3781889112535104,0.0,Low (<5%),0.0736771654757581,0.5592894639261243,0.0,Low (<10%),0.0258239482452754,0.5164789649055099,0.0,Low (<5%),0.0657247230323733,0.3945080623718819,0.0,Low (<10%),0.0221320167834141,0.4426403356682838,0.0,Low (<5%),United States,Texas
751966,1.0,5.0,-1.0,Arid and Low Water Use,1.0,5.0,-1.0,Arid and Low Water Use,1.0,5.0,-1.0,Arid and Low Water Use,1.0,5.0,-1.0,Arid and Low Water Use,1.0,5.0,-1.0,Arid and Low Water Use,1.0,5.0,-1.0,Arid and Low Water Use,1.0,5.0,-1.0,Arid and Low Water Use,1.0,5.0,-1.0,Arid and Low Water Use,1.0,5.0,-1.0,Arid and Low Water Use,1.0,5.0,-1.0,Arid and Low Water Use,1.0,5.0,-1.0,Arid and Low Water Use,1.0,5.0,-1.0,Arid and Low Water Use,1.0,5.0,-1.0,Arid and Low Water Use,1.0,5.0,-1.0,Arid and Low Water Use,1.0,5.0,-1.0,Arid and Low Water Use,1.0,5.0,-1.0,Arid and Low Water Use,1.0,5.0,-1.0,Arid and Low Water Use,1.0,5.0,-1.0,Arid and Low Water Use,1.0,5.0,-1.0,Arid and Low Water Use,1.0,5.0,-1.0,Arid and Low Water Use,1.0,5.0,-1.0,Arid and Low Water Use,1.0,5.0,-1.0,Arid and Low Water Use,1.0,5.0,-1.0,Arid and Low Water Use,1.0,5.0,-1.0,Arid and Low Water Use,United States,Texas
751967,0.0894002852847102,0.8383513403040047,0.0,Low (<10%),0.0296754387544621,0.5935087750892427,0.0,Low (<5%),0.1030957856000073,1.0439853587172665,1.0,Low - Medium (10-20%),0.0569483513889435,1.0347417569447177,1.0,Low - Medium (5-25%),0.142969041641517,1.515702781230254,1.0,Low - Medium (10-20%),0.079398744525068,1.1469937226253402,1.0,Low - Medium (5-25%),0.1721440692000718,1.7836164772596326,1.0,Low - Medium (10-20%),0.0982359067059817,1.2411795335299085,1.0,Low - Medium (5-25%),0.1957343288336408,1.96889680499252,1.0,Low - Medium (10-20%),0.1032270624551342,1.266135312275671,1.0,Low - Medium (5-25%),0.3063728992076824,2.615288686597461,2.0,Medium - High (20-40%),0.1543069188690267,1.5215345943451335,1.0,Low - Medium (5-25%),0.1322000809767159,1.4027230605420544,1.0,Low - Medium (10-20%),0.0643826979639317,1.071913489819659,1.0,Low - Medium (5-25%),0.1509059341429439,1.593649538735821,1.0,Low - Medium (10-20%),0.0513421401382971,1.006710700691486,1.0,Low - Medium (5-25%),0.0675012821695199,0.4329868111581768,0.0,Low (<10%),0.0145190271971464,0.2903805439429289,0.0,Low (<5%),0.0441113009360337,0.0,0.0,Low (<10%),0.0138484902752194,0.2769698055043882,0.0,Low (<5%),0.05263281068186,0.0740343443763136,0.0,Low (<10%),0.0197322284883875,0.3946445697677517,0.0,Low (<5%),0.0536913553436042,0.1027617287634936,0.0,Low (<10%),0.0171782580974642,0.3435651619492857,0.0,Low (<5%),United States,Texas
751968,0.0418623690487523,0.0,0.0,Low (<10%),0.0176566685342286,0.3531333706845738,0.0,Low (<5%),0.0449884899079655,0.0,0.0,Low (<10%),0.0293115906445537,0.5862318128910742,0.0,Low (<5%),0.0588401534595877,0.2348729143684919,0.0,Low (<10%),0.0350449149022072,0.700898298044144,0.0,Low (<5%),0.0737664515237965,0.5610367427448666,0.0,Low (<10%),0.0442544949119978,0.885089898239957,0.0,Low (<5%),0.0874422078440272,0.806401733448809,0.0,Low (<10%),0.0441300614757598,0.8826012295151965,0.0,Low (<5%),0.1270658623890083,1.3455764868551765,1.0,Low - Medium (10-20%),0.057914677109303,1.0395733855465152,1.0,Low - Medium (5-25%),0.048536091685403,0.0,0.0,Low (<10%),0.0212538365291151,0.425076730582303,0.0,Low (<5%),0.0611434891879918,0.290270787899844,0.0,Low (<10%),0.0188838592989429,0.3776771859788594,0.0,Low (<5%),0.0310398491470722,0.0,0.0,Low (<10%),0.008296139507811,0.1659227901562205,0.0,Low (<5%),0.0224712857183161,0.0,0.0,Low (<10%),0.0094555343822981,0.1891106876459636,0.0,Low (<5%),0.0238137875598284,0.0,0.0,Low (<10%),0.0097466463127348,0.194932926254696,0.0,Low (<5%),0.0237814751028665,0.0,0.0,Low (<10%),0.009072621211442,0.1814524242288411,0.0,Low (<5%),United States,Texas
751969,0.0068012229649146,0.0,0.0,Low (<10%),0.0035872177807604,0.0717443556152096,0.0,Low (<5%),0.0093607271886084,0.0,0.0,Low (<10%),0.0075397363030625,0.1507947260612518,0.0,Low (<5%),0.0155791748277436,0.0,0.0,Low (<10%),0.0104394061004315,0.2087881220086316,0.0,Low (<5%),0.0212372040286306,0.0,0.0,Low (<10%),0.012254055458837,0.2450811091767409,0.0,Low (<5%),0.0297666477534971,0.0,0.0,Low (<10%),0.0139836594698757,0.2796731893975143,0.0,Low (<5%),0.0388030750226539,0.0,0.0,Low (<10%),0.0168193435911395,0.33638687182279,0.0,Low (<5%),0.017041992012705,0.0,0.0,Low (<10%),0.0068625324758649,0.1372506495172997,0.0,Low (<5%),0.0175550341982862,0.0,0.0,Low (<10%),0.0048950672393816,0.0979013447876329,0.0,Low (<5%),0.0076394444784072,0.0,0.0,Low (<10%),0.0018771247067382,0.0375424941347651,0.0,Low (<5%),0.0037339215068657,0.0,0.0,Low (<10%),0.0017535656315443,0.0350713126308861,0.0,Low (<5%),0.0039239193493857,0.0,0.0,Low (<10%),0.001817454009878,0.0363490801975601,0.0,Low (<5%),0.0040967622761646,0.0,0.0,Low (<10%),0.0016552475590131,0.0331049511802626,0.0,Low (<5%),United States,Texas
751970,0.6262125109773468,3.6466523320867226,3.0,High (40-80%),0.1556407656263146,1.528203828131573,1.0,Low - Medium (5-25%),0.8024620562981094,4.0044331773007045,4.0,Extremely High (>80%),0.2070323141457319,1.7851615707286594,1.0,Low - Medium (5-25%),0.6091738677120081,3.606854054545285,3.0,High (40-80%),0.1674126865183382,1.5870634325916912,1.0,Low - Medium (5-25%),0.6466063446124664,3.69288766350488,3.0,High (40-80%),0.1822044156614751,1.6610220783073757,1.0,Low - Medium (5-25%),0.487557322034129,3.285571846252552,3.0,High (40-80%),0.1375020604040151,1.4375103020200757,1.0,Low - Medium (5-25%),0.8038026332535524,4.0068413036664,4.0,Extremely High (>80%),0.2319354753403152,1.909677376701576,1.0,Low - Medium (5-25%),0.4270153619065349,3.094287971831064,3.0,High (40-80%),0.1213605696138264,1.3568028480691323,1.0,Low - Medium (5-25%),0.6761137353065252,3.7572659559168833,3.0,High (40-80%),0.1791672019778191,1.6458360098890956,1.0,Low - Medium (5-25%),0.2192329974669569,2.1324649593347003,2.0,Medium - High (20-40%),0.052787649957158,1.0139382497857905,1.0,Low - Medium (5-25%),0.584770999212563,3.547871764898974,3.0,High (40-80%),0.1455854999894124,1.4779274999470622,1.0,Low - Medium (5-25%),0.6667457938209669,3.737136818534697,3.0,High (40-80%),0.1642336395899795,1.571168197949898,1.0,Low - Medium (5-25%),0.7667928850917242,3.938836950607384,3.0,High (40-80%),0.188780795447312,1.69390397723656,1.0,Low - Medium (5-25%),United States,Texas
751980,1.0,5.0,-1.0,Arid and Low Water Use,1.0,5.0,-1.0,Arid and Low Water Use,1.0,5.0,-1.0,Arid and Low Water Use,1.0,5.0,-1.0,Arid and Low Water Use,1.0,5.0,-1.0,Arid and Low Water Use,1.0,5.0,-1.0,Arid and Low Water Use,1.0,5.0,-1.0,Arid and Low Water Use,1.0,5.0,-1.0,Arid and Low Water Use,1.0,5.0,-1.0,Arid and Low Water Use,1.0,5.0,-1.0,Arid and Low Water Use,1.0,5.0,-1.0,Arid and Low Water Use,1.0,5.0,-1.0,Arid and Low Water Use,1.0,5.0,-1.0,Arid and Low Water Use,1.0,5.0,-1.0,Arid and Low Water Use,1.0,5.0,-1.0,Arid and Low Water Use,1.0,5.0,-1.0,Arid and Low Water Use,1.0,5.0,-1.0,Arid and Low Water Use,1.0,5.0,-1.0,Arid and Low Water Use,1.0,5.0,-1.0,Arid and Low Water Use,1.0,5.0,-1.0,Arid and Low Water Use,1.0,5.0,-1.0,Arid and Low Water Use,1.0,5.0,-1.0,Arid and Low Water Use,1.0,5.0,-1.0,Arid and Low Water Use,1.0,5.0,-1.0,Arid and Low Water Use,United States,Texas
751990,1.745019876046271,5.0,4.0,Extremely High (>80%),0.6004779581042091,3.4019118324168365,3.0,High (50-75%),3.265238690667452,5.0,4.0,Extremely High (>80%),1.8175036205383164,5.0,4.0,Extremely High (>75%),4.816053288537756,5.0,4.0,Extremely High (>80%),2.200204446515955,5.0,4.0,Extremely High (>75%),6.29503538378396,5.0,4.0,Extremely High (>80%),2.0754838303862466,5.0,4.0,Extremely High (>75%),5.797918211829185,5.0,4.0,Extremely High (>80%),2.063695099149617,5.0,4.0,Extremely High (>75%),7.683514217920729,5.0,4.0,Extremely High (>80%),1.916109598467624,5.0,4.0,Extremely High (>75%),3.787887063338997,5.0,4.0,Extremely High (>80%),1.1895090480114232,5.0,4.0,Extremely High (>75%),6.542523499103093,5.0,4.0,Extremely High (>80%),1.5658957895833818,5.0,4.0,Extremely High (>75%),0.821769565008414,4.038733899957364,4.0,Extremely High (>80%),0.153986756352064,1.51993378176032,1.0,Low - Medium (5-25%),1.2100533772347482,4.59699878319169,4.0,Extremely High (>80%),0.2836146161033082,2.1344584644132327,2.0,Medium - High (25-50%),0.8090391948165969,4.016209597337316,4.0,Extremely High (>80%),0.1976067004012467,1.7380335020062336,1.0,Low - Medium (5-25%),0.8804457046490549,4.138234038640492,4.0,Extremely High (>80%),0.2446222370134132,1.9731111850670664,1.0,Low - Medium (5-25%),United States,Texas
752101,1.0,5.0,-1.0,Arid and Low Water Use,1.0,5.0,-1.0,Arid and Low Water Use,1.0,5.0,-1.0,Arid and Low Water Use,1.0,5.0,-1.0,Arid and Low Water Use,1.0,5.0,-1.0,Arid and Low Water Use,1.0,5.0,-1.0,Arid and Low Water Use,1.0,5.0,-1.0,Arid and Low Water Use,1.0,5.0,-1.0,Arid and Low Water Use,1.0,5.0,-1.0,Arid and Low Water Use,1.0,5.0,-1.0,Arid and Low Water Use,1.0,5.0,-1.0,Arid and Low Water Use,1.0,5.0,-1.0,Arid and Low Water Use,1.0,5.0,-1.0,Arid and Low Water Use,1.0,5.0,-1.0,Arid and Low Water Use,1.0,5.0,-1.0,Arid and Low Water Use,1.0,5.0,-1.0,Arid and Low Water Use,1.0,5.0,-1.0,Arid and Low Water Use,1.0,5.0,-1.0,Arid and Low Water Use,1.0,5.0,-1.0,Arid and Low Water Use,1.0,5.0,-1.0,Arid and Low Water Use,1.0,5.0,-1.0,Arid and Low Water Use,1.0,5.0,-1.0,Arid and Low Water Use,1.0,5.0,-1.0,Arid and Low Water Use,1.0,5.0,-1.0,Arid and Low Water Use,United States,Texas
752102,1.0,5.0,-1.0,Arid and Low Water Use,1.0,5.0,-1.0,Arid and Low Water Use,1.0,5.0,-1.0,Arid and Low Water Use,1.0,5.0,-1.0,Arid and Low Water Use,1.0,5.0,-1.0,Arid and Low Water Use,1.0,5.0,-1.0,Arid and Low Water Use,1.0,5.0,-1.0,Arid and Low Water Use,1.0,5.0,-1.0,Arid and Low Water Use,1.0,5.0,-1.0,Arid and Low Water Use,1.0,5.0,-1.0,Arid and Low Water Use,1.0,5.0,-1.0,Arid and Low Water Use,1.0,5.0,-1.0,Arid and Low Water Use,1.0,5.0,-1.0,Arid and Low Water Use,1.0,5.0,-1.0,Arid and Low Water Use,1.0,5.0,-1.0,Arid and Low Water Use,1.0,5.0,-1.0,Arid and Low Water Use,1.0,5.0,-1.0,Arid and Low Water Use,1.0,5.0,-1.0,Arid and Low Water Use,1.0,5.0,-1.0,Arid and Low Water Use,1.0,5.0,-1.0,Arid and Low Water Use,1.0,5.0,-1.0,Arid and Low Water Use,1.0,5.0,-1.0,Arid and Low Water Use,1.0,5.0,-1.0,Arid and Low Water Use,1.0,5.0,-1.0,Arid and Low Water Use,United States,Texas
752105,1.0,5.0,-1.0,Arid and Low Water Use,1.0,5.0,-1.0,Arid and Low Water Use,1.0,5.0,-1.0,Arid and Low Water Use,1.0,5.0,-1.0,Arid and Low Water Use,1.0,5.0,-1.0,Arid and Low Water Use,1.0,5.0,-1.0,Arid and Low Water Use,1.0,5.0,-1.0,Arid and Low Water Use,1.0,5.0,-1.0,Arid and Low Water Use,1.0,5.0,-1.0,Arid and Low Water Use,1.0,5.0,-1.0,Arid and Low Water Use,1.0,5.0,-1.0,Arid and Low Water Use,1.0,5.0,-1.0,Arid and Low Water Use,1.0,5.0,-1.0,Arid and Low Water Use,1.0,5.0,-1.0,Arid and Low Water Use,1.0,5.0,-1.0,Arid and Low Water Use,1.0,5.0,-1.0,Arid and Low Water Use,1.0,5.0,-1.0,Arid and Low Water Use,1.0,5.0,-1.0,Arid and Low Water Use,1.0,5.0,-1.0,Arid and Low Water Use,1.0,5.0,-1.0,Arid and Low Water Use,1.0,5.0,-1.0,Arid and Low Water Use,1.0,5.0,-1.0,Arid and Low Water Use,1.0,5.0,-1.0,Arid and Low Water Use,1.0,5.0,-1.0,Arid and Low Water Use,United States,Texas
752110,0.1554850319258022,1.6367757031481889,1.0,Low - Medium (10-20%),0.0566007904142209,1.0330039520711043,1.0,Low - Medium (5-25%),0.2635291658077124,2.397962639424655,2.0,Medium - High (20-40%),0.164839485380401,1.5741974269020051,1.0,Low - Medium (5-25%),0.4593782156258342,3.1996824436689244,3.0,High (40-80%),0.2590804925300362,2.0363219701201447,2.0,Medium - High (25-50%),0.7628279786018155,3.931357759028023,3.0,High (40-80%),0.3006836910935909,2.202734764374364,2.0,Medium - High (25-50%),1.206644105113443,4.592928316547685,4.0,Extremely High (>80%),0.5074316682185921,3.0297266728743684,3.0,High (50-75%),1.5590582345285509,4.962602912016361,4.0,Extremely High (>80%),0.5444512898305789,3.177805159322316,3.0,High (50-75%),0.4046806174313338,3.016783751390968,3.0,High (40-80%),0.1744644068752373,1.6223220343761864,1.0,Low - Medium (5-25%),0.8068439829923849,4.0122897308465735,4.0,Extremely High (>80%),0.2558188955008521,2.023275582003408,2.0,Medium - High (25-50%),0.0929674733180375,0.89479795153912,0.0,Low (<10%),0.0167224697891205,0.3344493957824118,0.0,Low (<5%),0.1000386443878476,1.0005574129695798,1.0,Low - Medium (10-20%),0.021258519944632,0.4251703988926412,0.0,Low (<5%),0.1246160548535336,1.3174899493046244,1.0,Low - Medium (10-20%),0.0305002698140877,0.6100053962817547,0.0,Low (<5%),0.1152466444449595,1.2047247453349414,1.0,Low - Medium (10-20%),0.0369323878778296,0.7386477575565928,0.0,Low (<5%),United States,Texas
752130,0.0281221049389823,0.0,0.0,Low (<10%),0.0133229248935786,0.2664584978715732,0.0,Low (<5%),0.0548960910577977,0.1347753291644943,0.0,Low (<10%),0.0341737315055904,0.6834746301118088,0.0,Low (<5%),0.1237403600982473,1.307316137473754,1.0,Low - Medium (10-20%),0.0756519552466436,1.128259776233218,1.0,Low - Medium (5-25%),0.2251868696344511,2.1711227081218443,2.0,Medium - High (20-40%),0.1096330579812098,1.298165289906049,1.0,Low - Medium (5-25%),0.3877308679686724,2.955055595271191,2.0,Medium - High (20-40%),0.2070184181492255,1.7850920907461278,1.0,Low - Medium (5-25%),0.6498582813094509,3.700125134842579,3.0,High (40-80%),0.3193823028137899,2.2775292112551595,2.0,Medium - High (25-50%),0.1106782931566034,1.1463723004745705,1.0,Low - Medium (10-20%),0.0582733863688112,1.0413669318440562,1.0,Low - Medium (5-25%),0.1452090745201467,1.5381316141885886,1.0,Low - Medium (10-20%),0.0546981958403432,1.0234909792017164,1.0,Low - Medium (5-25%),0.0263359473316088,0.0,0.0,Low (<10%),0.0053788783408393,0.107577566816786,0.0,Low (<5%),0.0150880744280952,0.0,0.0,Low (<10%),0.0043396499883173,0.086792999766347,0.0,Low (<5%),0.0180414725144987,0.0,0.0,Low (<10%),0.0058247307202798,0.1164946144055964,0.0,Low (<5%),0.018121609701339,0.0,0.0,Low (<10%),0.0074204499717851,0.1484089994357023,0.0,Low (<5%),United States,Texas
752151,0.3031026946122311,2.5998066778775133,2.0,Medium - High (20-40%),0.0867070654174516,1.1835353270872582,1.0,Low - Medium (5-25%),0.4994159315614933,3.320241844530344,3.0,High (40-80%),0.1976790635577264,1.7383953177886322,1.0,Low - Medium (5-25%),0.7766722904205285,3.957305995396535,3.0,High (40-80%),0.3610203464198287,2.444081385679315,2.0,Medium - High (25-50%),1.2375348738500336,4.62939727593544,4.0,Extremely High (>80%),0.5791450801908373,3.3165803207633493,3.0,High (50-75%),1.566662017980638,4.9696220701184615,4.0,Extremely High (>80%),0.6860560739572322,3.744224295828929,3.0,High (50-75%),2.4465589549424385,5.0,4.0,Extremely High (>80%),1.0671843807178611,5.0,4.0,Extremely High (>75%),0.4816602978441302,3.268016010775684,3.0,High (40-80%),0.1947375188992595,1.723687594496298,1.0,Low - Medium (5-25%),0.667803818461058,3.7394243426659015,3.0,High (40-80%),0.2158192960539247,1.829096480269624,1.0,Low - Medium (5-25%),0.1646140471389904,1.7190874516347487,1.0,Low - Medium (10-20%),0.0369830086510069,0.7396601730201389,0.0,Low (<5%),0.1434326486852798,1.5203734531552895,1.0,Low - Medium (10-20%),0.0406444704818051,0.8128894096361033,0.0,Low (<5%),0.2124935215322422,2.087418857270189,2.0,Medium - High (20-40%),0.0526252515779166,1.0131262578895834,1.0,Low - Medium (5-25%),0.2240164122463694,2.163604433171554,2.0,Medium - High (20-40%),0.0563038099476779,1.0315190497383897,1.0,Low - Medium (5-25%),United States,Texas
752153,0.0627288187989981,0.3272003016705463,0.0,Low (<10%),0.0153968679274494,0.3079373585489894,0.0,Low (<5%),0.0946206773435918,0.9202273935540928,0.0,Low (<10%),0.0302470554169352,0.6049411083387053,0.0,Low (<5%),0.1486706522727355,1.5721198861309422,1.0,Low - Medium (10-20%),0.0621559697745698,1.0607798488728493,1.0,Low - Medium (5-25%),0.2223179646215116,2.152624531465194,2.0,Medium - High (20-40%),0.100641929534718,1.25320964767359,1.0,Low - Medium (5-25%),0.2898203683995683,2.535158990189632,2.0,Medium - High (20-40%),0.1255650897670296,1.377825448835148,1.0,Low - Medium (5-25%),0.4280723735561079,3.0978547315411853,3.0,High (40-80%),0.1776940953649884,1.638470476824942,1.0,Low - Medium (5-25%),0.2265557951377335,2.179866394446707,2.0,Medium - High (20-40%),0.0872373736937853,1.1861868684689267,1.0,Low - Medium (5-25%),0.2097030179222969,2.068347624001037,2.0,Medium - High (20-40%),0.0603745239807939,1.05187261990397,1.0,Low - Medium (5-25%),0.0651615439100996,0.3820926919879873,0.0,Low (<10%),0.0131236528038832,0.2624730560776646,0.0,Low (<5%),0.0464968205995172,0.0,0.0,Low (<10%),0.0118960653573088,0.2379213071461767,0.0,Low (<5%),0.0447656350169169,0.0,0.0,Low (<10%),0.0114068920152813,0.2281378403056272,0.0,Low (<5%),0.0484610413351546,0.0,0.0,Low (<10%),0.0123586643191578,0.2471732863831575,0.0,Low (<5%),United States,Texas
752154,0.0511428093620236,0.0326033175759892,0.0,Low (<10%),0.0272513977914669,0.5450279558293386,0.0,Low (<5%),0.1375734783325748,1.4602023714498356,1.0,Low - Medium (10-20%),0.1232170031246626,1.3660850156233133,1.0,Low - Medium (5-25%),0.2154512426813706,2.107361419660087,2.0,Medium - High (20-40%),0.1755706253606836,1.6278531268034184,1.0,Low - Medium (5-25%),0.5336747652229443,3.4159607951965074,3.0,High (40-80%),0.3578474332961819,2.4313897331847274,2.0,Medium - High (25-50%),0.6173271250602375,3.6260351840875007,3.0,High (40-80%),0.3675580090628363,2.470232036251345,2.0,Medium - High (25-50%),1.2768136032674229,4.674476022222779,4.0,Extremely High (>80%),0.6812444535795161,3.724977814318065,3.0,High (50-75%),0.5134332321888673,3.360176677998348,3.0,High (40-80%),0.2694860386110514,2.077944154444205,2.0,Medium - High (25-50%),0.4472614420986944,3.1611183906011417,3.0,High (40-80%),0.1378924743315402,1.439462371657701,1.0,Low - Medium (5-25%),0.0966036032983517,0.9501489074626172,0.0,Low (<10%),0.0176345048992734,0.3526900979854683,0.0,Low (<5%),0.0442639998418935,0.0,0.0,Low (<10%),0.020957397219534,0.4191479443906817,0.0,Low (<5%),0.0478870317731582,0.0,0.0,Low (<10%),0.023089428057834,0.4617885611566808,0.0,Low (<5%),0.0472608457179591,0.0,0.0,Low (<10%),0.019255492753474,0.3851098550694802,0.0,Low (<5%),United States,Texas
752155,0.3429981413163655,2.778200758552818,2.0,Medium - High (20-40%),0.1039161419709844,1.269580709854922,1.0,Low - Medium (5-25%),0.6823310827022243,3.770471937886062,3.0,High (40-80%),0.3113528785550675,2.24541151422027,2.0,Medium - High (25-50%),0.8410823386922442,4.0722470416317424,4.0,Extremely High (>80%),0.5186660169894621,3.0746640679578485,3.0,High (50-75%),2.255018461036268,5.0,4.0,Extremely High (>80%),1.3488829044981532,5.0,4.0,Extremely High (>75%),2.483143570658725,5.0,4.0,Extremely High (>80%),1.361568202054599,5.0,4.0,Extremely High (>75%),3.048853167328975,5.0,4.0,Extremely High (>80%),1.6305331056489465,5.0,4.0,Extremely High (>75%),1.5824096671527426,4.98405123974131,4.0,Extremely High (>80%),0.7739237312470408,4.095694924988163,4.0,Extremely High (>75%),1.0844068691197577,4.438834251882396,4.0,Extremely High (>80%),0.3235250091000596,2.294100036400238,2.0,Medium - High (25-50%),0.4708057761875971,3.235132020516718,3.0,High (40-80%),0.086133687908172,1.18066843954086,1.0,Low - Medium (5-25%),0.2387499616018756,2.2555005011199545,2.0,Medium - High (20-40%),0.0726542990728306,1.1132714953641534,1.0,Low - Medium (5-25%),0.2439936074191045,2.286843349978449,2.0,Medium - High (20-40%),0.0706313106362191,1.1031565531810956,1.0,Low - Medium (5-25%),0.2755970183356331,2.462560279712505,2.0,Medium - High (20-40%),0.0654564907360001,1.077282453680001,1.0,Low - Medium (5-25%),United States,Texas
752156,0.0166510792456621,0.0,0.0,Low (<10%),0.0045629161375891,0.0912583227517829,0.0,Low (<5%),0.025638532007277,0.0,0.0,Low (<10%),0.0070411339500848,0.1408226790016973,0.0,Low (<5%),0.0369754499560328,0.0,0.0,Low (<10%),0.0101802806113005,0.2036056122260106,0.0,Low (<5%),0.0898146088050109,0.8450220308851394,0.0,Low (<10%),0.0242268074138783,0.4845361482775679,0.0,Low (<5%),0.0969658466594123,0.9555485953863492,0.0,Low (<10%),0.0258996567681264,0.5179931353625282,0.0,Low (<5%),0.1104105973576758,1.1428786505728237,1.0,Low - Medium (10-20%),0.0294593216112862,0.5891864322257256,0.0,Low (<5%),0.0783491323121194,0.6479892025809595,0.0,Low (<10%),0.0209320526368155,0.4186410527363115,0.0,Low (<5%),0.0266604204831631,0.0,0.0,Low (<10%),0.0072635973135,0.1452719462700014,0.0,Low (<5%),0.0123723876034056,0.0,0.0,Low (<10%),0.003431371291978,0.0686274258395608,0.0,Low (<5%),0.010837485683349,0.0,0.0,Low (<10%),0.0030042259674586,0.0600845193491724,0.0,Low (<5%),0.0168122378581711,0.0,0.0,Low (<10%),0.0046410330205607,0.0928206604112156,0.0,Low (<5%),0.0155116189345691,0.0,0.0,Low (<10%),0.0042543403573836,0.0850868071476738,0.0,Low (<5%),United States,Texas
752157,0.0003883018183925,0.0,0.0,Low (<10%),0.0001011123483083,0.0020222469661669,0.0,Low (<5%),0.000588324635881,0.0,0.0,Low (<10%),0.0001536414082076,0.0030728281641528,0.0,Low (<5%),0.0009125799409436,0.0,0.0,Low (<10%),0.0002391654427859,0.0047833088557189,0.0,Low (<5%),0.0026367855590593,0.0,0.0,Low (<10%),0.0006899304379547,0.0137986087590959,0.0,Low (<5%),0.0032508221501687,0.0,0.0,Low (<10%),0.0008522172986828,0.0170443459736568,0.0,Low (<5%),0.0036341461597772,0.0,0.0,Low (<10%),0.0009555239943762,0.0191104798875248,0.0,Low (<5%),0.0021175032591218,0.0,0.0,Low (<10%),0.0005584088706165,0.0111681774123311,0.0,Low (<5%),0.0005942018168044,0.0,0.0,Low (<10%),0.0001578647970587,0.0031572959411756,0.0,Low (<5%),0.0002549696370166,0.0,0.0,Low (<10%),6.776077297887993e-05,0.0013552154595775,0.0,Low (<5%),0.0002333450253496,0.0,0.0,Low (<10%),6.166966979942848e-05,0.0012333933959885,0.0,Low (<5%),0.0003649136898553,0.0,0.0,Low (<10%),9.57319838955433e-05,0.0019146396779108,0.0,Low (<5%),0.0003437195783054,0.0,0.0,Low (<10%),8.96633475129263e-05,0.0017932669502585,0.0,Low (<5%),United States,Texas
752158,1.0,5.0,-1.0,Arid and Low Water Use,1.0,5.0,-1.0,Arid and Low Water Use,1.0,5.0,-1.0,Arid and Low Water Use,1.0,5.0,-1.0,Arid and Low Water Use,1.0,5.0,-1.0,Arid and Low Water Use,1.0,5.0,-1.0,Arid and Low Water Use,1.0,5.0,-1.0,Arid and Low Water Use,1.0,5.0,-1.0,Arid and Low Water Use,1.0,5.0,-1.0,Arid and Low Water Use,1.0,5.0,-1.0,Arid and Low Water Use,1.0,5.0,-1.0,Arid and Low Water Use,1.0,5.0,-1.0,Arid and Low Water Use,1.0,5.0,-1.0,Arid and Low Water Use,1.0,5.0,-1.0,Arid and Low Water Use,1.0,5.0,-1.0,Arid and Low Water Use,1.0,5.0,-1.0,Arid and Low Water Use,1.0,5.0,-1.0,Arid and Low Water Use,1.0,5.0,-1.0,Arid and Low Water Use,1.0,5.0,-1.0,Arid and Low Water Use,1.0,5.0,-1.0,Arid and Low Water Use,1.0,5.0,-1.0,Arid and Low Water Use,1.0,5.0,-1.0,Arid and Low Water Use,1.0,5.0,-1.0,Arid and Low Water Use,1.0,5.0,-1.0,Arid and Low Water Use,United States,Texas
752159,0.0002599079860145,0.0,0.0,Low (<10%),0.0001679900741258,0.0033598014825175,0.0,Low (<5%),0.0004280265558909,0.0,0.0,Low (<10%),0.0002749021322545,0.0054980426450916,0.0,Low (<5%),0.0007091720155411,0.0,0.0,Low (<10%),0.00046333339905,0.0092666679810007,0.0,Low (<5%),0.0030375728882231,0.0,0.0,Low (<10%),0.0019986874801956,0.0399737496039138,0.0,Low (<5%),0.0045727546401154,0.0,0.0,Low (<10%),0.0030225375386384,0.0604507507727684,0.0,Low (<5%),0.0051199411415386,0.0,0.0,Low (<10%),0.0034084700409572,0.0681694008191455,0.0,Low (<5%),0.0020062561652115,0.0,0.0,Low (<10%),0.0013394891560363,0.0267897831207272,0.0,Low (<5%),0.0004448364125233,0.0,0.0,Low (<10%),0.0002977064510676,0.0059541290213531,0.0,Low (<5%),0.0001976790965405,0.0,0.0,Low (<10%),0.0001316877165799,0.0026337543315987,0.0,Low (<5%),0.0001786263421656,0.0,0.0,Low (<10%),0.0001179571338327,0.0023591426766546,0.0,Low (<5%),0.000260545853981,0.0,0.0,Low (<10%),0.0001701823567557,0.0034036471351148,0.0,Low (<5%),0.0002433123756195,0.0,0.0,Low (<10%),0.0001576222391845,0.0031524447836908,0.0,Low (<5%),United States,Texas
752161,1.0,5.0,-1.0,Arid and Low Water Use,1.0,5.0,-1.0,Arid and Low Water Use,1.0,5.0,-1.0,Arid and Low Water Use,1.0,5.0,-1.0,Arid and Low Water Use,1.0,5.0,-1.0,Arid and Low Water Use,1.0,5.0,-1.0,Arid and Low Water Use,1.0,5.0,-1.0,Arid and Low Water Use,1.0,5.0,-1.0,Arid and Low Water Use,1.0,5.0,-1.0,Arid and Low Water Use,1.0,5.0,-1.0,Arid and Low Water Use,1.0,5.0,-1.0,Arid and Low Water Use,1.0,5.0,-1.0,Arid and Low Water Use,1.0,5.0,-1.0,Arid and Low Water Use,1.0,5.0,-1.0,Arid and Low Water Use,1.0,5.0,-1.0,Arid and Low Water Use,1.0,5.0,-1.0,Arid and Low Water Use,1.0,5.0,-1.0,Arid and Low Water Use,1.0,5.0,-1.0,Arid and Low Water Use,1.0,5.0,-1.0,Arid and Low Water Use,1.0,5.0,-1.0,Arid and Low Water Use,1.0,5.0,-1.0,Arid and Low Water Use,1.0,5.0,-1.0,Arid and Low Water Use,1.0,5.0,-1.0,Arid and Low Water Use,1.0,5.0,-1.0,Arid and Low Water Use,United States,Texas
752162,1.0,5.0,-1.0,Arid and Low Water Use,1.0,5.0,-1.0,Arid and Low Water Use,1.0,5.0,-1.0,Arid and Low Water Use,1.0,5.0,-1.0,Arid and Low Water Use,1.0,5.0,-1.0,Arid and Low Water Use,1.0,5.0,-1.0,Arid and Low Water Use,1.0,5.0,-1.0,Arid and Low Water Use,1.0,5.0,-1.0,Arid and Low Water Use,1.0,5.0,-1.0,Arid and Low Water Use,1.0,5.0,-1.0,Arid and Low Water Use,1.0,5.0,-1.0,Arid and Low Water Use,1.0,5.0,-1.0,Arid and Low Water Use,1.0,5.0,-1.0,Arid and Low Water Use,1.0,5.0,-1.0,Arid and Low Water Use,1.0,5.0,-1.0,Arid and Low Water Use,1.0,5.0,-1.0,Arid and Low Water Use,1.0,5.0,-1.0,Arid and Low Water Use,1.0,5.0,-1.0,Arid and Low Water Use,1.0,5.0,-1.0,Arid and Low Water Use,1.0,5.0,-1.0,Arid and Low Water Use,1.0,5.0,-1.0,Arid and Low Water Use,1.0,5.0,-1.0,Arid and Low Water Use,1.0,5.0,-1.0,Arid and Low Water Use,1.0,5.0,-1.0,Arid and Low Water Use,United States,Texas
752163,1.0,5.0,-1.0,Arid and Low Water Use,1.0,5.0,-1.0,Arid and Low Water Use,1.0,5.0,-1.0,Arid and Low Water Use,1.0,5.0,-1.0,Arid and Low Water Use,1.0,5.0,-1.0,Arid and Low Water Use,1.0,5.0,-1.0,Arid and Low Water Use,1.0,5.0,-1.0,Arid and Low Water Use,1.0,5.0,-1.0,Arid and Low Water Use,1.0,5.0,-1.0,Arid and Low Water Use,1.0,5.0,-1.0,Arid and Low Water Use,1.0,5.0,-1.0,Arid and Low Water Use,1.0,5.0,-1.0,Arid and Low Water Use,1.0,5.0,-1.0,Arid and Low Water Use,1.0,5.0,-1.0,Arid and Low Water Use,1.0,5.0,-1.0,Arid and Low Water Use,1.0,5.0,-1.0,Arid and Low Water Use,1.0,5.0,-1.0,Arid and Low Water Use,1.0,5.0,-1.0,Arid and Low Water Use,1.0,5.0,-1.0,Arid and Low Water Use,1.0,5.0,-1.0,Arid and Low Water Use,1.0,5.0,-1.0,Arid and Low Water Use,1.0,5.0,-1.0,Arid and Low Water Use,1.0,5.0,-1.0,Arid and Low Water Use,1.0,5.0,-1.0,Arid and Low Water Use,United States,Texas
752164,1.0,5.0,-1.0,Arid and Low Water Use,1.0,5.0,-1.0,Arid and Low Water Use,1.0,5.0,-1.0,Arid and Low Water Use,1.0,5.0,-1.0,Arid and Low Water Use,1.0,5.0,-1.0,Arid and Low Water Use,1.0,5.0,-1.0,Arid and Low Water Use,1.0,5.0,-1.0,Arid and Low Water Use,1.0,5.0,-1.0,Arid and Low Water Use,1.0,5.0,-1.0,Arid and Low Water Use,1.0,5.0,-1.0,Arid and Low Water Use,1.0,5.0,-1.0,Arid and Low Water Use,1.0,5.0,-1.0,Arid and Low Water Use,1.0,5.0,-1.0,Arid and Low Water Use,1.0,5.0,-1.0,Arid and Low Water Use,1.0,5.0,-1.0,Arid and Low Water Use,1.0,5.0,-1.0,Arid and Low Water Use,1.0,5.0,-1.0,Arid and Low Water Use,1.0,5.0,-1.0,Arid and Low Water Use,1.0,5.0,-1.0,Arid and Low Water Use,1.0,5.0,-1.0,Arid and Low Water Use,1.0,5.0,-1.0,Arid and Low Water Use,1.0,5.0,-1.0,Arid and Low Water Use,1.0,5.0,-1.0,Arid and Low Water Use,1.0,5.0,-1.0,Arid and Low Water Use,United States,Texas
752165,9999.0,5.0,4.0,Extremely High (>80%),9999.0,5.0,4.0,Extremely High (>75%),9999.0,5.0,4.0,Extremely High (>80%),9999.0,5.0,4.0,Extremely High (>75%),9999.0,5.0,4.0,Extremely High (>80%),9999.0,5.0,4.0,Extremely High (>75%),9999.0,5.0,4.0,Extremely High (>80%),9999.0,5.0,4.0,Extremely High (>75%),9999.0,5.0,4.0,Extremely High (>80%),9999.0,5.0,4.0,Extremely High (>75%),9999.0,5.0,4.0,Extremely High (>80%),9999.0,5.0,4.0,Extremely High (>75%),9999.0,5.0,4.0,Extremely High (>80%),9999.0,5.0,4.0,Extremely High (>75%),9999.0,5.0,4.0,Extremely High (>80%),9999.0,5.0,4.0,Extremely High (>75%),9999.0,5.0,4.0,Extremely High (>80%),9999.0,5.0,4.0,Extremely High (>75%),9999.0,5.0,4.0,Extremely High (>80%),9999.0,5.0,4.0,Extremely High (>75%),9999.0,5.0,4.0,Extremely High (>80%),9999.0,5.0,4.0,Extremely High (>75%),9999.0,5.0,4.0,Extremely High (>80%),9999.0,5.0,4.0,Extremely High (>75%),United States,Texas
752171,0.0004228464036888,0.0,0.0,Low (<10%),0.0004163572936922,0.0083271458738441,0.0,Low (<5%),0.000710773239391,0.0,0.0,Low (<10%),0.000695296009592,0.0139059201918417,0.0,Low (<5%),0.0012709864733537,0.0,0.0,Low (<10%),0.0011873444737227,0.0237468894744555,0.0,Low (<5%),0.0096946342242147,0.0,0.0,Low (<10%),0.0083429338091251,0.1668586761825035,0.0,Low (<5%),9999.0,5.0,4.0,Extremely High (>80%),9999.0,5.0,4.0,Extremely High (>75%),9999.0,5.0,4.0,Extremely High (>80%),9999.0,5.0,4.0,Extremely High (>75%),0.0049730679928072,0.0,0.0,Low (<10%),0.0042664703076303,0.0853294061526065,0.0,Low (<5%),0.000686864530752,0.0,0.0,Low (<10%),0.0006411003762423,0.0128220075248477,0.0,Low (<5%),0.0003123701065984,0.0,0.0,Low (<10%),0.0003012794408586,0.006025588817173,0.0,Low (<5%),0.0002966257349809,0.0,0.0,Low (<10%),0.0002896232878199,0.0057924657563981,0.0,Low (<5%),0.0003912358223351,0.0,0.0,Low (<10%),0.000385008384741,0.0077001676948215,0.0,Low (<5%),0.0003948402625138,0.0,0.0,Low (<10%),0.0003896875340784,0.0077937506815683,0.0,Low (<5%),United States,Texas
752172,1.0,5.0,-1.0,Arid and Low Water Use,1.0,5.0,-1.0,Arid and Low Water Use,1.0,5.0,-1.0,Arid and Low Water Use,1.0,5.0,-1.0,Arid and Low Water Use,1.0,5.0,-1.0,Arid and Low Water Use,1.0,5.0,-1.0,Arid and Low Water Use,1.0,5.0,-1.0,Arid and Low Water Use,1.0,5.0,-1.0,Arid and Low Water Use,1.0,5.0,-1.0,Arid and Low Water Use,1.0,5.0,-1.0,Arid and Low Water Use,1.0,5.0,-1.0,Arid and Low Water Use,1.0,5.0,-1.0,Arid and Low Water Use,1.0,5.0,-1.0,Arid and Low Water Use,1.0,5.0,-1.0,Arid and Low Water Use,1.0,5.0,-1.0,Arid and Low Water Use,1.0,5.0,-1.0,Arid and Low Water Use,1.0,5.0,-1.0,Arid and Low Water Use,1.0,5.0,-1.0,Arid and Low Water Use,1.0,5.0,-1.0,Arid and Low Water Use,1.0,5.0,-1.0,Arid and Low Water Use,1.0,5.0,-1.0,Arid and Low Water Use,1.0,5.0,-1.0,Arid and Low Water Use,1.0,5.0,-1.0,Arid and Low Water Use,1.0,5.0,-1.0,Arid and Low Water Use,United States,Texas
752173,0.0038211830560945,0.0,0.0,Low (<10%),0.0017232432312288,0.0344648646245763,0.0,Low (<5%),0.0061943457922524,0.0,0.0,Low (<10%),0.0028058816575654,0.0561176331513095,0.0,Low (<5%),0.0095765939388999,0.0,0.0,Low (<10%),0.004354447503991,0.0870889500798215,0.0,Low (<5%),9999.0,5.0,4.0,Extremely High (>80%),9999.0,5.0,4.0,Extremely High (>75%),9999.0,5.0,4.0,Extremely High (>80%),9999.0,5.0,4.0,Extremely High (>75%),9999.0,5.0,4.0,Extremely High (>80%),9999.0,5.0,4.0,Extremely High (>75%),0.0247138497111523,0.0,0.0,Low (<10%),0.0112316879241376,0.2246337584827532,0.0,Low (<5%),0.0048415137458552,0.0,0.0,Low (<10%),0.0022249606661448,0.0444992133228968,0.0,Low (<5%),0.0023732500306312,0.0,0.0,Low (<10%),0.00110817069162,0.0221634138324015,0.0,Low (<5%),0.0024381975178647,0.0,0.0,Low (<10%),0.0011292365850719,0.0225847317014391,0.0,Low (<5%),0.0035906628242703,0.0,0.0,Low (<10%),0.0016418859204264,0.032837718408529,0.0,Low (<5%),0.0035477712244321,0.0,0.0,Low (<10%),0.0016043613998516,0.032087227997033,0.0,Low (<5%),United States,Texas
752174,1.0,5.0,-1.0,Arid and Low Water Use,1.0,5.0,-1.0,Arid and Low Water Use,1.0,5.0,-1.0,Arid and Low Water Use,1.0,5.0,-1.0,Arid and Low Water Use,1.0,5.0,-1.0,Arid and Low Water Use,1.0,5.0,-1.0,Arid and Low Water Use,1.0,5.0,-1.0,Arid and Low Water Use,1.0,5.0,-1.0,Arid and Low Water Use,1.0,5.0,-1.0,Arid and Low Water Use,1.0,5.0,-1.0,Arid and Low Water Use,1.0,5.0,-1.0,Arid and Low Water Use,1.0,5.0,-1.0,Arid and Low Water Use,1.0,5.0,-1.0,Arid and Low Water Use,1.0,5.0,-1.0,Arid and Low Water Use,1.0,5.0,-1.0,Arid and Low Water Use,1.0,5.0,-1.0,Arid and Low Water Use,1.0,5.0,-1.0,Arid and Low Water Use,1.0,5.0,-1.0,Arid and Low Water Use,1.0,5.0,-1.0,Arid and Low Water Use,1.0,5.0,-1.0,Arid and Low Water Use,1.0,5.0,-1.0,Arid and Low Water Use,1.0,5.0,-1.0,Arid and Low Water Use,1.0,5.0,-1.0,Arid and Low Water Use,1.0,5.0,-1.0,Arid and Low Water Use,United States,Texas
752175,0.0005789807415891,0.0,0.0,Low (<10%),0.0005752066428837,0.0115041328576753,0.0,Low (<5%),0.0009278809170045,0.0,0.0,Low (<10%),0.0009168185724826,0.0183363714496534,0.0,Low (<5%),0.0014672006528726,0.0,0.0,Low (<10%),0.0014194824165807,0.0283896483316156,0.0,Low (<5%),9999.0,5.0,4.0,Extremely High (>80%),9999.0,5.0,4.0,Extremely High (>75%),9999.0,5.0,4.0,Extremely High (>80%),9999.0,5.0,4.0,Extremely High (>75%),9999.0,5.0,4.0,Extremely High (>80%),9999.0,5.0,4.0,Extremely High (>75%),0.0050416318777843,0.0,0.0,Low (<10%),0.0047471155483364,0.0949423109667293,0.0,Low (<5%),0.0007398068160502,0.0,0.0,Low (<10%),0.0007225214279163,0.0144504285583277,0.0,Low (<5%),0.0003756582322638,0.0,0.0,Low (<10%),0.0003721822372861,0.0074436447457227,0.0,Low (<5%),0.000399156718887,0.0,0.0,Low (<10%),0.0003956369233201,0.0079127384664023,0.0,Low (<5%),0.0005807004154648,0.0,0.0,Low (<10%),0.0005756334268138,0.0115126685362769,0.0,Low (<5%),0.0005375781387071,0.0,0.0,Low (<10%),0.0005349213683717,0.0106984273674346,0.0,Low (<5%),United States,Texas
752176,1.0,5.0,-1.0,Arid and Low Water Use,1.0,5.0,-1.0,Arid and Low Water Use,1.0,5.0,-1.0,Arid and Low Water Use,1.0,5.0,-1.0,Arid and Low Water Use,1.0,5.0,-1.0,Arid and Low Water Use,1.0,5.0,-1.0,Arid and Low Water Use,1.0,5.0,-1.0,Arid and Low Water Use,1.0,5.0,-1.0,Arid and Low Water Use,1.0,5.0,-1.0,Arid and Low Water Use,1.0,5.0,-1.0,Arid and Low Water Use,1.0,5.0,-1.0,Arid and Low Water Use,1.0,5.0,-1.0,Arid and Low Water Use,1.0,5.0,-1.0,Arid and Low Water Use,1.0,5.0,-1.0,Arid and Low Water Use,1.0,5.0,-1.0,Arid and Low Water Use,1.0,5.0,-1.0,Arid and Low Water Use,1.0,5.0,-1.0,Arid and Low Water Use,1.0,5.0,-1.0,Arid and Low Water Use,1.0,5.0,-1.0,Arid and Low Water Use,1.0,5.0,-1.0,Arid and Low Water Use,1.0,5.0,-1.0,Arid and Low Water Use,1.0,5.0,-1.0,Arid and Low Water Use,1.0,5.0,-1.0,Arid and Low Water Use,1.0,5.0,-1.0,Arid and Low Water Use,United States,Texas
752177,0.0083891889011336,0.0,0.0,Low (<10%),0.0044949992325577,0.0898999846511548,0.0,Low (<5%),0.0196418401261132,0.0,0.0,Low (<10%),0.0218884971532242,0.4377699430644854,0.0,Low (<5%),0.1045291625817053,1.0639054958231795,1.0,Low - Medium (10-20%),0.0611228741755359,1.05561437087768,1.0,Low - Medium (5-25%),9999.0,5.0,4.0,Extremely High (>80%),9999.0,5.0,4.0,Extremely High (>75%),9999.0,5.0,4.0,Extremely High (>80%),9999.0,5.0,4.0,Extremely High (>75%),9999.0,5.0,4.0,Extremely High (>80%),9999.0,5.0,4.0,Extremely High (>75%),9999.0,5.0,4.0,Extremely High (>80%),9999.0,5.0,4.0,Extremely High (>75%),0.0235631543864882,0.0,0.0,Low (<10%),0.005499713622551,0.1099942724510205,0.0,Low (<5%),0.007715552327938,0.0,0.0,Low (<10%),0.0021789496324192,0.043578992648385,0.0,Low (<5%),0.0056171524846169,0.0,0.0,Low (<10%),0.0029123965371767,0.0582479307435356,0.0,Low (<5%),0.0078044647781339,0.0,0.0,Low (<10%),0.0031294495920295,0.0625889918405909,0.0,Low (<5%),0.0057985528114537,0.0,0.0,Low (<10%),0.0024695233073364,0.0493904661467289,0.0,Low (<5%),United States,Texas
752178,1.0,5.0,-1.0,Arid and Low Water Use,1.0,5.0,-1.0,Arid and Low Water Use,1.0,5.0,-1.0,Arid and Low Water Use,1.0,5.0,-1.0,Arid and Low Water Use,1.0,5.0,-1.0,Arid and Low Water Use,1.0,5.0,-1.0,Arid and Low Water Use,1.0,5.0,-1.0,Arid and Low Water Use,1.0,5.0,-1.0,Arid and Low Water Use,1.0,5.0,-1.0,Arid and Low Water Use,1.0,5.0,-1.0,Arid and Low Water Use,1.0,5.0,-1.0,Arid and Low Water Use,1.0,5.0,-1.0,Arid and Low Water Use,1.0,5.0,-1.0,Arid and Low Water Use,1.0,5.0,-1.0,Arid and Low Water Use,1.0,5.0,-1.0,Arid and Low Water Use,1.0,5.0,-1.0,Arid and Low Water Use,1.0,5.0,-1.0,Arid and Low Water Use,1.0,5.0,-1.0,Arid and Low Water Use,1.0,5.0,-1.0,Arid and Low Water Use,1.0,5.0,-1.0,Arid and Low Water Use,1.0,5.0,-1.0,Arid and Low Water Use,1.0,5.0,-1.0,Arid and Low Water Use,1.0,5.0,-1.0,Arid and Low Water Use,1.0,5.0,-1.0,Arid and Low Water Use,United States,Texas
752179,0.014955550784041,0.0,0.0,Low (<10%),0.0036625299718009,0.0732505994360196,0.0,Low (<5%),0.0261575065051983,0.0,0.0,Low (<10%),0.0118757389555892,0.2375147791117858,0.0,Low (<5%),0.0601538815919056,0.2667297393171987,0.0,Low (<10%),0.028757598071862,0.5751519614372411,0.0,Low (<5%),0.66455701916244,3.732392988416074,3.0,High (40-80%),0.2581913860317825,2.0327655441271304,2.0,Medium - High (25-50%),2.2535367611264943,5.0,4.0,Extremely High (>80%),0.8530370605921153,4.4121482423684615,4.0,Extremely High (>75%),1.4456901514794684,4.853686473715689,4.0,Extremely High (>80%),0.5068442535081825,3.02737701403273,3.0,High (50-75%),0.1324608542606929,1.4055660675389192,1.0,Low - Medium (10-20%),0.0419756320367498,0.8395126407349975,0.0,Low (<5%),0.0232263086189682,0.0,0.0,Low (<10%),0.0048480223281939,0.0969604465638783,0.0,Low (<5%),0.010931140036096,0.0,0.0,Low (<10%),0.00228787235912,0.0457574471824017,0.0,Low (<5%),0.0109820651432094,0.0,0.0,Low (<10%),0.0025364084245262,0.0507281684905241,0.0,Low (<5%),0.0150448217660366,0.0,0.0,Low (<10%),0.0034702642555415,0.0694052851108304,0.0,Low (<5%),0.0138798825849718,0.0,0.0,Low (<10%),0.0029538007909621,0.0590760158192439,0.0,Low (<5%),United States,Texas
752191,0.8178790996065519,4.031887597092263,4.0,Extremely High (>80%),0.1729805625329781,1.6149028126648908,1.0,Low - Medium (5-25%),1.121139550188856,4.486893958967412,4.0,Extremely High (>80%),0.2808753621303088,2.123501448521236,2.0,Medium - High (25-50%),1.1622068874430478,4.538795004352984,4.0,Extremely High (>80%),0.4665226445286162,2.8660905781144645,2.0,Medium - High (25-50%),1.6908027748442502,5.0,4.0,Extremely High (>80%),0.6195739193163096,3.4782956772652383,3.0,High (50-75%),2.089902614486871,5.0,4.0,Extremely High (>80%),0.6314735659460767,3.525894263784307,3.0,High (50-75%),1.9402958609943264,5.0,4.0,Extremely High (>80%),0.5631610316598881,3.2526441266395523,3.0,High (50-75%),1.1135764429208346,4.477128692112681,4.0,Extremely High (>80%),0.3622555551118879,2.449022220447552,2.0,Medium - High (25-50%),0.6355201418470176,3.6679378499860458,3.0,High (40-80%),0.1851159264944361,1.6755796324721808,1.0,Low - Medium (5-25%),0.4321617173136945,3.1115712779172835,3.0,High (40-80%),0.0925900777503905,1.2129503887519526,1.0,Low - Medium (5-25%),0.4550409023241935,3.1859962308675844,3.0,High (40-80%),0.0935642353759417,1.217821176879709,1.0,Low - Medium (5-25%),0.5985409712354957,3.581450005690352,3.0,High (40-80%),0.1266325140258921,1.383162570129461,1.0,Low - Medium (5-25%),0.6462120367999897,3.6920076235062815,3.0,High (40-80%),0.1365899343159601,1.4329496715798005,1.0,Low - Medium (5-25%),United States,Texas
771800,9999.0,5.0,4.0,Extremely High (>80%),9999.0,5.0,4.0,Extremely High (>75%),9999.0,5.0,4.0,Extremely High (>80%),9999.0,5.0,4.0,Extremely High (>75%),9999.0,5.0,4.0,Extremely High (>80%),9999.0,5.0,4.0,Extremely High (>75%),9999.0,5.0,4.0,Extremely High (>80%),9999.0,5.0,4.0,Extremely High (>75%),9999.0,5.0,4.0,Extremely High (>80%),9999.0,5.0,4.0,Extremely High (>75%),9999.0,5.0,4.0,Extremely High (>80%),9999.0,5.0,4.0,Extremely High (>75%),2.1504365209671312,5.0,4.0,Extremely High (>80%),1.0697985554705225,5.0,4.0,Extremely High (>75%),1.4766701215957811,4.884275668388893,4.0,Extremely High (>80%),0.8031823789066521,4.2127295156266085,4.0,Extremely High (>75%),9999.0,5.0,4.0,Extremely High (>80%),9999.0,5.0,4.0,Extremely High (>75%),9999.0,5.0,4.0,Extremely High (>80%),9999.0,5.0,4.0,Extremely High (>75%),9999.0,5.0,4.0,Extremely High (>80%),9999.0,5.0,4.0,Extremely High (>75%),9999.0,5.0,4.0,Extremely High (>80%),9999.0,5.0,4.0,Extremely High (>75%),United States,Arizona
771806,1.0,5.0,-1.0,Arid and Low Water Use,1.0,5.0,-1.0,Arid and Low Water Use,1.0,5.0,-1.0,Arid and Low Water Use,1.0,5.0,-1.0,Arid and Low Water Use,1.0,5.0,-1.0,Arid and Low Water Use,1.0,5.0,-1.0,Arid and Low Water Use,1.0,5.0,-1.0,Arid and Low Water Use,1.0,5.0,-1.0,Arid and Low Water Use,1.0,5.0,-1.0,Arid and Low Water Use,1.0,5.0,-1.0,Arid and Low Water Use,1.0,5.0,-1.0,Arid and Low Water Use,1.0,5.0,-1.0,Arid and Low Water Use,1.0,5.0,-1.0,Arid and Low Water Use,1.0,5.0,-1.0,Arid and Low Water Use,1.0,5.0,-1.0,Arid and Low Water Use,1.0,5.0,-1.0,Arid and Low Water Use,1.0,5.0,-1.0,Arid and Low Water Use,1.0,5.0,-1.0,Arid and Low Water Use,1.0,5.0,-1.0,Arid and Low Water Use,1.0,5.0,-1.0,Arid and Low Water Use,1.0,5.0,-1.0,Arid and Low Water Use,1.0,5.0,-1.0,Arid and Low Water Use,1.0,5.0,-1.0,Arid and Low Water Use,1.0,5.0,-1.0,Arid and Low Water Use,United States,Arizona
771960,9999.0,5.0,4.0,Extremely High (>80%),9999.0,5.0,4.0,Extremely High (>75%),9999.0,5.0,4.0,Extremely High (>80%),9999.0,5.0,4.0,Extremely High (>75%),9999.0,5.0,4.0,Extremely High (>80%),9999.0,5.0,4.0,Extremely High (>75%),9999.0,5.0,4.0,Extremely High (>80%),9999.0,5.0,4.0,Extremely High (>75%),9999.0,5.0,4.0,Extremely High (>80%),9999.0,5.0,4.0,Extremely High (>75%),9999.0,5.0,4.0,Extremely High (>80%),9999.0,5.0,4.0,Extremely High (>75%),9999.0,5.0,4.0,Extremely High (>80%),9999.0,5.0,4.0,Extremely High (>75%),9999.0,5.0,4.0,Extremely High (>80%),9999.0,5.0,4.0,Extremely High (>75%),9999.0,5.0,4.0,Extremely High (>80%),9999.0,5.0,4.0,Extremely High (>75%),9999.0,5.0,4.0,Extremely High (>80%),9999.0,5.0,4.0,Extremely High (>75%),9999.0,5.0,4.0,Extremely High (>80%),9999.0,5.0,4.0,Extremely High (>75%),9999.0,5.0,4.0,Extremely High (>80%),9999.0,5.0,4.0,Extremely High (>75%),United States,Arizona
771980,1.0,5.0,-1.0,Arid and Low Water Use,1.0,5.0,-1.0,Arid and Low Water Use,1.0,5.0,-1.0,Arid and Low Water Use,1.0,5.0,-1.0,Arid and Low Water Use,1.0,5.0,-1.0,Arid and Low Water Use,1.0,5.0,-1.0,Arid and Low Water Use,1.0,5.0,-1.0,Arid and Low Water Use,1.0,5.0,-1.0,Arid and Low Water Use,1.0,5.0,-1.0,Arid and Low Water Use,1.0,5.0,-1.0,Arid and Low Water Use,1.0,5.0,-1.0,Arid and Low Water Use,1.0,5.0,-1.0,Arid and Low Water Use,1.0,5.0,-1.0,Arid and Low Water Use,1.0,5.0,-1.0,Arid and Low Water Use,1.0,5.0,-1.0,Arid and Low Water Use,1.0,5.0,-1.0,Arid and Low Water Use,1.0,5.0,-1.0,Arid and Low Water Use,1.0,5.0,-1.0,Arid and Low Water Use,1.0,5.0,-1.0,Arid and Low Water Use,1.0,5.0,-1.0,Arid and Low Water Use,1.0,5.0,-1.0,Arid and Low Water Use,1.0,5.0,-1.0,Arid and Low Water Use,1.0,5.0,-1.0,Arid and Low Water Use,1.0,5.0,-1.0,Arid and Low Water Use,United States,Arizona
771990,9999.0,5.0,4.0,Extremely High (>80%),9999.0,5.0,4.0,Extremely High (>75%),9999.0,5.0,4.0,Extremely High (>80%),9999.0,5.0,4.0,Extremely High (>75%),9999.0,5.0,4.0,Extremely High (>80%),9999.0,5.0,4.0,Extremely High (>75%),9999.0,5.0,4.0,Extremely High (>80%),9999.0,5.0,4.0,Extremely High (>75%),9999.0,5.0,4.0,Extremely High (>80%),9999.0,5.0,4.0,Extremely High (>75%),9999.0,5.0,4.0,Extremely High (>80%),9999.0,5.0,4.0,Extremely High (>75%),9999.0,5.0,4.0,Extremely High (>80%),9999.0,5.0,4.0,Extremely High (>75%),9999.0,5.0,4.0,Extremely High (>80%),9999.0,5.0,4.0,Extremely High (>75%),9999.0,5.0,4.0,Extremely High (>80%),9999.0,5.0,4.0,Extremely High (>75%),9999.0,5.0,4.0,Extremely High (>80%),9999.0,5.0,4.0,Extremely High (>75%),9999.0,5.0,4.0,Extremely High (>80%),9999.0,5.0,4.0,Extremely High (>75%),9999.0,5.0,4.0,Extremely High (>80%),9999.0,5.0,4.0,Extremely High (>75%),United States,Arizona
772000,2.772848967318028,5.0,4.0,Extremely High (>80%),0.8431831515530404,4.372732606212161,4.0,Extremely High (>75%),2.955265476253976,5.0,4.0,Extremely High (>80%),1.3567308891694776,5.0,4.0,Extremely High (>75%),9999.0,5.0,4.0,Extremely High (>80%),9999.0,5.0,4.0,Extremely High (>75%),9999.0,5.0,4.0,Extremely High (>80%),9999.0,5.0,4.0,Extremely High (>75%),9999.0,5.0,4.0,Extremely High (>80%),9999.0,5.0,4.0,Extremely High (>75%),9999.0,5.0,4.0,Extremely High (>80%),9999.0,5.0,4.0,Extremely High (>75%),9999.0,5.0,4.0,Extremely High (>80%),9999.0,5.0,4.0,Extremely High (>75%),9999.0,5.0,4.0,Extremely High (>80%),9999.0,5.0,4.0,Extremely High (>75%),9999.0,5.0,4.0,Extremely High (>80%),9999.0,5.0,4.0,Extremely High (>75%),9999.0,5.0,4.0,Extremely High (>80%),9999.0,5.0,4.0,Extremely High (>75%),9999.0,5.0,4.0,Extremely High (>80%),9999.0,5.0,4.0,Extremely High (>75%),3.507738111632499,5.0,4.0,Extremely High (>80%),0.6077593843983511,3.4310375375934044,3.0,High (50-75%),United States,California
772100,0.1638709741566205,1.712560337971837,1.0,Low - Medium (10-20%),0.0576195436623748,1.0380977183118745,1.0,Low - Medium (5-25%),0.2468216209971626,2.3034687767367243,2.0,Medium - High (20-40%),0.1244739190556717,1.3723695952783586,1.0,Low - Medium (5-25%),0.590911005961366,3.562940869952908,3.0,High (40-80%),0.3353291429631914,2.341316571852765,2.0,Medium - High (25-50%),1.410018771367514,4.817642464021047,4.0,Extremely High (>80%),0.6521806456297573,3.608722582519029,3.0,High (50-75%),1.4587557346054272,4.866666422299368,4.0,Extremely High (>80%),0.5920804887771804,3.368321955108722,3.0,High (50-75%),1.2447593948547484,4.637794999111735,4.0,Extremely High (>80%),0.5164015483255444,3.0656061933021777,3.0,High (50-75%),1.4088465772418906,4.816442606248266,4.0,Extremely High (>80%),0.5806080976137823,3.322432390455129,3.0,High (50-75%),0.8320209219732719,4.056619806788937,4.0,Extremely High (>80%),0.2761641032901015,2.104656413160406,2.0,Medium - High (25-50%),0.6696047329637159,3.743309725318289,3.0,High (40-80%),0.1797456156416583,1.6487280782082916,1.0,Low - Medium (5-25%),0.444113872021165,3.150929634992441,3.0,High (40-80%),0.0515678227969646,1.0078391139848233,1.0,Low - Medium (5-25%),0.2657423621226727,2.4100282268980715,2.0,Medium - High (20-40%),0.0245603672432852,0.4912073448657059,0.0,Low (<5%),0.1739331321803442,1.7985327749639846,1.0,Low - Medium (10-20%),0.0233707155744828,0.4674143114896566,0.0,Low (<5%),United States,Arizona
772100,0.1638709741566205,1.712560337971837,1.0,Low - Medium (10-20%),0.0576195436623748,1.0380977183118745,1.0,Low - Medium (5-25%),0.2468216209971626,2.3034687767367243,2.0,Medium - High (20-40%),0.1244739190556717,1.3723695952783586,1.0,Low - Medium (5-25%),0.590911005961366,3.562940869952908,3.0,High (40-80%),0.3353291429631914,2.341316571852765,2.0,Medium - High (25-50%),1.410018771367514,4.817642464021047,4.0,Extremely High (>80%),0.6521806456297573,3.608722582519029,3.0,High (50-75%),1.4587557346054272,4.866666422299368,4.0,Extremely High (>80%),0.5920804887771804,3.368321955108722,3.0,High (50-75%),1.2447593948547484,4.637794999111735,4.0,Extremely High (>80%),0.5164015483255444,3.0656061933021777,3.0,High (50-75%),1.4088465772418906,4.816442606248266,4.0,Extremely High (>80%),0.5806080976137823,3.322432390455129,3.0,High (50-75%),0.8320209219732719,4.056619806788937,4.0,Extremely High (>80%),0.2761641032901015,2.104656413160406,2.0,Medium - High (25-50%),0.6696047329637159,3.743309725318289,3.0,High (40-80%),0.1797456156416583,1.6487280782082916,1.0,Low - Medium (5-25%),0.444113872021165,3.150929634992441,3.0,High (40-80%),0.0515678227969646,1.0078391139848233,1.0,Low - Medium (5-25%),0.2657423621226727,2.4100282268980715,2.0,Medium - High (20-40%),0.0245603672432852,0.4912073448657059,0.0,Low (<5%),0.1739331321803442,1.7985327749639846,1.0,Low - Medium (10-20%),0.0233707155744828,0.4674143114896566,0.0,Low (<5%),United States,California
772200,1.0,5.0,-1.0,Arid and Low Water Use,1.0,5.0,-1.0,Arid and Low Water Use,1.0,5.0,-1.0,Arid and Low Water Use,1.0,5.0,-1.0,Arid and Low Water Use,1.0,5.0,-1.0,Arid and Low Water Use,1.0,5.0,-1.0,Arid and Low Water Use,1.0,5.0,-1.0,Arid and Low Water Use,1.0,5.0,-1.0,Arid and Low Water Use,1.0,5.0,-1.0,Arid and Low Water Use,1.0,5.0,-1.0,Arid and Low Water Use,1.0,5.0,-1.0,Arid and Low Water Use,1.0,5.0,-1.0,Arid and Low Water Use,1.0,5.0,-1.0,Arid and Low Water Use,1.0,5.0,-1.0,Arid and Low Water Use,1.0,5.0,-1.0,Arid and Low Water Use,1.0,5.0,-1.0,Arid and Low Water Use,1.0,5.0,-1.0,Arid and Low Water Use,1.0,5.0,-1.0,Arid and Low Water Use,1.0,5.0,-1.0,Arid and Low Water Use,1.0,5.0,-1.0,Arid and Low Water Use,1.0,5.0,-1.0,Arid and Low Water Use,1.0,5.0,-1.0,Arid and Low Water Use,1.0,5.0,-1.0,Arid and Low Water Use,1.0,5.0,-1.0,Arid and Low Water Use,United States,Arizona
772211,0.0280639496623339,0.0,0.0,Low (<10%),0.0148101103182299,0.296202206364599,0.0,Low (<5%),0.0507411351079328,0.0212276987807148,0.0,Low (<10%),0.0272181414432852,0.5443628288657045,0.0,Low (<5%),0.1213529978427764,1.2792097485342502,1.0,Low - Medium (10-20%),0.0606063398761751,1.0530316993808757,1.0,Low - Medium (5-25%),0.2740658852883076,2.454522757976034,2.0,Medium - High (20-40%),0.0695588386045027,1.0977941930225137,1.0,Low - Medium (5-25%),0.2475610949301403,2.3077846079225885,2.0,Medium - High (20-40%),0.0582386686866794,1.041193343433397,1.0,Low - Medium (5-25%),0.2160071286639998,2.111078924974367,2.0,Medium - High (20-40%),0.0519403013124858,1.0097015065624293,1.0,Low - Medium (5-25%),0.2233424654669924,2.159257585660844,2.0,Medium - High (20-40%),0.0584280640259168,1.0421403201295845,1.0,Low - Medium (5-25%),0.1153476244112833,1.2059882919675566,1.0,Low - Medium (10-20%),0.023571522952616,0.4714304590523217,0.0,Low (<5%),0.0938312396355613,0.908140230453704,0.0,Low (<10%),0.0123139400762225,0.2462788015244515,0.0,Low (<5%),0.0705402783163178,0.4965191730341517,0.0,Low (<10%),0.0042409177157084,0.0848183543141689,0.0,Low (<5%),0.0454518657245536,0.0,0.0,Low (<10%),0.0037746434758786,0.0754928695175729,0.0,Low (<5%),0.029623343221995,0.0,0.0,Low (<10%),0.0048952194680058,0.0979043893601161,0.0,Low (<5%),United States,Arizona
772212,1.0,5.0,-1.0,Arid and Low Water Use,1.0,5.0,-1.0,Arid and Low Water Use,1.0,5.0,-1.0,Arid and Low Water Use,1.0,5.0,-1.0,Arid and Low Water Use,1.0,5.0,-1.0,Arid and Low Water Use,1.0,5.0,-1.0,Arid and Low Water Use,1.0,5.0,-1.0,Arid and Low Water Use,1.0,5.0,-1.0,Arid and Low Water Use,1.0,5.0,-1.0,Arid and Low Water Use,1.0,5.0,-1.0,Arid and Low Water Use,1.0,5.0,-1.0,Arid and Low Water Use,1.0,5.0,-1.0,Arid and Low Water Use,1.0,5.0,-1.0,Arid and Low Water Use,1.0,5.0,-1.0,Arid and Low Water Use,1.0,5.0,-1.0,Arid and Low Water Use,1.0,5.0,-1.0,Arid and Low Water Use,1.0,5.0,-1.0,Arid and Low Water Use,1.0,5.0,-1.0,Arid and Low Water Use,1.0,5.0,-1.0,Arid and Low Water Use,1.0,5.0,-1.0,Arid and Low Water Use,1.0,5.0,-1.0,Arid and Low Water Use,1.0,5.0,-1.0,Arid and Low Water Use,1.0,5.0,-1.0,Arid and Low Water Use,1.0,5.0,-1.0,Arid and Low Water Use,United States,Arizona
772213,0.1219315074985599,1.286070971228554,1.0,Low - Medium (10-20%),0.0600404014000559,1.0502020070002798,1.0,Low - Medium (5-25%),0.1974130656586759,1.9812174768114543,1.0,Low - Medium (10-20%),0.132608124077618,1.4130406203880903,1.0,Low - Medium (5-25%),0.7608167687503221,3.9275490442088943,3.0,High (40-80%),0.3970742654885076,2.58829706195403,2.0,Medium - High (25-50%),9999.0,5.0,4.0,Extremely High (>80%),9999.0,5.0,4.0,Extremely High (>75%),9999.0,5.0,4.0,Extremely High (>80%),9999.0,5.0,4.0,Extremely High (>75%),9999.0,5.0,4.0,Extremely High (>80%),9999.0,5.0,4.0,Extremely High (>75%),4.119956941924109,5.0,4.0,Extremely High (>80%),1.126128916025496,5.0,4.0,Extremely High (>75%),0.5585655616135101,3.4817266269279035,3.0,High (40-80%),0.1112549769608513,1.306274884804257,1.0,Low - Medium (5-25%),0.4587876589218829,3.197826584353608,3.0,High (40-80%),0.0652486528724441,1.0762432643622206,1.0,Low - Medium (5-25%),0.401832527349327,3.0065943513937583,3.0,High (40-80%),0.025179755818798,0.5035951163759601,0.0,Low (<5%),0.3281704972852561,2.7144455455748604,2.0,Medium - High (20-40%),0.0253227125852499,0.5064542517049995,0.0,Low (<5%),0.1535109973038569,1.6183420118653191,1.0,Low - Medium (10-20%),0.0227822373463454,0.4556447469269091,0.0,Low (<5%),United States,Arizona
772214,9999.0,5.0,4.0,Extremely High (>80%),9999.0,5.0,4.0,Extremely High (>75%),9999.0,5.0,4.0,Extremely High (>80%),9999.0,5.0,4.0,Extremely High (>75%),9999.0,5.0,4.0,Extremely High (>80%),9999.0,5.0,4.0,Extremely High (>75%),9999.0,5.0,4.0,Extremely High (>80%),9999.0,5.0,4.0,Extremely High (>75%),9999.0,5.0,4.0,Extremely High (>80%),9999.0,5.0,4.0,Extremely High (>75%),9999.0,5.0,4.0,Extremely High (>80%),9999.0,5.0,4.0,Extremely High (>75%),9999.0,5.0,4.0,Extremely High (>80%),9999.0,5.0,4.0,Extremely High (>75%),9999.0,5.0,4.0,Extremely High (>80%),9999.0,5.0,4.0,Extremely High (>75%),9999.0,5.0,4.0,Extremely High (>80%),9999.0,5.0,4.0,Extremely High (>75%),9999.0,5.0,4.0,Extremely High (>80%),9999.0,5.0,4.0,Extremely High (>75%),9999.0,5.0,4.0,Extremely High (>80%),9999.0,5.0,4.0,Extremely High (>75%),9999.0,5.0,4.0,Extremely High (>80%),9999.0,5.0,4.0,Extremely High (>75%),United States,Arizona
772215,9999.0,5.0,4.0,Extremely High (>80%),9999.0,5.0,4.0,Extremely High (>75%),1.4707321715611867,4.878462642676123,4.0,Extremely High (>80%),0.7063438144278048,3.8253752577112192,3.0,High (50-75%),1.1983951435541185,4.583031777347577,4.0,Extremely High (>80%),0.6899054185818934,3.759621674327573,3.0,High (50-75%),9999.0,5.0,4.0,Extremely High (>80%),9999.0,5.0,4.0,Extremely High (>75%),9999.0,5.0,4.0,Extremely High (>80%),9999.0,5.0,4.0,Extremely High (>75%),9999.0,5.0,4.0,Extremely High (>80%),9999.0,5.0,4.0,Extremely High (>75%),9999.0,5.0,4.0,Extremely High (>80%),9999.0,5.0,4.0,Extremely High (>75%),9999.0,5.0,4.0,Extremely High (>80%),9999.0,5.0,4.0,Extremely High (>75%),9999.0,5.0,4.0,Extremely High (>80%),9999.0,5.0,4.0,Extremely High (>75%),9999.0,5.0,4.0,Extremely High (>80%),9999.0,5.0,4.0,Extremely High (>75%),9999.0,5.0,4.0,Extremely High (>80%),9999.0,5.0,4.0,Extremely High (>75%),9999.0,5.0,4.0,Extremely High (>80%),9999.0,5.0,4.0,Extremely High (>75%),United States,Arizona
772216,9999.0,5.0,4.0,Extremely High (>80%),9999.0,5.0,4.0,Extremely High (>75%),9999.0,5.0,4.0,Extremely High (>80%),9999.0,5.0,4.0,Extremely High (>75%),9999.0,5.0,4.0,Extremely High (>80%),9999.0,5.0,4.0,Extremely High (>75%),9999.0,5.0,4.0,Extremely High (>80%),9999.0,5.0,4.0,Extremely High (>75%),9999.0,5.0,4.0,Extremely High (>80%),9999.0,5.0,4.0,Extremely High (>75%),9999.0,5.0,4.0,Extremely High (>80%),9999.0,5.0,4.0,Extremely High (>75%),9999.0,5.0,4.0,Extremely High (>80%),9999.0,5.0,4.0,Extremely High (>75%),9999.0,5.0,4.0,Extremely High (>80%),9999.0,5.0,4.0,Extremely High (>75%),9999.0,5.0,4.0,Extremely High (>80%),9999.0,5.0,4.0,Extremely High (>75%),9999.0,5.0,4.0,Extremely High (>80%),9999.0,5.0,4.0,Extremely High (>75%),9999.0,5.0,4.0,Extremely High (>80%),9999.0,5.0,4.0,Extremely High (>75%),9999.0,5.0,4.0,Extremely High (>80%),9999.0,5.0,4.0,Extremely High (>75%),United States,Arizona
772217,0.1593315776829162,1.6720322207352551,1.0,Low - Medium (10-20%),0.0478564639914782,0.9571292798295644,0.0,Low (<5%),0.1816443681005599,1.8611166355615365,1.0,Low - Medium (10-20%),0.0900933711841498,1.2004668559207492,1.0,Low - Medium (5-25%),0.4181203834205561,3.06391837665864,3.0,High (40-80%),0.2644748159553802,2.057899263821521,2.0,Medium - High (25-50%),2.046062369479525,5.0,4.0,Extremely High (>80%),1.0299185789431498,5.0,4.0,Extremely High (>75%),3.647333818652647,5.0,4.0,Extremely High (>80%),1.6903965142427078,5.0,4.0,Extremely High (>75%),4.09003276698585,5.0,4.0,Extremely High (>80%),1.781630109789106,5.0,4.0,Extremely High (>75%),1.5445697982918627,4.949133161951496,4.0,Extremely High (>80%),0.638597985881201,3.554391943524804,3.0,High (50-75%),0.4316723253851665,3.109936604243923,3.0,High (40-80%),0.1008311381351588,1.2541556906757945,1.0,Low - Medium (5-25%),0.4003760869512078,3.001355809670552,3.0,High (40-80%),0.0807025679001836,1.1535128395009182,1.0,Low - Medium (5-25%),0.3954006828382725,2.983315362535353,2.0,Medium - High (20-40%),0.0710702422001375,1.1053512110006876,1.0,Low - Medium (5-25%),0.3609891965354649,2.8519556616611093,2.0,Medium - High (20-40%),0.0661208948708761,1.0806044743543808,1.0,Low - Medium (5-25%),0.2191620147398204,2.131997771403853,2.0,Medium - High (20-40%),0.0468452562041062,0.9369051240821256,0.0,Low (<5%),United States,Arizona
772218,3.906308170718461,5.0,4.0,Extremely High (>80%),0.9110772433782864,4.644308973513146,4.0,Extremely High (>75%),4.103312589742507,5.0,4.0,Extremely High (>80%),1.0928774912917134,5.0,4.0,Extremely High (>75%),5.113189778756079,5.0,4.0,Extremely High (>80%),1.8349370878109263,5.0,4.0,Extremely High (>75%),9.4704505756628,5.0,4.0,Extremely High (>80%),3.3533056968997794,5.0,4.0,Extremely High (>75%),9999.0,5.0,4.0,Extremely High (>80%),9999.0,5.0,4.0,Extremely High (>75%),9999.0,5.0,4.0,Extremely High (>80%),9999.0,5.0,4.0,Extremely High (>75%),7.299328818382547,5.0,4.0,Extremely High (>80%),2.156047361218421,5.0,4.0,Extremely High (>75%),5.018085246898075,5.0,4.0,Extremely High (>80%),1.123915738792317,5.0,4.0,Extremely High (>75%),6.253706304874277,5.0,4.0,Extremely High (>80%),1.3123970934833074,5.0,4.0,Extremely High (>75%),9999.0,5.0,4.0,Extremely High (>80%),9999.0,5.0,4.0,Extremely High (>75%),9999.0,5.0,4.0,Extremely High (>80%),9999.0,5.0,4.0,Extremely High (>75%),4.533281220472127,5.0,4.0,Extremely High (>80%),0.974037480269322,4.896149921077288,4.0,Extremely High (>75%),United States,Arizona
772219,0.0074398560988986,0.0,0.0,Low (<10%),0.0024444913713121,0.0488898274262438,0.0,Low (<5%),0.0085713966162575,0.0,0.0,Low (<10%),0.0046928988842468,0.0938579776849365,0.0,Low (<5%),0.0191064040576961,0.0,0.0,Low (<10%),0.0133171875786643,0.266343751573286,0.0,Low (<5%),0.0758212922846573,0.6006749508691297,0.0,Low (<10%),0.040733711234649,0.8146742246929811,0.0,Low (<5%),0.1148896483394135,1.200248815719715,1.0,Low - Medium (10-20%),0.0570533047109391,1.0352665235546956,1.0,Low - Medium (5-25%),0.1182002588402764,1.2412331947978,1.0,Low - Medium (10-20%),0.0547381011967067,1.0236905059835335,1.0,Low - Medium (5-25%),0.0589475592203637,0.2375039833969373,0.0,Low (<10%),0.0256708827503956,0.5134176550079119,0.0,Low (<5%),0.0197783775868524,0.0,0.0,Low (<10%),0.0047549888132702,0.0950997762654049,0.0,Low (<5%),0.0191370518545956,0.0,0.0,Low (<10%),0.0036333843552747,0.0726676871054943,0.0,Low (<5%),0.0181144510511091,0.0,0.0,Low (<10%),0.0029995387116224,0.0599907742324485,0.0,Low (<5%),0.0158760479087693,0.0,0.0,Low (<10%),0.0028965201365927,0.0579304027318555,0.0,Low (<5%),0.0098507631939516,0.0,0.0,Low (<10%),0.0022171896792204,0.0443437935844094,0.0,Low (<5%),United States,Arizona
772220,1.0,5.0,-1.0,Arid and Low Water Use,1.0,5.0,-1.0,Arid and Low Water Use,1.0,5.0,-1.0,Arid and Low Water Use,1.0,5.0,-1.0,Arid and Low Water Use,1.0,5.0,-1.0,Arid and Low Water Use,1.0,5.0,-1.0,Arid and Low Water Use,1.0,5.0,-1.0,Arid and Low Water Use,1.0,5.0,-1.0,Arid and Low Water Use,1.0,5.0,-1.0,Arid and Low Water Use,1.0,5.0,-1.0,Arid and Low Water Use,1.0,5.0,-1.0,Arid and Low Water Use,1.0,5.0,-1.0,Arid and Low Water Use,1.0,5.0,-1.0,Arid and Low Water Use,1.0,5.0,-1.0,Arid and Low Water Use,1.0,5.0,-1.0,Arid and Low Water Use,1.0,5.0,-1.0,Arid and Low Water Use,1.0,5.0,-1.0,Arid and Low Water Use,1.0,5.0,-1.0,Arid and Low Water Use,1.0,5.0,-1.0,Arid and Low Water Use,1.0,5.0,-1.0,Arid and Low Water Use,1.0,5.0,-1.0,Arid and Low Water Use,1.0,5.0,-1.0,Arid and Low Water Use,1.0,5.0,-1.0,Arid and Low Water Use,1.0,5.0,-1.0,Arid and Low Water Use,United States,Arizona
772221,1.2908396489131535,4.690237891747916,4.0,Extremely High (>80%),0.2725498770195229,2.090199508078092,2.0,Medium - High (25-50%),1.431042946842638,4.838995064133748,4.0,Extremely High (>80%),0.3307540703012219,2.323016281204888,2.0,Medium - High (25-50%),1.30211872020121,4.702789086583875,4.0,Extremely High (>80%),0.3644094303389755,2.457637721355902,2.0,Medium - High (25-50%),2.330930827456958,5.0,4.0,Extremely High (>80%),0.708862860506273,3.835451442025092,3.0,High (50-75%),3.524309873001239,5.0,4.0,Extremely High (>80%),1.0495340218202298,5.0,4.0,Extremely High (>75%),4.617676976905387,5.0,4.0,Extremely High (>80%),1.2654349474787312,5.0,4.0,Extremely High (>75%),2.7493463895539727,5.0,4.0,Extremely High (>80%),0.70125888188373,3.80503552753492,3.0,High (50-75%),1.889607450591044,5.0,4.0,Extremely High (>80%),0.3974169313796559,2.589667725518624,2.0,Medium - High (25-50%),2.463357427147783,5.0,4.0,Extremely High (>80%),0.4987307533258583,2.994923013303433,2.0,Medium - High (25-50%),2.6065529854064,5.0,4.0,Extremely High (>80%),0.5273956994108154,3.1095827976432617,3.0,High (50-75%),2.687884503301802,5.0,4.0,Extremely High (>80%),0.5466077851541064,3.1864311406164254,3.0,High (50-75%),1.96574489275394,5.0,4.0,Extremely High (>80%),0.4041344835872457,2.616537934348983,2.0,Medium - High (25-50%),United States,Arizona
772222,0.0913473704783357,0.8694351052027787,0.0,Low (<10%),0.026021895960271,0.5204379192054203,0.0,Low (<5%),0.0999215300649373,0.9988674737338132,0.0,Low (<10%),0.028560849372785,0.5712169874557012,0.0,Low (<5%),0.0787186955310051,0.6547782186944788,0.0,Low (<10%),0.0228310046294307,0.4566200925886153,0.0,Low (<5%),0.1242302190506691,1.313016152396012,1.0,Low - Medium (10-20%),0.0385281791118094,0.7705635822361898,0.0,Low (<5%),0.1831959124070927,1.873387313392244,1.0,Low - Medium (10-20%),0.0590095673518456,1.045047836759228,1.0,Low - Medium (5-25%),0.2578543832857581,2.3665565702254248,2.0,Medium - High (20-40%),0.0846215033971557,1.1731075169857788,1.0,Low - Medium (5-25%),0.1474156171078278,1.5598893706373884,1.0,Low - Medium (10-20%),0.0466320017476363,0.9326400349527276,0.0,Low (<5%),0.1265851839612611,1.340108555820955,1.0,Low - Medium (10-20%),0.0384874369424255,0.7697487388485108,0.0,Low (<5%),0.171835978059699,1.781032131552633,1.0,Low - Medium (10-20%),0.0497685386223433,0.995370772446867,0.0,Low (<5%),0.1818945041862275,1.8631019536378035,1.0,Low - Medium (10-20%),0.0516903693411363,1.0084518467056816,1.0,Low - Medium (5-25%),0.2002662518838353,2.0019193240863205,2.0,Medium - High (20-40%),0.057138333240034,1.0356916662001705,1.0,Low - Medium (5-25%),0.1570672849963598,1.651382717942714,1.0,Low - Medium (10-20%),0.0445378114751687,0.8907562295033756,0.0,Low (<5%),United States,Arizona
772223,0.2223548816966185,2.152864078726711,2.0,Medium - High (20-40%),0.0619761459887439,1.0598807299437198,1.0,Low - Medium (5-25%),0.2388763188161108,2.256263838222975,2.0,Medium - High (20-40%),0.0671374196215568,1.0856870981077842,1.0,Low - Medium (5-25%),0.1869094666676653,1.902339641146329,1.0,Low - Medium (10-20%),0.0570386386686783,1.0351931933433915,1.0,Low - Medium (5-25%),0.3380614757015412,2.757285621138113,2.0,Medium - High (20-40%),0.1241282651996079,1.3706413259980397,1.0,Low - Medium (5-25%),0.6366143303063415,3.670419632671604,3.0,High (40-80%),0.2404968645997569,1.9524843229987845,1.0,Low - Medium (5-25%),0.9844365007953678,4.299298150827566,4.0,Extremely High (>80%),0.3524293771052593,2.4097175084210374,2.0,Medium - High (25-50%),0.4904479359082859,3.2940999935421327,3.0,High (40-80%),0.1692946573188591,1.596473286594296,1.0,Low - Medium (5-25%),0.3580742607800855,2.840258818073324,2.0,Medium - High (20-40%),0.1130445675037451,1.3152228375187254,1.0,Low - Medium (5-25%),0.4839269323027606,3.274789232701792,3.0,High (40-80%),0.1349387600414252,1.4246938002071263,1.0,Low - Medium (5-25%),0.4664741136440367,3.2217970228699766,3.0,High (40-80%),0.1260892452214772,1.3804462261073862,1.0,Low - Medium (5-25%),0.4844189366452981,3.2762552631954747,3.0,High (40-80%),0.1327278256494475,1.4136391282472376,1.0,Low - Medium (5-25%),0.3483128298260822,2.800383614427846,2.0,Medium - High (20-40%),0.0955220261617249,1.227610130808625,1.0,Low - Medium (5-25%),United States,Arizona
772224,0.2511832918855037,2.3287405027820767,2.0,Medium - High (20-40%),0.0708549123868402,1.1042745619342011,1.0,Low - Medium (5-25%),0.3219556760152293,2.6868620846300284,2.0,Medium - High (20-40%),0.0895671953609001,1.1978359768045008,1.0,Low - Medium (5-25%),0.2472928055827764,2.3062202684337505,2.0,Medium - High (20-40%),0.0700458540989419,1.1002292704947096,1.0,Low - Medium (5-25%),0.4558007305068036,3.1884032367964927,3.0,High (40-80%),0.1374855395978091,1.4374276979890457,1.0,Low - Medium (5-25%),0.6066043050717786,3.6007557368075607,3.0,High (40-80%),0.204552288474631,1.772761442373155,1.0,Low - Medium (5-25%),0.8712072549858029,4.123015968160029,4.0,Extremely High (>80%),0.292683849486321,2.1707353979452844,2.0,Medium - High (25-50%),0.5221671597054477,3.384511726092093,3.0,High (40-80%),0.1704415735254048,1.6022078676270244,1.0,Low - Medium (5-25%),0.4250189575482241,3.0875271926640857,3.0,High (40-80%),0.1327936862343383,1.4139684311716918,1.0,Low - Medium (5-25%),0.5668628499539029,3.5029997234817696,3.0,High (40-80%),0.1622551971453329,1.5612759857266645,1.0,Low - Medium (5-25%),0.5549014796566102,3.472231649971217,3.0,High (40-80%),0.1549382818037385,1.5246914090186927,1.0,Low - Medium (5-25%),0.5433390582545786,3.441852759736628,3.0,High (40-80%),0.1550060535606681,1.5250302678033405,1.0,Low - Medium (5-25%),0.3902165020738449,2.9642747901373294,2.0,Medium - High (20-40%),0.1063430168765435,1.281715084382718,1.0,Low - Medium (5-25%),United States,Arizona
772225,0.0970971701801288,0.9575011551691984,0.0,Low (<10%),0.0222002951672957,0.4440059033459146,0.0,Low (<5%),0.0941085978376192,0.9123984398736332,0.0,Low (<10%),0.0215893838463083,0.4317876769261677,0.0,Low (<5%),0.0675927645815722,0.4349407276414658,0.0,Low (<10%),0.0167619219800986,0.3352384396019732,0.0,Low (<5%),0.1198025106614234,1.260658142524285,1.0,Low - Medium (10-20%),0.0351178654648379,0.7023573092967597,0.0,Low (<5%),0.2370552741969143,2.245223491664123,2.0,Medium - High (20-40%),0.0753281420214433,1.126640710107217,1.0,Low - Medium (5-25%),0.3858005156247945,2.9478550715592218,2.0,Medium - High (20-40%),0.117320115961402,1.3366005798070104,1.0,Low - Medium (5-25%),0.176591064808144,1.8204123470458409,1.0,Low - Medium (10-20%),0.0537619849189204,1.0188099245946023,1.0,Low - Medium (5-25%),0.1414108808813213,1.4998931328034133,1.0,Low - Medium (10-20%),0.0398827414447596,0.797654828895193,0.0,Low (<5%),0.1886216725926847,1.915495450910347,1.0,Low - Medium (10-20%),0.0463813391392917,0.9276267827858344,0.0,Low (<5%),0.1804562425767416,1.8516490516792008,1.0,Low - Medium (10-20%),0.0403844102097202,0.8076882041944043,0.0,Low (<5%),0.1853919935285854,1.8905789400474569,1.0,Low - Medium (10-20%),0.041689415593641,0.8337883118728205,0.0,Low (<5%),0.1263036273774274,1.3368960732052573,1.0,Low - Medium (10-20%),0.0284132193012163,0.568264386024327,0.0,Low (<5%),United States,Arizona
772226,0.0345729895810085,0.0,0.0,Low (<10%),0.0093307612943616,0.1866152258872326,0.0,Low (<5%),0.033713878806677,0.0,0.0,Low (<10%),0.0090920125598098,0.1818402511961966,0.0,Low (<5%),0.0197648115236631,0.0,0.0,Low (<10%),0.0053454047254825,0.1069080945096516,0.0,Low (<5%),0.0304836706863312,0.0,0.0,Low (<10%),0.0083491742976208,0.1669834859524175,0.0,Low (<5%),0.0528808294086046,0.0808167100652162,0.0,Low (<10%),0.0149868011971093,0.2997360239421862,0.0,Low (<5%),0.075705726121683,0.5984743299594328,0.0,Low (<10%),0.0222288818162015,0.4445776363240301,0.0,Low (<5%),0.0382558094205489,0.0,0.0,Low (<10%),0.0110053435776848,0.2201068715536966,0.0,Low (<5%),0.035629956337611,0.0,0.0,Low (<10%),0.0101151220428536,0.2023024408570738,0.0,Low (<5%),0.0521135500074792,0.0597304405142025,0.0,Low (<10%),0.0143878726473926,0.2877574529478525,0.0,Low (<5%),0.0517300020512062,0.0490731538602789,0.0,Low (<10%),0.0140250394096889,0.2805007881937796,0.0,Low (<5%),0.0576493157112619,0.2053753885173873,0.0,Low (<10%),0.0155777487091462,0.3115549741829241,0.0,Low (<5%),0.0465497444943334,0.0,0.0,Low (<10%),0.0125273151432114,0.2505463028642298,0.0,Low (<5%),United States,Arizona
772227,0.7595936435098828,3.925227832666004,3.0,High (40-80%),0.2194272922803129,1.8471364614015648,1.0,Low - Medium (5-25%),0.8715327263349606,4.123554839032188,4.0,Extremely High (>80%),0.2458367652961069,1.9791838264805344,1.0,Low - Medium (5-25%),0.9044511444377036,4.177042575172595,4.0,Extremely High (>80%),0.2698825529496827,2.0795302117987307,2.0,Medium - High (25-50%),1.2318725408264684,4.622781086122841,4.0,Extremely High (>80%),0.4846976726952255,2.938790690780902,2.0,Medium - High (25-50%),1.6263139358778154,5.0,4.0,Extremely High (>80%),0.6417966319790464,3.5671865279161854,3.0,High (50-75%),9999.0,5.0,4.0,Extremely High (>80%),9999.0,5.0,4.0,Extremely High (>75%),1.762329733053314,5.0,4.0,Extremely High (>80%),0.6477253641684647,3.590901456673859,3.0,High (50-75%),1.399762658589886,4.807110321841126,4.0,Extremely High (>80%),0.5121099852228215,3.048439940891286,3.0,High (50-75%),9999.0,5.0,4.0,Extremely High (>80%),9999.0,5.0,4.0,Extremely High (>75%),1.223051556529174,4.612413315417607,4.0,Extremely High (>80%),0.3257585744885996,2.3030342979543983,2.0,Medium - High (25-50%),9999.0,5.0,4.0,Extremely High (>80%),9999.0,5.0,4.0,Extremely High (>75%),0.9693995100582028,4.277091353355582,4.0,Extremely High (>80%),0.2712200501482512,2.0848802005930045,2.0,Medium - High (25-50%),United States,Arizona
772228,1.0,5.0,-1.0,Arid and Low Water Use,1.0,5.0,-1.0,Arid and Low Water Use,1.0,5.0,-1.0,Arid and Low Water Use,1.0,5.0,-1.0,Arid and Low Water Use,1.0,5.0,-1.0,Arid and Low Water Use,1.0,5.0,-1.0,Arid and Low Water Use,1.0,5.0,-1.0,Arid and Low Water Use,1.0,5.0,-1.0,Arid and Low Water Use,1.0,5.0,-1.0,Arid and Low Water Use,1.0,5.0,-1.0,Arid and Low Water Use,1.0,5.0,-1.0,Arid and Low Water Use,1.0,5.0,-1.0,Arid and Low Water Use,1.0,5.0,-1.0,Arid and Low Water Use,1.0,5.0,-1.0,Arid and Low Water Use,1.0,5.0,-1.0,Arid and Low Water Use,1.0,5.0,-1.0,Arid and Low Water Use,1.0,5.0,-1.0,Arid and Low Water Use,1.0,5.0,-1.0,Arid and Low Water Use,1.0,5.0,-1.0,Arid and Low Water Use,1.0,5.0,-1.0,Arid and Low Water Use,1.0,5.0,-1.0,Arid and Low Water Use,1.0,5.0,-1.0,Arid and Low Water Use,1.0,5.0,-1.0,Arid and Low Water Use,1.0,5.0,-1.0,Arid and Low Water Use,United States,Arizona
772229,1.0,5.0,-1.0,Arid and Low Water Use,1.0,5.0,-1.0,Arid and Low Water Use,1.0,5.0,-1.0,Arid and Low Water Use,1.0,5.0,-1.0,Arid and Low Water Use,1.0,5.0,-1.0,Arid and Low Water Use,1.0,5.0,-1.0,Arid and Low Water Use,1.0,5.0,-1.0,Arid and Low Water Use,1.0,5.0,-1.0,Arid and Low Water Use,1.0,5.0,-1.0,Arid and Low Water Use,1.0,5.0,-1.0,Arid and Low Water Use,1.0,5.0,-1.0,Arid and Low Water Use,1.0,5.0,-1.0,Arid and Low Water Use,1.0,5.0,-1.0,Arid and Low Water Use,1.0,5.0,-1.0,Arid and Low Water Use,1.0,5.0,-1.0,Arid and Low Water Use,1.0,5.0,-1.0,Arid and Low Water Use,1.0,5.0,-1.0,Arid and Low Water Use,1.0,5.0,-1.0,Arid and Low Water Use,1.0,5.0,-1.0,Arid and Low Water Use,1.0,5.0,-1.0,Arid and Low Water Use,1.0,5.0,-1.0,Arid and Low Water Use,1.0,5.0,-1.0,Arid and Low Water Use,1.0,5.0,-1.0,Arid and Low Water Use,1.0,5.0,-1.0,Arid and Low Water Use,United States,Arizona
772230,0.0603633424509733,0.2717445983850365,0.0,Low (<10%),0.0159878923228157,0.3197578464563141,0.0,Low (<5%),0.0654111077236958,0.3876075514961601,0.0,Low (<10%),0.0249720870205563,0.4994417404111277,0.0,Low (<5%),0.10475377772159,1.067002272582665,1.0,Low - Medium (10-20%),0.0537900613573936,1.018950306786968,1.0,Low - Medium (5-25%),0.3173340089944914,2.666002144572454,2.0,Medium - High (20-40%),0.1496506868632498,1.4982534343162492,1.0,Low - Medium (5-25%),0.5077929349914394,3.344240322666159,3.0,High (40-80%),0.2262115796727673,1.8810578983638369,1.0,Low - Medium (5-25%),0.5738958309373419,3.5207888939941885,3.0,High (40-80%),0.2318365655871437,1.9091828279357188,1.0,Low - Medium (5-25%),0.3027453181384094,2.59810464926485,2.0,Medium - High (20-40%),0.113284015637029,1.3164200781851454,1.0,Low - Medium (5-25%),0.1222921996491101,1.2903323851699695,1.0,Low - Medium (10-20%),0.0280290990926971,0.5605819818539428,0.0,Low (<5%),0.136585335396666,1.4498025957347993,1.0,Low - Medium (10-20%),0.0274808030813624,0.5496160616272489,0.0,Low (<5%),0.1429775443348507,1.5157885790268488,1.0,Low - Medium (10-20%),0.0275413373667332,0.5508267473346646,0.0,Low (<5%),0.1506791035079671,1.591479354853627,1.0,Low - Medium (10-20%),0.0302453368636084,0.6049067372721685,0.0,Low (<5%),0.0940597744134833,0.9116497772517688,0.0,Low (<10%),0.0201543454806575,0.4030869096131503,0.0,Low (<5%),United States,Arizona
772240,9999.0,5.0,4.0,Extremely High (>80%),9999.0,5.0,4.0,Extremely High (>75%),9999.0,5.0,4.0,Extremely High (>80%),9999.0,5.0,4.0,Extremely High (>75%),9999.0,5.0,4.0,Extremely High (>80%),9999.0,5.0,4.0,Extremely High (>75%),9999.0,5.0,4.0,Extremely High (>80%),9999.0,5.0,4.0,Extremely High (>75%),9999.0,5.0,4.0,Extremely High (>80%),9999.0,5.0,4.0,Extremely High (>75%),9999.0,5.0,4.0,Extremely High (>80%),9999.0,5.0,4.0,Extremely High (>75%),9999.0,5.0,4.0,Extremely High (>80%),9999.0,5.0,4.0,Extremely High (>75%),9999.0,5.0,4.0,Extremely High (>80%),9999.0,5.0,4.0,Extremely High (>75%),9999.0,5.0,4.0,Extremely High (>80%),9999.0,5.0,4.0,Extremely High (>75%),9999.0,5.0,4.0,Extremely High (>80%),9999.0,5.0,4.0,Extremely High (>75%),9999.0,5.0,4.0,Extremely High (>80%),9999.0,5.0,4.0,Extremely High (>75%),9999.0,5.0,4.0,Extremely High (>80%),9999.0,5.0,4.0,Extremely High (>75%),United States,Arizona
772250,1.0608551321482012,4.407155753589612,4.0,Extremely High (>80%),0.2581210017664838,2.032484007065936,2.0,Medium - High (25-50%),1.2417791372043212,4.634336693570713,4.0,Extremely High (>80%),0.4626952800963996,2.850781120385599,2.0,Medium - High (25-50%),1.76104983661243,5.0,4.0,Extremely High (>80%),0.9817145633290736,4.926858253316294,4.0,Extremely High (>75%),5.93018880936011,5.0,4.0,Extremely High (>80%),2.794749458976709,5.0,4.0,Extremely High (>75%),12.98353982167987,5.0,4.0,Extremely High (>80%),6.093415477385888,5.0,4.0,Extremely High (>75%),16.87927114083477,5.0,4.0,Extremely High (>80%),6.749864821912041,5.0,4.0,Extremely High (>75%),5.368459754925584,5.0,4.0,Extremely High (>80%),1.9209490441060155,5.0,4.0,Extremely High (>75%),2.196652823531532,5.0,4.0,Extremely High (>80%),0.4957746006371407,2.983098402548563,2.0,Medium - High (25-50%),2.589090546382136,5.0,4.0,Extremely High (>80%),0.5079519538148289,3.031807815259316,3.0,High (50-75%),3.305470653011464,5.0,4.0,Extremely High (>80%),0.6385842753981652,3.554337101592661,3.0,High (50-75%),3.446692113043254,5.0,4.0,Extremely High (>80%),0.6484724832347465,3.593889932938986,3.0,High (50-75%),1.8508612514370777,5.0,4.0,Extremely High (>80%),0.3797687704633474,2.51907508185339,2.0,Medium - High (25-50%),United States,Arizona
772260,9999.0,5.0,4.0,Extremely High (>80%),9999.0,5.0,4.0,Extremely High (>75%),9999.0,5.0,4.0,Extremely High (>80%),9999.0,5.0,4.0,Extremely High (>75%),9999.0,5.0,4.0,Extremely High (>80%),9999.0,5.0,4.0,Extremely High (>75%),9999.0,5.0,4.0,Extremely High (>80%),9999.0,5.0,4.0,Extremely High (>75%),9999.0,5.0,4.0,Extremely High (>80%),9999.0,5.0,4.0,Extremely High (>75%),9999.0,5.0,4.0,Extremely High (>80%),9999.0,5.0,4.0,Extremely High (>75%),9999.0,5.0,4.0,Extremely High (>80%),9999.0,5.0,4.0,Extremely High (>75%),9999.0,5.0,4.0,Extremely High (>80%),9999.0,5.0,4.0,Extremely High (>75%),9999.0,5.0,4.0,Extremely High (>80%),9999.0,5.0,4.0,Extremely High (>75%),9999.0,5.0,4.0,Extremely High (>80%),9999.0,5.0,4.0,Extremely High (>75%),9999.0,5.0,4.0,Extremely High (>80%),9999.0,5.0,4.0,Extremely High (>75%),9999.0,5.0,4.0,Extremely High (>80%),9999.0,5.0,4.0,Extremely High (>75%),United States,Arizona
772270,0.266351398924669,2.4133308582085515,2.0,Medium - High (20-40%),0.0788274526607085,1.144137263303543,1.0,Low - Medium (5-25%),0.2941178164546194,2.5563941794381595,2.0,Medium - High (20-40%),0.098990474885249,1.2449523744262454,1.0,Low - Medium (5-25%),0.3705287565263248,2.889585513618809,2.0,Medium - High (20-40%),0.2637783695552315,2.055113478220926,2.0,Medium - High (25-50%),9999.0,5.0,4.0,Extremely High (>80%),9999.0,5.0,4.0,Extremely High (>75%),9999.0,5.0,4.0,Extremely High (>80%),9999.0,5.0,4.0,Extremely High (>75%),9999.0,5.0,4.0,Extremely High (>80%),9999.0,5.0,4.0,Extremely High (>75%),1.520371386937163,4.926351874244672,4.0,Extremely High (>80%),0.7150846151657642,3.8603384606630566,3.0,High (50-75%),0.6478342388816902,3.695624718456453,3.0,High (40-80%),0.2733172457127653,2.093268982851061,2.0,Medium - High (25-50%),0.5548000601488151,3.47196794407174,3.0,High (40-80%),0.1207119661972665,1.3535598309863328,1.0,Low - Medium (5-25%),9999.0,5.0,4.0,Extremely High (>80%),9999.0,5.0,4.0,Extremely High (>75%),9999.0,5.0,4.0,Extremely High (>80%),9999.0,5.0,4.0,Extremely High (>75%),0.3327650859627187,2.734504072448952,2.0,Medium - High (20-40%),0.0832789083545783,1.1663945417728918,1.0,Low - Medium (5-25%),United States,Arizona
772280,0.0610232410909961,0.2874307120651088,0.0,Low (<10%),0.0164228686693951,0.3284573733879026,0.0,Low (<5%),0.0786535565371229,0.6535839076571222,0.0,Low (<10%),0.0209677073264609,0.4193541465292193,0.0,Low (<5%),0.0605510912295374,0.2762248649869281,0.0,Low (<10%),0.0171928498224191,0.3438569964483826,0.0,Low (<5%),0.0977949068008651,0.9678312360930869,0.0,Low (<10%),0.0356363750074262,0.7127275001485255,0.0,Low (<5%),0.1457730061364376,1.5437235899073796,1.0,Low - Medium (10-20%),0.0651971182888178,1.0759855914440892,1.0,Low - Medium (5-25%),0.2630748759550105,2.395473475543528,2.0,Medium - High (20-40%),0.1037543325344932,1.268771662672466,1.0,Low - Medium (5-25%),0.1408351618073662,1.494007571418958,1.0,Low - Medium (10-20%),0.0536555745994958,1.018277872997479,1.0,Low - Medium (5-25%),0.0928031314233253,0.8922453916366291,0.0,Low (<10%),0.0357467629091837,0.7149352581836752,0.0,Low (<5%),0.1010222657768182,1.014673304715071,1.0,Low - Medium (10-20%),0.0282600064602226,0.5652001292044535,0.0,Low (<5%),0.105837244179306,1.0818474019086488,1.0,Low - Medium (10-20%),0.0259147765955226,0.518295531910453,0.0,Low (<5%),0.115581679729917,1.208912741632938,1.0,Low - Medium (10-20%),0.0297138820022839,0.5942776400456798,0.0,Low (<5%),0.0896262603997686,0.8419934074595093,0.0,Low (<10%),0.0232943089214691,0.4658861784293832,0.0,Low (<5%),United States,Arizona
772290,1.0,5.0,-1.0,Arid and Low Water Use,1.0,5.0,-1.0,Arid and Low Water Use,1.0,5.0,-1.0,Arid and Low Water Use,1.0,5.0,-1.0,Arid and Low Water Use,1.0,5.0,-1.0,Arid and Low Water Use,1.0,5.0,-1.0,Arid and Low Water Use,1.0,5.0,-1.0,Arid and Low Water Use,1.0,5.0,-1.0,Arid and Low Water Use,1.0,5.0,-1.0,Arid and Low Water Use,1.0,5.0,-1.0,Arid and Low Water Use,1.0,5.0,-1.0,Arid and Low Water Use,1.0,5.0,-1.0,Arid and Low Water Use,1.0,5.0,-1.0,Arid and Low Water Use,1.0,5.0,-1.0,Arid and Low Water Use,1.0,5.0,-1.0,Arid and Low Water Use,1.0,5.0,-1.0,Arid and Low Water Use,1.0,5.0,-1.0,Arid and Low Water Use,1.0,5.0,-1.0,Arid and Low Water Use,1.0,5.0,-1.0,Arid and Low Water Use,1.0,5.0,-1.0,Arid and Low Water Use,1.0,5.0,-1.0,Arid and Low Water Use,1.0,5.0,-1.0,Arid and Low Water Use,1.0,5.0,-1.0,Arid and Low Water Use,1.0,5.0,-1.0,Arid and Low Water Use,United States,Arizona
772300,9999.0,5.0,4.0,Extremely High (>80%),9999.0,5.0,4.0,Extremely High (>75%),9999.0,5.0,4.0,Extremely High (>80%),9999.0,5.0,4.0,Extremely High (>75%),9999.0,5.0,4.0,Extremely High (>80%),9999.0,5.0,4.0,Extremely High (>75%),9999.0,5.0,4.0,Extremely High (>80%),9999.0,5.0,4.0,Extremely High (>75%),9999.0,5.0,4.0,Extremely High (>80%),9999.0,5.0,4.0,Extremely High (>75%),9999.0,5.0,4.0,Extremely High (>80%),9999.0,5.0,4.0,Extremely High (>75%),9999.0,5.0,4.0,Extremely High (>80%),9999.0,5.0,4.0,Extremely High (>75%),9999.0,5.0,4.0,Extremely High (>80%),9999.0,5.0,4.0,Extremely High (>75%),9999.0,5.0,4.0,Extremely High (>80%),9999.0,5.0,4.0,Extremely High (>75%),9999.0,5.0,4.0,Extremely High (>80%),9999.0,5.0,4.0,Extremely High (>75%),9999.0,5.0,4.0,Extremely High (>80%),9999.0,5.0,4.0,Extremely High (>75%),9999.0,5.0,4.0,Extremely High (>80%),9999.0,5.0,4.0,Extremely High (>75%),United States,Arizona
772310,0.0488784428460765,0.0,0.0,Low (<10%),0.0182684642927426,0.3653692858548532,0.0,Low (<5%),0.0738868401986613,0.5633893375386352,0.0,Low (<10%),0.0509987932109399,1.0049939660546996,1.0,Low - Medium (5-25%),0.1970137109973213,1.978296036278158,1.0,Low - Medium (10-20%),0.1326343480118208,1.4131717400591042,1.0,Low - Medium (5-25%),0.3681941332793243,2.8804666392998355,2.0,Medium - High (20-40%),0.2113768558337042,1.806884279168521,1.0,Low - Medium (5-25%),0.3424427997669306,2.775863026367145,2.0,Medium - High (20-40%),0.1897339644951174,1.6986698224755872,1.0,Low - Medium (5-25%),0.304407308025949,2.6060029946043897,2.0,Medium - High (20-40%),0.1572239017518574,1.536119508759287,1.0,Low - Medium (5-25%),0.3368544203890863,2.7521252312877,2.0,Medium - High (20-40%),0.1607505303318667,1.5537526516593334,1.0,Low - Medium (5-25%),0.2126728428804764,2.0886358210604485,2.0,Medium - High (20-40%),0.0597429492998052,1.0487147464990263,1.0,Low - Medium (5-25%),0.1729428479112048,1.7902953519797549,1.0,Low - Medium (10-20%),0.0270406941528373,0.5408138830567467,0.0,Low (<5%),0.1248418093289975,1.32010117146185,1.0,Low - Medium (10-20%),0.0102559165362306,0.2051183307246125,0.0,Low (<5%),0.076468796863311,0.6129430804494398,0.0,Low (<10%),0.0068959790655319,0.1379195813106386,0.0,Low (<5%),0.0514385761687447,0.0409226142108367,0.0,Low (<10%),0.0068685117169334,0.1373702343386692,0.0,Low (<5%),United States,Arizona
772310,0.0488784428460765,0.0,0.0,Low (<10%),0.0182684642927426,0.3653692858548532,0.0,Low (<5%),0.0738868401986613,0.5633893375386352,0.0,Low (<10%),0.0509987932109399,1.0049939660546996,1.0,Low - Medium (5-25%),0.1970137109973213,1.978296036278158,1.0,Low - Medium (10-20%),0.1326343480118208,1.4131717400591042,1.0,Low - Medium (5-25%),0.3681941332793243,2.8804666392998355,2.0,Medium - High (20-40%),0.2113768558337042,1.806884279168521,1.0,Low - Medium (5-25%),0.3424427997669306,2.775863026367145,2.0,Medium - High (20-40%),0.1897339644951174,1.6986698224755872,1.0,Low - Medium (5-25%),0.304407308025949,2.6060029946043897,2.0,Medium - High (20-40%),0.1572239017518574,1.536119508759287,1.0,Low - Medium (5-25%),0.3368544203890863,2.7521252312877,2.0,Medium - High (20-40%),0.1607505303318667,1.5537526516593334,1.0,Low - Medium (5-25%),0.2126728428804764,2.0886358210604485,2.0,Medium - High (20-40%),0.0597429492998052,1.0487147464990263,1.0,Low - Medium (5-25%),0.1729428479112048,1.7902953519797549,1.0,Low - Medium (10-20%),0.0270406941528373,0.5408138830567467,0.0,Low (<5%),0.1248418093289975,1.32010117146185,1.0,Low - Medium (10-20%),0.0102559165362306,0.2051183307246125,0.0,Low (<5%),0.076468796863311,0.6129430804494398,0.0,Low (<10%),0.0068959790655319,0.1379195813106386,0.0,Low (<5%),0.0514385761687447,0.0409226142108367,0.0,Low (<10%),0.0068685117169334,0.1373702343386692,0.0,Low (<5%),United States,California
772320,0.0020488396309357,0.0,0.0,Low (<10%),0.0006285226812392,0.012570453624785,0.0,Low (<5%),0.0023918835001879,0.0,0.0,Low (<10%),0.000919924607066,0.0183984921413212,0.0,Low (<5%),0.0032416410873576,0.0,0.0,Low (<10%),0.0020480736470495,0.0409614729409911,0.0,Low (<5%),0.0066276216109522,0.0,0.0,Low (<10%),0.0033187917035241,0.0663758340704825,0.0,Low (<5%),0.0083254121180659,0.0,0.0,Low (<10%),0.0035472663619192,0.0709453272383855,0.0,Low (<5%),0.0087295776189335,0.0,0.0,Low (<10%),0.003488879662738,0.0697775932547611,0.0,Low (<5%),0.0088908664613375,0.0,0.0,Low (<10%),0.0035848225096935,0.0716964501938714,0.0,Low (<5%),0.0072561536329298,0.0,0.0,Low (<10%),0.0025580668357474,0.0511613367149487,0.0,Low (<5%),0.006326131614594,0.0,0.0,Low (<10%),0.0015948282219247,0.0318965644384953,0.0,Low (<5%),0.0046848746044048,0.0,0.0,Low (<10%),0.0009287041100617,0.0185740822012358,0.0,Low (<5%),0.0033196022950685,0.0,0.0,Low (<10%),0.0007172624901338,0.0143452498026769,0.0,Low (<5%),0.0024078746381886,0.0,0.0,Low (<10%),0.0006150564050519,0.0123011281010394,0.0,Low (<5%),United States,Arizona
772330,0.0858576884080017,0.7800192359789013,0.0,Low (<10%),0.01925990690807,0.3851981381614012,0.0,Low (<5%),0.1008147561913817,1.0117068206438533,1.0,Low - Medium (10-20%),0.0237042146294548,0.474084292589097,0.0,Low (<5%),0.0844284221873239,0.7558006581445513,0.0,Low (<10%),0.0222476259289307,0.4449525185786158,0.0,Low (<5%),0.0734415892657382,0.5546691839214222,0.0,Low (<10%),0.0203756851536138,0.4075137030722774,0.0,Low (<5%),0.0472476858020628,0.0,0.0,Low (<10%),0.0129677886337405,0.2593557726748103,0.0,Low (<5%),0.0499801649344439,0.0,0.0,Low (<10%),0.0131914167916125,0.2638283358322511,0.0,Low (<5%),0.073457833853547,0.5549882591889903,0.0,Low (<10%),0.0186488432442375,0.3729768648847518,0.0,Low (<5%),0.0857971576849009,0.7790017595761509,0.0,Low (<10%),0.0192511346465915,0.3850226929318316,0.0,Low (<5%),0.0964737177004893,0.9482078681399656,0.0,Low (<10%),0.0208082328085993,0.4161646561719878,0.0,Low (<5%),0.0867832797627592,0.7954890154440091,0.0,Low (<10%),0.0185703201517877,0.3714064030357548,0.0,Low (<5%),0.0890842966719939,0.833243048306672,0.0,Low (<10%),0.0192531387411209,0.3850627748224196,0.0,Low (<5%),0.0924409955000768,0.8866047014314962,0.0,Low (<10%),0.0201792194402622,0.4035843888052451,0.0,Low (<5%),United States,Arizona
772330,0.0858576884080017,0.7800192359789013,0.0,Low (<10%),0.01925990690807,0.3851981381614012,0.0,Low (<5%),0.1008147561913817,1.0117068206438533,1.0,Low - Medium (10-20%),0.0237042146294548,0.474084292589097,0.0,Low (<5%),0.0844284221873239,0.7558006581445513,0.0,Low (<10%),0.0222476259289307,0.4449525185786158,0.0,Low (<5%),0.0734415892657382,0.5546691839214222,0.0,Low (<10%),0.0203756851536138,0.4075137030722774,0.0,Low (<5%),0.0472476858020628,0.0,0.0,Low (<10%),0.0129677886337405,0.2593557726748103,0.0,Low (<5%),0.0499801649344439,0.0,0.0,Low (<10%),0.0131914167916125,0.2638283358322511,0.0,Low (<5%),0.073457833853547,0.5549882591889903,0.0,Low (<10%),0.0186488432442375,0.3729768648847518,0.0,Low (<5%),0.0857971576849009,0.7790017595761509,0.0,Low (<10%),0.0192511346465915,0.3850226929318316,0.0,Low (<5%),0.0964737177004893,0.9482078681399656,0.0,Low (<10%),0.0208082328085993,0.4161646561719878,0.0,Low (<5%),0.0867832797627592,0.7954890154440091,0.0,Low (<10%),0.0185703201517877,0.3714064030357548,0.0,Low (<5%),0.0890842966719939,0.833243048306672,0.0,Low (<10%),0.0192531387411209,0.3850627748224196,0.0,Low (<5%),0.0924409955000768,0.8866047014314962,0.0,Low (<10%),0.0201792194402622,0.4035843888052451,0.0,Low (<5%),United States,California
772342,9999.0,5.0,4.0,Extremely High (>80%),9999.0,5.0,4.0,Extremely High (>75%),0.5432619852777101,3.441648098048949,3.0,High (40-80%),0.145517414671588,1.47758707335794,1.0,Low - Medium (5-25%),0.2947220496115202,2.5593549996380247,2.0,Medium - High (20-40%),0.0846202112510142,1.1731010562550714,1.0,Low - Medium (5-25%),0.3615838047376188,2.854330061193454,2.0,Medium - High (20-40%),0.1238733135822228,1.369366567911114,1.0,Low - Medium (5-25%),0.7250920558438059,3.8581641676496017,3.0,High (40-80%),0.30857736335352,2.23430945341408,2.0,Medium - High (25-50%),9999.0,5.0,4.0,Extremely High (>80%),9999.0,5.0,4.0,Extremely High (>75%),9999.0,5.0,4.0,Extremely High (>80%),9999.0,5.0,4.0,Extremely High (>75%),9999.0,5.0,4.0,Extremely High (>80%),9999.0,5.0,4.0,Extremely High (>75%),9999.0,5.0,4.0,Extremely High (>80%),9999.0,5.0,4.0,Extremely High (>75%),9999.0,5.0,4.0,Extremely High (>80%),9999.0,5.0,4.0,Extremely High (>75%),9999.0,5.0,4.0,Extremely High (>80%),9999.0,5.0,4.0,Extremely High (>75%),9999.0,5.0,4.0,Extremely High (>80%),9999.0,5.0,4.0,Extremely High (>75%),United States,Arizona
772350,0.0003366685451941,0.0,0.0,Low (<10%),9.503079120617012e-05,0.0019006158241234,0.0,Low (<5%),0.0004164958202556,0.0,0.0,Low (<10%),0.0001135879582673,0.0022717591653471,0.0,Low (<5%),0.0004017621093547,0.0,0.0,Low (<10%),0.0001177460707274,0.0023549214145483,0.0,Low (<5%),0.0004377050896729,0.0,0.0,Low (<10%),0.0001285634123823,0.0025712682476473,0.0,Low (<5%),0.0004429329664054,0.0,0.0,Low (<10%),0.0001203287208465,0.0024065744169302,0.0,Low (<5%),0.0006616099923298,0.0,0.0,Low (<10%),0.0001737812127281,0.0034756242545627,0.0,Low (<5%),0.0008893093999882,0.0,0.0,Low (<10%),0.0002251833151943,0.0045036663038875,0.0,Low (<5%),0.0008313099102754,0.0,0.0,Low (<10%),0.0002135960825658,0.0042719216513162,0.0,Low (<5%),0.0006179827352096,0.0,0.0,Low (<10%),0.0001459697991552,0.0029193959831047,0.0,Low (<5%),0.0003823209293896,0.0,0.0,Low (<10%),8.30857081510666e-05,0.0016617141630213,0.0,Low (<5%),0.0003702229877955,0.0,0.0,Low (<10%),9.24650300963264e-05,0.0018493006019265,0.0,Low (<5%),0.0003608842182292,0.0,0.0,Low (<10%),9.725823037841855e-05,0.0019451646075683,0.0,Low (<5%),United States,Arizona
772360,1.0,5.0,-1.0,Arid and Low Water Use,1.0,5.0,-1.0,Arid and Low Water Use,1.0,5.0,-1.0,Arid and Low Water Use,1.0,5.0,-1.0,Arid and Low Water Use,1.0,5.0,-1.0,Arid and Low Water Use,1.0,5.0,-1.0,Arid and Low Water Use,1.0,5.0,-1.0,Arid and Low Water Use,1.0,5.0,-1.0,Arid and Low Water Use,1.0,5.0,-1.0,Arid and Low Water Use,1.0,5.0,-1.0,Arid and Low Water Use,1.0,5.0,-1.0,Arid and Low Water Use,1.0,5.0,-1.0,Arid and Low Water Use,1.0,5.0,-1.0,Arid and Low Water Use,1.0,5.0,-1.0,Arid and Low Water Use,1.0,5.0,-1.0,Arid and Low Water Use,1.0,5.0,-1.0,Arid and Low Water Use,1.0,5.0,-1.0,Arid and Low Water Use,1.0,5.0,-1.0,Arid and Low Water Use,1.0,5.0,-1.0,Arid and Low Water Use,1.0,5.0,-1.0,Arid and Low Water Use,1.0,5.0,-1.0,Arid and Low Water Use,1.0,5.0,-1.0,Arid and Low Water Use,1.0,5.0,-1.0,Arid and Low Water Use,1.0,5.0,-1.0,Arid and Low Water Use,United States,Arizona
772370,1.4940454224563922e-07,0.0,0.0,Low (<10%),2.606331169189247e-09,5.212662338378497e-08,0.0,Low (<5%),2.535608895371833e-07,0.0,0.0,Low (<10%),3.227845458635497e-09,6.455690917270994e-08,0.0,Low (<5%),4.127025949708417e-07,0.0,0.0,Low (<10%),2.4652263386980822e-09,4.930452677396164e-08,0.0,Low (<5%),6.320611252568295e-07,0.0,0.0,Low (<10%),1.9117377545452528e-09,3.8234755090905054e-08,0.0,Low (<5%),8.26600618424706e-07,0.0,0.0,Low (<10%),1.241115593752571e-09,2.4822311875051423e-08,0.0,Low (<5%),1.6388668279154926e-06,0.0,0.0,Low (<10%),1.4137019747230107e-09,2.8274039494460216e-08,0.0,Low (<5%),2.5735677507564075e-06,0.0,0.0,Low (<10%),2.201489623134618e-09,4.402979246269236e-08,0.0,Low (<5%),2.181694983845422e-06,0.0,0.0,Low (<10%),2.596257309332557e-09,5.192514618665115e-08,0.0,Low (<5%),1.2377877595972535e-06,0.0,0.0,Low (<10%),3.017430619131636e-09,6.034861238263275e-08,0.0,Low (<5%),3.61876660931786e-07,0.0,0.0,Low (<10%),2.594845135635014e-09,5.189690271270029e-08,0.0,Low (<5%),2.1686597280088213e-07,0.0,0.0,Low (<10%),2.701498482174869e-09,5.4029969643497383e-08,0.0,Low (<5%),1.4344739952922128e-07,0.0,0.0,Low (<10%),2.759100730673024e-09,5.5182014613460484e-08,0.0,Low (<5%),United States,Arizona
772380,1.0,5.0,-1.0,Arid and Low Water Use,1.0,5.0,-1.0,Arid and Low Water Use,1.0,5.0,-1.0,Arid and Low Water Use,1.0,5.0,-1.0,Arid and Low Water Use,1.0,5.0,-1.0,Arid and Low Water Use,1.0,5.0,-1.0,Arid and Low Water Use,1.0,5.0,-1.0,Arid and Low Water Use,1.0,5.0,-1.0,Arid and Low Water Use,1.0,5.0,-1.0,Arid and Low Water Use,1.0,5.0,-1.0,Arid and Low Water Use,1.0,5.0,-1.0,Arid and Low Water Use,1.0,5.0,-1.0,Arid and Low Water Use,1.0,5.0,-1.0,Arid and Low Water Use,1.0,5.0,-1.0,Arid and Low Water Use,1.0,5.0,-1.0,Arid and Low Water Use,1.0,5.0,-1.0,Arid and Low Water Use,1.0,5.0,-1.0,Arid and Low Water Use,1.0,5.0,-1.0,Arid and Low Water Use,1.0,5.0,-1.0,Arid and Low Water Use,1.0,5.0,-1.0,Arid and Low Water Use,1.0,5.0,-1.0,Arid and Low Water Use,1.0,5.0,-1.0,Arid and Low Water Use,1.0,5.0,-1.0,Arid and Low Water Use,1.0,5.0,-1.0,Arid and Low Water Use,United States,Arizona
772390,0.0001599075566365,0.0,0.0,Low (<10%),6.1337527043744e-05,0.0012267505408748,0.0,Low (<5%),0.0001892490496577,0.0,0.0,Low (<10%),7.28730005069489e-05,0.0014574600101389,0.0,Low (<5%),0.0001438432628851,0.0,0.0,Low (<10%),5.561838142263676e-05,0.0011123676284527,0.0,Low (<5%),0.0001070268674258,0.0,0.0,Low (<10%),4.165042710708544e-05,0.0008330085421417,0.0,Low (<5%),6.678983096982263e-05,0.0,0.0,Low (<10%),2.620423680995249e-05,0.000524084736199,0.0,Low (<5%),7.393803245636305e-05,0.0,0.0,Low (<10%),2.9254854650371407e-05,0.0005850970930074,0.0,Low (<5%),0.0001107809311377,0.0,0.0,Low (<10%),4.408500721762453e-05,0.0008817001443524,0.0,Low (<5%),0.0001311107976109,0.0,0.0,Low (<10%),5.2067200481295385e-05,0.0010413440096259,0.0,Low (<5%),0.000158175525965,0.0,0.0,Low (<10%),6.243011264918822e-05,0.0012486022529837,0.0,Low (<5%),0.0001397401934757,0.0,0.0,Low (<10%),5.465877688158776e-05,0.0010931755376317,0.0,Low (<5%),0.0001562519891949,0.0,0.0,Low (<10%),6.045777250057316e-05,0.0012091554500114,0.0,Low (<5%),0.0001656436938084,0.0,0.0,Low (<10%),6.36119554922958e-05,0.0012722391098459,0.0,Low (<5%),United States,Arizona
772401,0.0020932970441074,0.0,0.0,Low (<10%),0.0006794010108243,0.0135880202164867,0.0,Low (<5%),0.0017390770891893,0.0,0.0,Low (<10%),0.0005669417722274,0.0113388354445491,0.0,Low (<5%),0.0012302787595749,0.0,0.0,Low (<10%),0.00040298657665,0.008059731533,0.0,Low (<5%),0.0019838846339729,0.0,0.0,Low (<10%),0.0006541818765724,0.0130836375314488,0.0,Low (<5%),0.0038825165103069,0.0,0.0,Low (<10%),0.001290712613971,0.025814252279421,0.0,Low (<5%),0.009426841660706,0.0,0.0,Low (<10%),0.0031604773039658,0.063209546079317,0.0,Low (<5%),0.0058026105743138,0.0,0.0,Low (<10%),0.0019568915785465,0.0391378315709319,0.0,Low (<5%),0.0033752291961333,0.0,0.0,Low (<10%),0.0011359055401974,0.0227181108039493,0.0,Low (<5%),0.0052325846612253,0.0,0.0,Low (<10%),0.0017494366717855,0.0349887334357107,0.0,Low (<5%),0.0054459518458207,0.0,0.0,Low (<10%),0.0018036079511824,0.0360721590236488,0.0,Low (<5%),0.0055831259692811,0.0,0.0,Low (<10%),0.0018289012937827,0.0365780258756555,0.0,Low (<5%),0.0034463143252888,0.0,0.0,Low (<10%),0.0011198362997523,0.0223967259950466,0.0,Low (<5%),United States,Arizona
772402,1.0,5.0,-1.0,Arid and Low Water Use,1.0,5.0,-1.0,Arid and Low Water Use,1.0,5.0,-1.0,Arid and Low Water Use,1.0,5.0,-1.0,Arid and Low Water Use,1.0,5.0,-1.0,Arid and Low Water Use,1.0,5.0,-1.0,Arid and Low Water Use,1.0,5.0,-1.0,Arid and Low Water Use,1.0,5.0,-1.0,Arid and Low Water Use,1.0,5.0,-1.0,Arid and Low Water Use,1.0,5.0,-1.0,Arid and Low Water Use,1.0,5.0,-1.0,Arid and Low Water Use,1.0,5.0,-1.0,Arid and Low Water Use,1.0,5.0,-1.0,Arid and Low Water Use,1.0,5.0,-1.0,Arid and Low Water Use,1.0,5.0,-1.0,Arid and Low Water Use,1.0,5.0,-1.0,Arid and Low Water Use,1.0,5.0,-1.0,Arid and Low Water Use,1.0,5.0,-1.0,Arid and Low Water Use,1.0,5.0,-1.0,Arid and Low Water Use,1.0,5.0,-1.0,Arid and Low Water Use,1.0,5.0,-1.0,Arid and Low Water Use,1.0,5.0,-1.0,Arid and Low Water Use,1.0,5.0,-1.0,Arid and Low Water Use,1.0,5.0,-1.0,Arid and Low Water Use,United States,Arizona
772403,1.0,5.0,-1.0,Arid and Low Water Use,1.0,5.0,-1.0,Arid and Low Water Use,1.0,5.0,-1.0,Arid and Low Water Use,1.0,5.0,-1.0,Arid and Low Water Use,1.0,5.0,-1.0,Arid and Low Water Use,1.0,5.0,-1.0,Arid and Low Water Use,1.0,5.0,-1.0,Arid and Low Water Use,1.0,5.0,-1.0,Arid and Low Water Use,1.0,5.0,-1.0,Arid and Low Water Use,1.0,5.0,-1.0,Arid and Low Water Use,1.0,5.0,-1.0,Arid and Low Water Use,1.0,5.0,-1.0,Arid and Low Water Use,1.0,5.0,-1.0,Arid and Low Water Use,1.0,5.0,-1.0,Arid and Low Water Use,1.0,5.0,-1.0,Arid and Low Water Use,1.0,5.0,-1.0,Arid and Low Water Use,1.0,5.0,-1.0,Arid and Low Water Use,1.0,5.0,-1.0,Arid and Low Water Use,1.0,5.0,-1.0,Arid and Low Water Use,1.0,5.0,-1.0,Arid and Low Water Use,1.0,5.0,-1.0,Arid and Low Water Use,1.0,5.0,-1.0,Arid and Low Water Use,1.0,5.0,-1.0,Arid and Low Water Use,1.0,5.0,-1.0,Arid and Low Water Use,United States,Arizona
772404,1.0,5.0,-1.0,Arid and Low Water Use,1.0,5.0,-1.0,Arid and Low Water Use,1.0,5.0,-1.0,Arid and Low Water Use,1.0,5.0,-1.0,Arid and Low Water Use,1.0,5.0,-1.0,Arid and Low Water Use,1.0,5.0,-1.0,Arid and Low Water Use,1.0,5.0,-1.0,Arid and Low Water Use,1.0,5.0,-1.0,Arid and Low Water Use,1.0,5.0,-1.0,Arid and Low Water Use,1.0,5.0,-1.0,Arid and Low Water Use,1.0,5.0,-1.0,Arid and Low Water Use,1.0,5.0,-1.0,Arid and Low Water Use,1.0,5.0,-1.0,Arid and Low Water Use,1.0,5.0,-1.0,Arid and Low Water Use,1.0,5.0,-1.0,Arid and Low Water Use,1.0,5.0,-1.0,Arid and Low Water Use,1.0,5.0,-1.0,Arid and Low Water Use,1.0,5.0,-1.0,Arid and Low Water Use,1.0,5.0,-1.0,Arid and Low Water Use,1.0,5.0,-1.0,Arid and Low Water Use,1.0,5.0,-1.0,Arid and Low Water Use,1.0,5.0,-1.0,Arid and Low Water Use,1.0,5.0,-1.0,Arid and Low Water Use,1.0,5.0,-1.0,Arid and Low Water Use,United States,Arizona
772405,1.0,5.0,-1.0,Arid and Low Water Use,1.0,5.0,-1.0,Arid and Low Water Use,1.0,5.0,-1.0,Arid and Low Water Use,1.0,5.0,-1.0,Arid and Low Water Use,1.0,5.0,-1.0,Arid and Low Water Use,1.0,5.0,-1.0,Arid and Low Water Use,1.0,5.0,-1.0,Arid and Low Water Use,1.0,5.0,-1.0,Arid and Low Water Use,1.0,5.0,-1.0,Arid and Low Water Use,1.0,5.0,-1.0,Arid and Low Water Use,1.0,5.0,-1.0,Arid and Low Water Use,1.0,5.0,-1.0,Arid and Low Water Use,1.0,5.0,-1.0,Arid and Low Water Use,1.0,5.0,-1.0,Arid and Low Water Use,1.0,5.0,-1.0,Arid and Low Water Use,1.0,5.0,-1.0,Arid and Low Water Use,1.0,5.0,-1.0,Arid and Low Water Use,1.0,5.0,-1.0,Arid and Low Water Use,1.0,5.0,-1.0,Arid and Low Water Use,1.0,5.0,-1.0,Arid and Low Water Use,1.0,5.0,-1.0,Arid and Low Water Use,1.0,5.0,-1.0,Arid and Low Water Use,1.0,5.0,-1.0,Arid and Low Water Use,1.0,5.0,-1.0,Arid and Low Water Use,United States,Arizona
772406,9999.0,5.0,4.0,Extremely High (>80%),9999.0,5.0,4.0,Extremely High (>75%),9999.0,5.0,4.0,Extremely High (>80%),9999.0,5.0,4.0,Extremely High (>75%),9999.0,5.0,4.0,Extremely High (>80%),9999.0,5.0,4.0,Extremely High (>75%),9999.0,5.0,4.0,Extremely High (>80%),9999.0,5.0,4.0,Extremely High (>75%),9999.0,5.0,4.0,Extremely High (>80%),9999.0,5.0,4.0,Extremely High (>75%),9999.0,5.0,4.0,Extremely High (>80%),9999.0,5.0,4.0,Extremely High (>75%),9999.0,5.0,4.0,Extremely High (>80%),9999.0,5.0,4.0,Extremely High (>75%),9999.0,5.0,4.0,Extremely High (>80%),9999.0,5.0,4.0,Extremely High (>75%),9999.0,5.0,4.0,Extremely High (>80%),9999.0,5.0,4.0,Extremely High (>75%),9999.0,5.0,4.0,Extremely High (>80%),9999.0,5.0,4.0,Extremely High (>75%),9999.0,5.0,4.0,Extremely High (>80%),9999.0,5.0,4.0,Extremely High (>75%),9999.0,5.0,4.0,Extremely High (>80%),9999.0,5.0,4.0,Extremely High (>75%),United States,Arizona
772407,0.3384760847015278,2.7590539026292857,2.0,Medium - High (20-40%),0.1203986434313197,1.351993217156599,1.0,Low - Medium (5-25%),0.3749715076404772,2.9067809760152734,2.0,Medium - High (20-40%),0.1354581183527948,1.4272905917639744,1.0,Low - Medium (5-25%),0.3398468674936549,2.764884824970962,2.0,Medium - High (20-40%),0.1409408881824182,1.454704440912091,1.0,Low - Medium (5-25%),0.6301575879364137,3.6557126586194193,3.0,High (40-80%),0.3063383598116256,2.2253534392465024,2.0,Medium - High (25-50%),9999.0,5.0,4.0,Extremely High (>80%),9999.0,5.0,4.0,Extremely High (>75%),9999.0,5.0,4.0,Extremely High (>80%),9999.0,5.0,4.0,Extremely High (>75%),1.6079227335010575,5.0,4.0,Extremely High (>80%),0.8293097915349458,4.317239166139784,4.0,Extremely High (>75%),0.6918127430444937,3.7903815880932896,3.0,High (40-80%),0.3535439590685694,2.4141758362742776,2.0,Medium - High (25-50%),0.7614135867143719,3.928680313675536,3.0,High (40-80%),0.2774942952972438,2.109977181188976,2.0,Medium - High (25-50%),0.5998673551065299,3.5846435219107504,3.0,High (40-80%),0.1718685619270282,1.6093428096351412,1.0,Low - Medium (5-25%),0.5957912957178716,3.574807046520656,3.0,High (40-80%),0.1896927425554438,1.698463712777219,1.0,Low - Medium (5-25%),0.3922268014810258,2.971688120544512,2.0,Medium - High (20-40%),0.1295767291898482,1.397883645949241,1.0,Low - Medium (5-25%),United States,Arizona
772408,1.0,5.0,-1.0,Arid and Low Water Use,1.0,5.0,-1.0,Arid and Low Water Use,1.0,5.0,-1.0,Arid and Low Water Use,1.0,5.0,-1.0,Arid and Low Water Use,1.0,5.0,-1.0,Arid and Low Water Use,1.0,5.0,-1.0,Arid and Low Water Use,1.0,5.0,-1.0,Arid and Low Water Use,1.0,5.0,-1.0,Arid and Low Water Use,1.0,5.0,-1.0,Arid and Low Water Use,1.0,5.0,-1.0,Arid and Low Water Use,1.0,5.0,-1.0,Arid and Low Water Use,1.0,5.0,-1.0,Arid and Low Water Use,1.0,5.0,-1.0,Arid and Low Water Use,1.0,5.0,-1.0,Arid and Low Water Use,1.0,5.0,-1.0,Arid and Low Water Use,1.0,5.0,-1.0,Arid and Low Water Use,1.0,5.0,-1.0,Arid and Low Water Use,1.0,5.0,-1.0,Arid and Low Water Use,1.0,5.0,-1.0,Arid and Low Water Use,1.0,5.0,-1.0,Arid and Low Water Use,1.0,5.0,-1.0,Arid and Low Water Use,1.0,5.0,-1.0,Arid and Low Water Use,1.0,5.0,-1.0,Arid and Low Water Use,1.0,5.0,-1.0,Arid and Low Water Use,United States,Arizona
772409,1.0,5.0,-1.0,Arid and Low Water Use,1.0,5.0,-1.0,Arid and Low Water Use,1.0,5.0,-1.0,Arid and Low Water Use,1.0,5.0,-1.0,Arid and Low Water Use,1.0,5.0,-1.0,Arid and Low Water Use,1.0,5.0,-1.0,Arid and Low Water Use,1.0,5.0,-1.0,Arid and Low Water Use,1.0,5.0,-1.0,Arid and Low Water Use,1.0,5.0,-1.0,Arid and Low Water Use,1.0,5.0,-1.0,Arid and Low Water Use,1.0,5.0,-1.0,Arid and Low Water Use,1.0,5.0,-1.0,Arid and Low Water Use,1.0,5.0,-1.0,Arid and Low Water Use,1.0,5.0,-1.0,Arid and Low Water Use,1.0,5.0,-1.0,Arid and Low Water Use,1.0,5.0,-1.0,Arid and Low Water Use,1.0,5.0,-1.0,Arid and Low Water Use,1.0,5.0,-1.0,Arid and Low Water Use,1.0,5.0,-1.0,Arid and Low Water Use,1.0,5.0,-1.0,Arid and Low Water Use,1.0,5.0,-1.0,Arid and Low Water Use,1.0,5.0,-1.0,Arid and Low Water Use,1.0,5.0,-1.0,Arid and Low Water Use,1.0,5.0,-1.0,Arid and Low Water Use,United States,Arizona
772500,0.0048228195905283,0.0,0.0,Low (<10%),0.001410282657047,0.0282056531409406,0.0,Low (<5%),0.0065447213298753,0.0,0.0,Low (<10%),0.0019207939659266,0.0384158793185328,0.0,Low (<5%),0.0044013745331192,0.0,0.0,Low (<10%),0.0013156789083767,0.026313578167534,0.0,Low (<5%),0.0030898848287569,0.0,0.0,Low (<10%),0.001002178082592,0.020043561651841,0.0,Low (<5%),0.0019324484904028,0.0,0.0,Low (<10%),0.0007088532640058,0.0141770652801168,0.0,Low (<5%),0.0029282551631777,0.0,0.0,Low (<10%),0.0011545939889984,0.0230918797799683,0.0,Low (<5%),0.0054087250978104,0.0,0.0,Low (<10%),0.0016732976077661,0.0334659521553222,0.0,Low (<5%),0.005738285272089,0.0,0.0,Low (<10%),0.0017757797622725,0.0355155952454505,0.0,Low (<5%),0.0053132372673837,0.0,0.0,Low (<10%),0.0014978119564673,0.029956239129346,0.0,Low (<5%),0.004131190855025,0.0,0.0,Low (<10%),0.0011608445469946,0.0232168909398924,0.0,Low (<5%),0.004751766791423,0.0,0.0,Low (<10%),0.0013757389267488,0.0275147785349765,0.0,Low (<5%),0.0052591454675905,0.0,0.0,Low (<10%),0.0015327081943384,0.0306541638867683,0.0,Low (<5%),United States,Arizona
772601,0.0083722352660707,0.0,0.0,Low (<10%),0.0030287680879325,0.0605753617586518,0.0,Low (<5%),0.0099016320293223,0.0,0.0,Low (<10%),0.0035603002949807,0.0712060058996146,0.0,Low (<5%),0.008619408046606,0.0,0.0,Low (<10%),0.0031254176940156,0.0625083538803126,0.0,Low (<5%),0.0086962556000187,0.0,0.0,Low (<10%),0.0035143084866759,0.0702861697335185,0.0,Low (<5%),0.0061873723283667,0.0,0.0,Low (<10%),0.0025307324847138,0.050614649694276,0.0,Low (<5%),0.0103062059870117,0.0,0.0,Low (<10%),0.0042530769665004,0.0850615393300081,0.0,Low (<5%),0.0163194266163162,0.0,0.0,Low (<10%),0.0066491594867827,0.1329831897356549,0.0,Low (<5%),0.0125020516601461,0.0,0.0,Low (<10%),0.0048389518754511,0.0967790375090238,0.0,Low (<5%),0.0107816547608388,0.0,0.0,Low (<10%),0.0037029491853448,0.0740589837068962,0.0,Low (<5%),0.0074228013931677,0.0,0.0,Low (<10%),0.0024689072514646,0.049378145029293,0.0,Low (<5%),0.0073828531313659,0.0,0.0,Low (<10%),0.0025683640841069,0.0513672816821381,0.0,Low (<5%),0.007777328574244,0.0,0.0,Low (<10%),0.0027644970214704,0.0552899404294085,0.0,Low (<5%),United States,Arizona
772602,1.0,5.0,-1.0,Arid and Low Water Use,1.0,5.0,-1.0,Arid and Low Water Use,1.0,5.0,-1.0,Arid and Low Water Use,1.0,5.0,-1.0,Arid and Low Water Use,1.0,5.0,-1.0,Arid and Low Water Use,1.0,5.0,-1.0,Arid and Low Water Use,1.0,5.0,-1.0,Arid and Low Water Use,1.0,5.0,-1.0,Arid and Low Water Use,1.0,5.0,-1.0,Arid and Low Water Use,1.0,5.0,-1.0,Arid and Low Water Use,1.0,5.0,-1.0,Arid and Low Water Use,1.0,5.0,-1.0,Arid and Low Water Use,1.0,5.0,-1.0,Arid and Low Water Use,1.0,5.0,-1.0,Arid and Low Water Use,1.0,5.0,-1.0,Arid and Low Water Use,1.0,5.0,-1.0,Arid and Low Water Use,1.0,5.0,-1.0,Arid and Low Water Use,1.0,5.0,-1.0,Arid and Low Water Use,1.0,5.0,-1.0,Arid and Low Water Use,1.0,5.0,-1.0,Arid and Low Water Use,1.0,5.0,-1.0,Arid and Low Water Use,1.0,5.0,-1.0,Arid and Low Water Use,1.0,5.0,-1.0,Arid and Low Water Use,1.0,5.0,-1.0,Arid and Low Water Use,United States,Arizona
772603,0.1180219882454539,1.2390556678706304,1.0,Low - Medium (10-20%),0.0347674255196566,0.6953485103931323,0.0,Low (<5%),0.1368216693347222,1.4522967372852909,1.0,Low - Medium (10-20%),0.039340493525518,0.7868098705103612,0.0,Low (<5%),0.1082146463608447,1.1138957746005207,1.0,Low - Medium (10-20%),0.0339690008907803,0.6793800178156075,0.0,Low (<5%),0.0992842906078784,0.9896373685357236,0.0,Low (<10%),0.037819428378427,0.7563885675685409,0.0,Low (<5%),0.1058500935323309,1.0820225441548583,1.0,Low - Medium (10-20%),0.0816538474755766,1.1582692373778831,1.0,Low - Medium (5-25%),0.3756813598788843,2.909509535789552,2.0,Medium - High (20-40%),0.1891082601875696,1.695541300937848,1.0,Low - Medium (5-25%),0.704986951755839,3.81759655565136,3.0,High (40-80%),0.2043782259175005,1.7718911295875026,1.0,Low - Medium (5-25%),0.4731045394780459,3.242159003696853,3.0,High (40-80%),0.1522448220346704,1.511224110173352,1.0,Low - Medium (5-25%),0.2796618633016841,2.4836835309796346,2.0,Medium - High (20-40%),0.0666407883451068,1.083203941725534,1.0,Low - Medium (5-25%),0.1540634796774047,1.623524915502652,1.0,Low - Medium (10-20%),0.0286370575316449,0.5727411506328981,0.0,Low (<5%),0.1235352367398771,1.304922609575697,1.0,Low - Medium (10-20%),0.0299789961957883,0.5995799239157661,0.0,Low (<5%),0.1195465380604993,1.257572351753708,1.0,Low - Medium (10-20%),0.0328492887633745,0.6569857752674908,0.0,Low (<5%),United States,Arizona
772604,0.0881866535263852,0.8186322349512734,0.0,Low (<10%),0.0260409509678087,0.5208190193561757,0.0,Low (<5%),0.1065256105130706,1.0912003198255007,1.0,Low - Medium (10-20%),0.0316501501151761,0.6330030023035227,0.0,Low (<5%),0.0931894051132732,0.8982378464792283,0.0,Low (<10%),0.0279180062767683,0.558360125535367,0.0,Low (<5%),0.0799166913457547,0.6765687600412381,0.0,Low (<10%),0.0284907490987507,0.5698149819750153,0.0,Low (<5%),0.0481913258513892,0.0,0.0,Low (<10%),0.0208531788913564,0.4170635778271289,0.0,Low (<5%),0.0765306424033949,0.6141094149048778,0.0,Low (<10%),0.0294118436112305,0.5882368722246113,0.0,Low (<5%),0.1092401676226619,1.1275034329488791,1.0,Low - Medium (10-20%),0.0409454625060486,0.8189092501209723,0.0,Low (<5%),0.098535414410249,0.9787142389351744,0.0,Low (<10%),0.0367936650855267,0.7358733017105347,0.0,Low (<5%),0.0911941267604196,0.8670128175896459,0.0,Low (<10%),0.0280181138307204,0.5603622766144097,0.0,Low (<5%),0.0736649898685521,0.559051029947271,0.0,Low (<10%),0.0202495447291462,0.4049908945829247,0.0,Low (<5%),0.0744318107099398,0.5739912380744242,0.0,Low (<10%),0.0213444618323204,0.426889236646409,0.0,Low (<5%),0.081313623158339,0.7015689845529083,0.0,Low (<10%),0.0238051692844119,0.4761033856882386,0.0,Low (<5%),United States,Arizona
773100,1.0,5.0,-1.0,Arid and Low Water Use,1.0,5.0,-1.0,Arid and Low Water Use,1.0,5.0,-1.0,Arid and Low Water Use,1.0,5.0,-1.0,Arid and Low Water Use,1.0,5.0,-1.0,Arid and Low Water Use,1.0,5.0,-1.0,Arid and Low Water Use,1.0,5.0,-1.0,Arid and Low Water Use,1.0,5.0,-1.0,Arid and Low Water Use,1.0,5.0,-1.0,Arid and Low Water Use,1.0,5.0,-1.0,Arid and Low Water Use,1.0,5.0,-1.0,Arid and Low Water Use,1.0,5.0,-1.0,Arid and Low Water Use,1.0,5.0,-1.0,Arid and Low Water Use,1.0,5.0,-1.0,Arid and Low Water Use,1.0,5.0,-1.0,Arid and Low Water Use,1.0,5.0,-1.0,Arid and Low Water Use,1.0,5.0,-1.0,Arid and Low Water Use,1.0,5.0,-1.0,Arid and Low Water Use,1.0,5.0,-1.0,Arid and Low Water Use,1.0,5.0,-1.0,Arid and Low Water Use,1.0,5.0,-1.0,Arid and Low Water Use,1.0,5.0,-1.0,Arid and Low Water Use,1.0,5.0,-1.0,Arid and Low Water Use,1.0,5.0,-1.0,Arid and Low Water Use,United States,California
773200,0.1845031097271948,1.883645132546886,1.0,Low - Medium (10-20%),0.0499423004623249,0.998846009246499,0.0,Low (<5%),0.228756720971261,2.1938141310227603,2.0,Medium - High (20-40%),0.0619804100860355,1.059902050430178,1.0,Low - Medium (5-25%),0.2384669653334755,2.253789424509609,2.0,Medium - High (20-40%),0.0646351732248145,1.073175866124073,1.0,Low - Medium (5-25%),0.4158076377778083,3.055916258636316,3.0,High (40-80%),0.1130463879514892,1.315231939757446,1.0,Low - Medium (5-25%),0.8860222172985209,4.147342875286533,4.0,Extremely High (>80%),0.242539116172313,1.9626955808615647,1.0,Low - Medium (5-25%),9999.0,5.0,4.0,Extremely High (>80%),9999.0,5.0,4.0,Extremely High (>75%),9999.0,5.0,4.0,Extremely High (>80%),9999.0,5.0,4.0,Extremely High (>75%),9999.0,5.0,4.0,Extremely High (>80%),9999.0,5.0,4.0,Extremely High (>75%),9999.0,5.0,4.0,Extremely High (>80%),9999.0,5.0,4.0,Extremely High (>75%),9999.0,5.0,4.0,Extremely High (>80%),9999.0,5.0,4.0,Extremely High (>75%),9999.0,5.0,4.0,Extremely High (>80%),9999.0,5.0,4.0,Extremely High (>75%),0.5151749613314099,3.365062476913662,3.0,High (40-80%),0.139474828882029,1.4473741444101451,1.0,Low - Medium (5-25%),United States,California
773201,1.0,5.0,-1.0,Arid and Low Water Use,1.0,5.0,-1.0,Arid and Low Water Use,1.0,5.0,-1.0,Arid and Low Water Use,1.0,5.0,-1.0,Arid and Low Water Use,1.0,5.0,-1.0,Arid and Low Water Use,1.0,5.0,-1.0,Arid and Low Water Use,1.0,5.0,-1.0,Arid and Low Water Use,1.0,5.0,-1.0,Arid and Low Water Use,1.0,5.0,-1.0,Arid and Low Water Use,1.0,5.0,-1.0,Arid and Low Water Use,1.0,5.0,-1.0,Arid and Low Water Use,1.0,5.0,-1.0,Arid and Low Water Use,1.0,5.0,-1.0,Arid and Low Water Use,1.0,5.0,-1.0,Arid and Low Water Use,1.0,5.0,-1.0,Arid and Low Water Use,1.0,5.0,-1.0,Arid and Low Water Use,1.0,5.0,-1.0,Arid and Low Water Use,1.0,5.0,-1.0,Arid and Low Water Use,1.0,5.0,-1.0,Arid and Low Water Use,1.0,5.0,-1.0,Arid and Low Water Use,1.0,5.0,-1.0,Arid and Low Water Use,1.0,5.0,-1.0,Arid and Low Water Use,1.0,5.0,-1.0,Arid and Low Water Use,1.0,5.0,-1.0,Arid and Low Water Use,United States,California
773202,1.5065054415708077,4.913133978913692,4.0,Extremely High (>80%),0.4409598444486888,2.7638393777947554,2.0,Medium - High (25-50%),1.1894591433703618,4.572233812493806,4.0,Extremely High (>80%),0.3502801013907826,2.4011204055631303,2.0,Medium - High (25-50%),9999.0,5.0,4.0,Extremely High (>80%),9999.0,5.0,4.0,Extremely High (>75%),9999.0,5.0,4.0,Extremely High (>80%),9999.0,5.0,4.0,Extremely High (>75%),9999.0,5.0,4.0,Extremely High (>80%),9999.0,5.0,4.0,Extremely High (>75%),9999.0,5.0,4.0,Extremely High (>80%),9999.0,5.0,4.0,Extremely High (>75%),9999.0,5.0,4.0,Extremely High (>80%),9999.0,5.0,4.0,Extremely High (>75%),9999.0,5.0,4.0,Extremely High (>80%),9999.0,5.0,4.0,Extremely High (>75%),9999.0,5.0,4.0,Extremely High (>80%),9999.0,5.0,4.0,Extremely High (>75%),9999.0,5.0,4.0,Extremely High (>80%),9999.0,5.0,4.0,Extremely High (>75%),9999.0,5.0,4.0,Extremely High (>80%),9999.0,5.0,4.0,Extremely High (>75%),1.441608730201197,4.8496077479576645,4.0,Extremely High (>80%),0.4201652946235938,2.6806611784943755,2.0,Medium - High (25-50%),United States,California
773204,9999.0,5.0,4.0,Extremely High (>80%),9999.0,5.0,4.0,Extremely High (>75%),1.3404964647388946,4.744695509425747,4.0,Extremely High (>80%),0.3561666898151132,2.424666759260453,2.0,Medium - High (25-50%),9999.0,5.0,4.0,Extremely High (>80%),9999.0,5.0,4.0,Extremely High (>75%),9999.0,5.0,4.0,Extremely High (>80%),9999.0,5.0,4.0,Extremely High (>75%),9999.0,5.0,4.0,Extremely High (>80%),9999.0,5.0,4.0,Extremely High (>75%),9999.0,5.0,4.0,Extremely High (>80%),9999.0,5.0,4.0,Extremely High (>75%),9999.0,5.0,4.0,Extremely High (>80%),9999.0,5.0,4.0,Extremely High (>75%),9999.0,5.0,4.0,Extremely High (>80%),9999.0,5.0,4.0,Extremely High (>75%),9999.0,5.0,4.0,Extremely High (>80%),9999.0,5.0,4.0,Extremely High (>75%),9999.0,5.0,4.0,Extremely High (>80%),9999.0,5.0,4.0,Extremely High (>75%),9999.0,5.0,4.0,Extremely High (>80%),9999.0,5.0,4.0,Extremely High (>75%),9999.0,5.0,4.0,Extremely High (>80%),9999.0,5.0,4.0,Extremely High (>75%),United States,California
773205,2.5024030814443696,5.0,4.0,Extremely High (>80%),0.6609989003694817,3.643995601477927,3.0,High (50-75%),2.5143421760925047,5.0,4.0,Extremely High (>80%),0.6702634534861192,3.6810538139444766,3.0,High (50-75%),9999.0,5.0,4.0,Extremely High (>80%),9999.0,5.0,4.0,Extremely High (>75%),9999.0,5.0,4.0,Extremely High (>80%),9999.0,5.0,4.0,Extremely High (>75%),9999.0,5.0,4.0,Extremely High (>80%),9999.0,5.0,4.0,Extremely High (>75%),9999.0,5.0,4.0,Extremely High (>80%),9999.0,5.0,4.0,Extremely High (>75%),9999.0,5.0,4.0,Extremely High (>80%),9999.0,5.0,4.0,Extremely High (>75%),9999.0,5.0,4.0,Extremely High (>80%),9999.0,5.0,4.0,Extremely High (>75%),9999.0,5.0,4.0,Extremely High (>80%),9999.0,5.0,4.0,Extremely High (>75%),9999.0,5.0,4.0,Extremely High (>80%),9999.0,5.0,4.0,Extremely High (>75%),9999.0,5.0,4.0,Extremely High (>80%),9999.0,5.0,4.0,Extremely High (>75%),9999.0,5.0,4.0,Extremely High (>80%),9999.0,5.0,4.0,Extremely High (>75%),United States,California
773206,1.0,5.0,-1.0,Arid and Low Water Use,1.0,5.0,-1.0,Arid and Low Water Use,1.0,5.0,-1.0,Arid and Low Water Use,1.0,5.0,-1.0,Arid and Low Water Use,1.0,5.0,-1.0,Arid and Low Water Use,1.0,5.0,-1.0,Arid and Low Water Use,1.0,5.0,-1.0,Arid and Low Water Use,1.0,5.0,-1.0,Arid and Low Water Use,1.0,5.0,-1.0,Arid and Low Water Use,1.0,5.0,-1.0,Arid and Low Water Use,1.0,5.0,-1.0,Arid and Low Water Use,1.0,5.0,-1.0,Arid and Low Water Use,1.0,5.0,-1.0,Arid and Low Water Use,1.0,5.0,-1.0,Arid and Low Water Use,1.0,5.0,-1.0,Arid and Low Water Use,1.0,5.0,-1.0,Arid and Low Water Use,1.0,5.0,-1.0,Arid and Low Water Use,1.0,5.0,-1.0,Arid and Low Water Use,1.0,5.0,-1.0,Arid and Low Water Use,1.0,5.0,-1.0,Arid and Low Water Use,1.0,5.0,-1.0,Arid and Low Water Use,1.0,5.0,-1.0,Arid and Low Water Use,1.0,5.0,-1.0,Arid and Low Water Use,1.0,5.0,-1.0,Arid and Low Water Use,United States,California
773207,1.0,5.0,-1.0,Arid and Low Water Use,1.0,5.0,-1.0,Arid and Low Water Use,1.0,5.0,-1.0,Arid and Low Water Use,1.0,5.0,-1.0,Arid and Low Water Use,1.0,5.0,-1.0,Arid and Low Water Use,1.0,5.0,-1.0,Arid and Low Water Use,1.0,5.0,-1.0,Arid and Low Water Use,1.0,5.0,-1.0,Arid and Low Water Use,1.0,5.0,-1.0,Arid and Low Water Use,1.0,5.0,-1.0,Arid and Low Water Use,1.0,5.0,-1.0,Arid and Low Water Use,1.0,5.0,-1.0,Arid and Low Water Use,1.0,5.0,-1.0,Arid and Low Water Use,1.0,5.0,-1.0,Arid and Low Water Use,1.0,5.0,-1.0,Arid and Low Water Use,1.0,5.0,-1.0,Arid and Low Water Use,1.0,5.0,-1.0,Arid and Low Water Use,1.0,5.0,-1.0,Arid and Low Water Use,1.0,5.0,-1.0,Arid and Low Water Use,1.0,5.0,-1.0,Arid and Low Water Use,1.0,5.0,-1.0,Arid and Low Water Use,1.0,5.0,-1.0,Arid and Low Water Use,1.0,5.0,-1.0,Arid and Low Water Use,1.0,5.0,-1.0,Arid and Low Water Use,United States,California
773208,0.000470130671212,0.0,0.0,Low (<10%),0.0001072950130309,0.0021459002606195,0.0,Low (<5%),0.0007221231152913,0.0,0.0,Low (<10%),0.0002061744061092,0.004123488122185,0.0,Low (<5%),0.0012854207841788,0.0,0.0,Low (<10%),0.0004769768752167,0.0095395375043355,0.0,Low (<5%),0.0038035705948582,0.0,0.0,Low (<10%),0.0023527377322744,0.0470547546454884,0.0,Low (<5%),0.0139700420952029,0.0,0.0,Low (<10%),0.0090013473436807,0.1800269468736158,0.0,Low (<5%),0.0480791810350584,0.0,0.0,Low (<10%),0.0229330040159359,0.4586600803187197,0.0,Low (<5%),0.0454618232320645,0.0,0.0,Low (<10%),0.0218821210889679,0.4376424217793584,0.0,Low (<5%),0.0382962832468812,0.0,0.0,Low (<10%),0.0175560932307388,0.3511218646147768,0.0,Low (<5%),0.0168679213343592,0.0,0.0,Low (<10%),0.0055862789814216,0.1117255796284332,0.0,Low (<5%),0.004799499451186,0.0,0.0,Low (<10%),0.0002277704195386,0.0045554083907726,0.0,Low (<5%),0.0027605509582865,0.0,0.0,Low (<10%),0.0002578210955253,0.0051564219105061,0.0,Low (<5%),0.0008508299796686,0.0,0.0,Low (<10%),0.0001333528527351,0.0026670570547037,0.0,Low (<5%),United States,California
773209,0.025701434939591,0.0,0.0,Low (<10%),0.0079826509729722,0.1596530194594447,0.0,Low (<5%),0.0292297620422687,0.0,0.0,Low (<10%),0.0094142248018444,0.1882844960368899,0.0,Low (<5%),0.0255021675618003,0.0,0.0,Low (<10%),0.0088278238325339,0.1765564766506787,0.0,Low (<5%),0.0332464174774861,0.0,0.0,Low (<10%),0.0226894466080208,0.4537889321604162,0.0,Low (<5%),0.092181367459152,0.882547074521896,0.0,Low (<10%),0.0692965963088894,1.096482981544447,1.0,Low - Medium (5-25%),0.2634547780331785,2.3975553447607862,2.0,Medium - High (20-40%),0.164175936127406,1.57087968063703,1.0,Low - Medium (5-25%),0.3483557443198003,2.800561353254156,2.0,Medium - High (20-40%),0.2041129808731311,1.7705649043656555,1.0,Low - Medium (5-25%),0.3207407981509727,2.6814078759076647,2.0,Medium - High (20-40%),0.1806697224096368,1.6533486120481842,1.0,Low - Medium (5-25%),0.1899222804283261,1.925409162875132,1.0,Low - Medium (10-20%),0.0742796758032983,1.1213983790164916,1.0,Low - Medium (5-25%),0.1036023855148406,1.0510572224338104,1.0,Low - Medium (10-20%),0.0172693197912229,0.3453863958244584,0.0,Low (<5%),0.0715286304068809,0.5165927229261909,0.0,Low (<10%),0.0161736029834815,0.32347205966963,0.0,Low (<5%),0.0377557593323182,0.0,0.0,Low (<10%),0.0111534197869993,0.2230683957399866,0.0,Low (<5%),United States,California
773305,1.0,5.0,-1.0,Arid and Low Water Use,1.0,5.0,-1.0,Arid and Low Water Use,1.0,5.0,-1.0,Arid and Low Water Use,1.0,5.0,-1.0,Arid and Low Water Use,1.0,5.0,-1.0,Arid and Low Water Use,1.0,5.0,-1.0,Arid and Low Water Use,1.0,5.0,-1.0,Arid and Low Water Use,1.0,5.0,-1.0,Arid and Low Water Use,1.0,5.0,-1.0,Arid and Low Water Use,1.0,5.0,-1.0,Arid and Low Water Use,1.0,5.0,-1.0,Arid and Low Water Use,1.0,5.0,-1.0,Arid and Low Water Use,1.0,5.0,-1.0,Arid and Low Water Use,1.0,5.0,-1.0,Arid and Low Water Use,1.0,5.0,-1.0,Arid and Low Water Use,1.0,5.0,-1.0,Arid and Low Water Use,1.0,5.0,-1.0,Arid and Low Water Use,1.0,5.0,-1.0,Arid and Low Water Use,1.0,5.0,-1.0,Arid and Low Water Use,1.0,5.0,-1.0,Arid and Low Water Use,1.0,5.0,-1.0,Arid and Low Water Use,1.0,5.0,-1.0,Arid and Low Water Use,1.0,5.0,-1.0,Arid and Low Water Use,1.0,5.0,-1.0,Arid and Low Water Use,United States,California
773306,1.0,5.0,-1.0,Arid and Low Water Use,1.0,5.0,-1.0,Arid and Low Water Use,1.0,5.0,-1.0,Arid and Low Water Use,1.0,5.0,-1.0,Arid and Low Water Use,1.0,5.0,-1.0,Arid and Low Water Use,1.0,5.0,-1.0,Arid and Low Water Use,1.0,5.0,-1.0,Arid and Low Water Use,1.0,5.0,-1.0,Arid and Low Water Use,1.0,5.0,-1.0,Arid and Low Water Use,1.0,5.0,-1.0,Arid and Low Water Use,1.0,5.0,-1.0,Arid and Low Water Use,1.0,5.0,-1.0,Arid and Low Water Use,1.0,5.0,-1.0,Arid and Low Water Use,1.0,5.0,-1.0,Arid and Low Water Use,1.0,5.0,-1.0,Arid and Low Water Use,1.0,5.0,-1.0,Arid and Low Water Use,1.0,5.0,-1.0,Arid and Low Water Use,1.0,5.0,-1.0,Arid and Low Water Use,1.0,5.0,-1.0,Arid and Low Water Use,1.0,5.0,-1.0,Arid and Low Water Use,1.0,5.0,-1.0,Arid and Low Water Use,1.0,5.0,-1.0,Arid and Low Water Use,1.0,5.0,-1.0,Arid and Low Water Use,1.0,5.0,-1.0,Arid and Low Water Use,United States,California
773308,0.0054563245313603,0.0,0.0,Low (<10%),0.0014514554461879,0.0290291089237599,0.0,Low (<5%),0.0060967064059592,0.0,0.0,Low (<10%),0.0016235313465668,0.0324706269313376,0.0,Low (<5%),0.0047619123549415,0.0,0.0,Low (<10%),0.001270462738119,0.0254092547623818,0.0,Low (<5%),0.0043399060803432,0.0,0.0,Low (<10%),0.0011657085109169,0.0233141702183391,0.0,Low (<5%),0.0041733187084519,0.0,0.0,Low (<10%),0.0011499904402866,0.0229998088057322,0.0,Low (<5%),0.0055065252261938,0.0,0.0,Low (<10%),0.0017428212503434,0.0348564250068694,0.0,Low (<5%),0.0069204250094693,0.0,0.0,Low (<10%),0.0021312696883088,0.0426253937661771,0.0,Low (<5%),0.0075953201784954,0.0,0.0,Low (<10%),0.002127230581172,0.0425446116234404,0.0,Low (<5%),0.0087666639393935,0.0,0.0,Low (<10%),0.0023051745231864,0.046103490463729,0.0,Low (<5%),0.0087927393516805,0.0,0.0,Low (<10%),0.0023234377778652,0.0464687555573043,0.0,Low (<5%),0.0095250012165961,0.0,0.0,Low (<10%),0.0025279834046204,0.050559668092409,0.0,Low (<5%),0.0079107499341703,0.0,0.0,Low (<10%),0.0021050602727579,0.0421012054551592,0.0,Low (<5%),United States,California
773309,0.0571807960011088,0.1936026086573569,0.0,Low (<10%),0.0164076092536962,0.3281521850739258,0.0,Low (<5%),0.0711192441323516,0.5083118961489543,0.0,Low (<10%),0.0219586339549906,0.4391726790998123,0.0,Low (<5%),0.0584503830905456,0.2252843854900865,0.0,Low (<10%),0.0293579291074736,0.5871585821494736,0.0,Low (<5%),0.0666798664537294,0.415323120013825,0.0,Low (<10%),0.0535804261190176,1.0179021305950882,1.0,Low - Medium (5-25%),0.1742084482584877,1.800814589293173,1.0,Low - Medium (10-20%),0.1557877040797615,1.5289385203988075,1.0,Low - Medium (5-25%),0.7192729244766496,3.846539297892576,3.0,High (40-80%),0.4817689458408266,2.9270757833633065,2.0,Medium - High (25-50%),1.332059569908648,4.735586696283107,4.0,Extremely High (>80%),0.8243823064784912,4.297529225913965,4.0,Extremely High (>75%),1.1999759508725307,4.584933587467316,4.0,Extremely High (>80%),0.6771121452024157,3.708448580809663,3.0,High (50-75%),0.7349053824664568,3.877558517930818,3.0,High (40-80%),0.2824304942436383,2.1297219769745537,2.0,Medium - High (25-50%),0.2658871010103709,2.4108137893815145,2.0,Medium - High (20-40%),0.025185642485268,0.5037128497053616,0.0,Low (<5%),0.1789313617252937,1.8394062741432493,1.0,Low - Medium (10-20%),0.0262717008408691,0.525434016817382,0.0,Low (<5%),0.0834942055274054,0.7397479835741908,0.0,Low (<10%),0.0174534192593401,0.349068385186802,0.0,Low (<5%),United States,California
773401,0.3240944298699806,2.69641422562949,2.0,Medium - High (20-40%),0.0833053602155001,1.1665268010775005,1.0,Low - Medium (5-25%),0.2936167321159336,2.55393418430123,2.0,Medium - High (20-40%),0.0765035142231213,1.132517571115607,1.0,Low - Medium (5-25%),0.226931587925359,2.182257440087476,2.0,Medium - High (20-40%),0.0621607208203849,1.0608036041019249,1.0,Low - Medium (5-25%),0.1789104629874586,1.839237761111024,1.0,Low - Medium (10-20%),0.0667326470594645,1.0836632352973226,1.0,Low - Medium (5-25%),0.2913930403499863,2.542966420393277,2.0,Medium - High (20-40%),0.202269855609474,1.7613492780473703,1.0,Low - Medium (5-25%),1.3015546365902686,4.702163969275085,4.0,Extremely High (>80%),0.8814757253693108,4.525902901477243,4.0,Extremely High (>75%),3.744983543673057,5.0,4.0,Extremely High (>80%),1.7486766187442198,5.0,4.0,Extremely High (>75%),9999.0,5.0,4.0,Extremely High (>80%),9999.0,5.0,4.0,Extremely High (>75%),9999.0,5.0,4.0,Extremely High (>80%),9999.0,5.0,4.0,Extremely High (>75%),9999.0,5.0,4.0,Extremely High (>80%),9999.0,5.0,4.0,Extremely High (>75%),9999.0,5.0,4.0,Extremely High (>80%),9999.0,5.0,4.0,Extremely High (>75%),9999.0,5.0,4.0,Extremely High (>80%),9999.0,5.0,4.0,Extremely High (>75%),United States,California
773501,0.2565078067844801,2.3590027347518685,2.0,Medium - High (20-40%),0.0649151879909393,1.0745759399546966,1.0,Low - Medium (5-25%),0.2579132258222912,2.366885756605177,2.0,Medium - High (20-40%),0.065489319966015,1.077446599830075,1.0,Low - Medium (5-25%),0.1684861997853643,1.7526304292910475,1.0,Low - Medium (10-20%),0.0429274830881623,0.8585496617632464,0.0,Low (<5%),0.1813392212411802,1.858690994417402,1.0,Low - Medium (10-20%),0.0473685633457221,0.9473712669144432,0.0,Low (<5%),0.2316894013131697,2.2121920492840363,2.0,Medium - High (20-40%),0.0685703086060894,1.0928515430304468,1.0,Low - Medium (5-25%),0.3804128712293642,2.9275660604587967,2.0,Medium - High (20-40%),0.1315566541145952,1.4077832705729765,1.0,Low - Medium (5-25%),0.5434189062161191,3.4420647595785665,3.0,High (40-80%),0.1901614760613692,1.7008073803068462,1.0,Low - Medium (5-25%),0.6047171178716098,3.596260418279927,3.0,High (40-80%),0.1938168738335992,1.7190843691679962,1.0,Low - Medium (5-25%),0.6374822321832002,3.672385131934776,3.0,High (40-80%),0.1711543824492764,1.6057719122463818,1.0,Low - Medium (5-25%),0.5770817532969926,3.5287757152681665,3.0,High (40-80%),0.142204623877097,1.4610231193854857,1.0,Low - Medium (5-25%),0.720469241552104,3.848936839827549,3.0,High (40-80%),0.1805796993208678,1.652898496604339,1.0,Low - Medium (5-25%),0.4071572881432416,3.025586226895243,3.0,High (40-80%),0.1027873420912349,1.2639367104561745,1.0,Low - Medium (5-25%),United States,California
773503,0.1969860199468227,1.978093245574716,1.0,Low - Medium (10-20%),0.0589485243091039,1.0447426215455198,1.0,Low - Medium (5-25%),0.1743951601458136,1.802360002669188,1.0,Low - Medium (10-20%),0.0551413186738101,1.0257065933690508,1.0,Low - Medium (5-25%),0.1063151716210318,1.0883474901953971,1.0,Low - Medium (10-20%),0.0326948814420268,0.6538976288405368,0.0,Low (<5%),0.0978623292265395,0.9688255259541748,0.0,Low (<10%),0.0483789389014316,0.9675787780286326,0.0,Low (<5%),0.1657420638056446,1.7289397917112996,1.0,Low - Medium (10-20%),0.124874909078658,1.37437454539329,1.0,Low - Medium (5-25%),0.6282814872865135,3.6514110707836456,3.0,High (40-80%),0.4618037522343733,2.847215008937493,2.0,Medium - High (25-50%),1.564845830666861,4.96794862406542,4.0,Extremely High (>80%),0.9402724143547614,4.7610896574190456,4.0,Extremely High (>75%),1.4713697299182185,4.879087911497643,4.0,Extremely High (>80%),0.822282623964473,4.289130495857892,4.0,Extremely High (>75%),0.8324920748424689,4.057436538081928,4.0,Extremely High (>80%),0.307712241444195,2.2308489657767803,2.0,Medium - High (25-50%),0.3696743020914237,2.8862547580671025,2.0,Medium - High (20-40%),0.0623462271446164,1.0617311357230823,1.0,Low - Medium (5-25%),0.3237761952425974,2.6949969193405683,2.0,Medium - High (20-40%),0.0747624336311208,1.123812168155604,1.0,Low - Medium (5-25%),0.1737987876553737,1.7974180185753257,1.0,Low - Medium (10-20%),0.0481252947231092,0.9625058944621844,0.0,Low (<5%),United States,California
773504,0.0587542222555262,0.2327644369303536,0.0,Low (<10%),0.0506836389959654,1.003418194979827,1.0,Low - Medium (5-25%),0.0652917835814265,0.3849733573414968,0.0,Low (<10%),0.0232773323355112,0.4655466467102249,0.0,Low (<5%),0.0381376709249969,0.0,0.0,Low (<10%),0.0433958446264557,0.8679168925291142,0.0,Low (<5%),0.0403750032457978,0.0,0.0,Low (<10%),0.0473714904845425,0.947429809690852,0.0,Low (<5%),0.1903251226600671,1.92846600798548,1.0,Low - Medium (10-20%),0.2787725731257038,2.115090292502815,2.0,Medium - High (25-50%),1.1448194595298506,4.517048195063018,4.0,Extremely High (>80%),1.2496776590758645,5.0,4.0,Extremely High (>75%),5.585100912066452,5.0,4.0,Extremely High (>80%),3.425564881149324,5.0,4.0,Extremely High (>75%),5.450756578023428,5.0,4.0,Extremely High (>80%),3.1631015670503646,5.0,4.0,Extremely High (>75%),2.719527571780048,5.0,4.0,Extremely High (>80%),1.0168795826090309,5.0,4.0,Extremely High (>75%),0.8727374040382068,4.125547629935863,4.0,Extremely High (>80%),0.0280074619658676,0.5601492393173539,0.0,Low (<5%),9999.0,5.0,4.0,Extremely High (>80%),9999.0,5.0,4.0,Extremely High (>75%),0.0935386111670271,0.9036339133294294,0.0,Low (<10%),0.0177822088444796,0.3556441768895924,0.0,Low (<5%),United States,California
773505,1.0,5.0,-1.0,Arid and Low Water Use,1.0,5.0,-1.0,Arid and Low Water Use,1.0,5.0,-1.0,Arid and Low Water Use,1.0,5.0,-1.0,Arid and Low Water Use,1.0,5.0,-1.0,Arid and Low Water Use,1.0,5.0,-1.0,Arid and Low Water Use,1.0,5.0,-1.0,Arid and Low Water Use,1.0,5.0,-1.0,Arid and Low Water Use,1.0,5.0,-1.0,Arid and Low Water Use,1.0,5.0,-1.0,Arid and Low Water Use,1.0,5.0,-1.0,Arid and Low Water Use,1.0,5.0,-1.0,Arid and Low Water Use,1.0,5.0,-1.0,Arid and Low Water Use,1.0,5.0,-1.0,Arid and Low Water Use,1.0,5.0,-1.0,Arid and Low Water Use,1.0,5.0,-1.0,Arid and Low Water Use,1.0,5.0,-1.0,Arid and Low Water Use,1.0,5.0,-1.0,Arid and Low Water Use,1.0,5.0,-1.0,Arid and Low Water Use,1.0,5.0,-1.0,Arid and Low Water Use,1.0,5.0,-1.0,Arid and Low Water Use,1.0,5.0,-1.0,Arid and Low Water Use,1.0,5.0,-1.0,Arid and Low Water Use,1.0,5.0,-1.0,Arid and Low Water Use,United States,California
773601,0.0185311121211924,0.0,0.0,Low (<10%),0.0061808645160445,0.12361729032089,0.0,Low (<5%),0.0195586739679051,0.0,0.0,Low (<10%),0.0069795738167339,0.1395914763346784,0.0,Low (<5%),0.0166918083773707,0.0,0.0,Low (<10%),0.0060544348212578,0.1210886964251563,0.0,Low (<5%),0.0168824226853614,0.0,0.0,Low (<10%),0.0065641944473611,0.131283888947222,0.0,Low (<5%),0.0339652219534142,0.0,0.0,Low (<10%),0.0553440662850992,1.026720331425496,1.0,Low - Medium (5-25%),0.5085459690236893,3.346378189589205,3.0,High (40-80%),0.7056484521874196,3.8225938087496782,3.0,High (50-75%),2.6010505254514973,5.0,4.0,Extremely High (>80%),1.5107239316005203,5.0,4.0,Extremely High (>75%),1.836124072139523,5.0,4.0,Extremely High (>80%),0.9900698259061418,4.960279303624567,4.0,Extremely High (>75%),0.7641895483109363,3.933930526338326,3.0,High (40-80%),0.2879665394029927,2.15186615761197,2.0,Medium - High (25-50%),0.1678469436534118,1.7471462670550562,1.0,Low - Medium (10-20%),0.0068618130101025,0.1372362602020511,0.0,Low (<5%),0.0623566856065416,0.3186161528070662,0.0,Low (<10%),0.0061625427391512,0.1232508547830245,0.0,Low (<5%),0.0247189637742879,0.0,0.0,Low (<10%),0.0051297364292892,0.1025947285857847,0.0,Low (<5%),United States,California
773603,1.0,5.0,-1.0,Arid and Low Water Use,1.0,5.0,-1.0,Arid and Low Water Use,1.0,5.0,-1.0,Arid and Low Water Use,1.0,5.0,-1.0,Arid and Low Water Use,1.0,5.0,-1.0,Arid and Low Water Use,1.0,5.0,-1.0,Arid and Low Water Use,1.0,5.0,-1.0,Arid and Low Water Use,1.0,5.0,-1.0,Arid and Low Water Use,1.0,5.0,-1.0,Arid and Low Water Use,1.0,5.0,-1.0,Arid and Low Water Use,1.0,5.0,-1.0,Arid and Low Water Use,1.0,5.0,-1.0,Arid and Low Water Use,1.0,5.0,-1.0,Arid and Low Water Use,1.0,5.0,-1.0,Arid and Low Water Use,1.0,5.0,-1.0,Arid and Low Water Use,1.0,5.0,-1.0,Arid and Low Water Use,1.0,5.0,-1.0,Arid and Low Water Use,1.0,5.0,-1.0,Arid and Low Water Use,1.0,5.0,-1.0,Arid and Low Water Use,1.0,5.0,-1.0,Arid and Low Water Use,1.0,5.0,-1.0,Arid and Low Water Use,1.0,5.0,-1.0,Arid and Low Water Use,1.0,5.0,-1.0,Arid and Low Water Use,1.0,5.0,-1.0,Arid and Low Water Use,United States,California
774100,9999.0,5.0,4.0,Extremely High (>80%),9999.0,5.0,4.0,Extremely High (>75%),9999.0,5.0,4.0,Extremely High (>80%),9999.0,5.0,4.0,Extremely High (>75%),9999.0,5.0,4.0,Extremely High (>80%),9999.0,5.0,4.0,Extremely High (>75%),0.1396708778859147,1.4820312425843754,1.0,Low - Medium (10-20%),0.0531667701116396,1.015833850558198,1.0,Low - Medium (5-25%),0.3008836413696631,2.589205671455514,2.0,Medium - High (20-40%),0.4690978888701133,2.876391555480453,2.0,Medium - High (25-50%),9999.0,5.0,4.0,Extremely High (>80%),9999.0,5.0,4.0,Extremely High (>75%),9999.0,5.0,4.0,Extremely High (>80%),9999.0,5.0,4.0,Extremely High (>75%),9999.0,5.0,4.0,Extremely High (>80%),9999.0,5.0,4.0,Extremely High (>75%),9999.0,5.0,4.0,Extremely High (>80%),9999.0,5.0,4.0,Extremely High (>75%),9999.0,5.0,4.0,Extremely High (>80%),9999.0,5.0,4.0,Extremely High (>75%),9999.0,5.0,4.0,Extremely High (>80%),9999.0,5.0,4.0,Extremely High (>75%),9999.0,5.0,4.0,Extremely High (>80%),9999.0,5.0,4.0,Extremely High (>75%),United States,California
774139,0.4966397279827084,3.312199672451416,3.0,High (40-80%),0.1057800779279814,1.2789003896399072,1.0,Low - Medium (5-25%),0.484215653101758,3.2756497176831223,3.0,High (40-80%),0.1030156811261768,1.265078405630884,1.0,Low - Medium (5-25%),0.5139972835856402,3.361760734968022,3.0,High (40-80%),0.1095475136204055,1.2977375681020278,1.0,Low - Medium (5-25%),0.5352962641081949,3.420337583959859,3.0,High (40-80%),0.1145516373006574,1.3227581865032874,1.0,Low - Medium (5-25%),0.5727988182219615,3.518028516088422,3.0,High (40-80%),0.1234377633584717,1.3671888167923587,1.0,Low - Medium (5-25%),0.612107798044064,3.613785747703107,3.0,High (40-80%),0.1322506108327399,1.4112530541636998,1.0,Low - Medium (5-25%),0.637612808579057,3.6726806109593135,3.0,High (40-80%),0.137681742113809,1.4384087105690453,1.0,Low - Medium (5-25%),0.6513353928995941,3.7034006233783376,3.0,High (40-80%),0.1397589387015229,1.4487946935076148,1.0,Low - Medium (5-25%),0.6471297432253978,3.694054987554321,3.0,High (40-80%),0.1379266705212478,1.439633352606239,1.0,Low - Medium (5-25%),0.6092727926270284,3.607088317544692,3.0,High (40-80%),0.1296169849687775,1.3980849248438876,1.0,Low - Medium (5-25%),0.5947695056914369,3.5723306811571045,3.0,High (40-80%),0.1265137579404347,1.3825687897021737,1.0,Low - Medium (5-25%),0.5193659737815823,3.3767514990671823,3.0,High (40-80%),0.1105878731381148,1.302939365690574,1.0,Low - Medium (5-25%),United States,California
774140,2.608323568111836,5.0,4.0,Extremely High (>80%),0.5750235075548966,3.3000940302195865,3.0,High (50-75%),2.4694879825215,5.0,4.0,Extremely High (>80%),0.5440803459702542,3.176321383881017,3.0,High (50-75%),2.756062616569164,5.0,4.0,Extremely High (>80%),0.6102662495018051,3.4410649980072203,3.0,High (50-75%),3.041946593072798,5.0,4.0,Extremely High (>80%),0.702247079809417,3.808988319237668,3.0,High (50-75%),3.4544580949982886,5.0,4.0,Extremely High (>80%),0.8855829148015656,4.542331659206262,4.0,Extremely High (>75%),4.051824732562771,5.0,4.0,Extremely High (>80%),1.071468813087916,5.0,4.0,Extremely High (>75%),4.200766210029214,5.0,4.0,Extremely High (>80%),1.1035570179998222,5.0,4.0,Extremely High (>75%),4.163529959445048,5.0,4.0,Extremely High (>80%),1.035305012385733,5.0,4.0,Extremely High (>75%),3.944819476301514,5.0,4.0,Extremely High (>80%),0.9033880299345765,4.613552119738306,4.0,Extremely High (>75%),3.5307905108376687,5.0,4.0,Extremely High (>80%),0.7634375669056607,4.053750267622643,4.0,Extremely High (>75%),3.33910446550612,5.0,4.0,Extremely High (>80%),0.7243073014191662,3.897229205676665,3.0,High (50-75%),2.7608229970045657,5.0,4.0,Extremely High (>80%),0.6052286283245498,3.4209145132982,3.0,High (50-75%),United States,California
774150,5.363658780634977,5.0,4.0,Extremely High (>80%),1.3279984085766294,5.0,4.0,Extremely High (>75%),4.337149413552803,5.0,4.0,Extremely High (>80%),1.0817795919803468,5.0,4.0,Extremely High (>75%),6.872999869181983,5.0,4.0,Extremely High (>80%),1.7145595370115991,5.0,4.0,Extremely High (>75%),8.849967563622771,5.0,4.0,Extremely High (>80%),2.5874510397766004,5.0,4.0,Extremely High (>75%),9999.0,5.0,4.0,Extremely High (>80%),9999.0,5.0,4.0,Extremely High (>75%),9999.0,5.0,4.0,Extremely High (>80%),9999.0,5.0,4.0,Extremely High (>75%),9999.0,5.0,4.0,Extremely High (>80%),9999.0,5.0,4.0,Extremely High (>75%),9999.0,5.0,4.0,Extremely High (>80%),9999.0,5.0,4.0,Extremely High (>75%),9999.0,5.0,4.0,Extremely High (>80%),9999.0,5.0,4.0,Extremely High (>75%),9999.0,5.0,4.0,Extremely High (>80%),9999.0,5.0,4.0,Extremely High (>75%),9999.0,5.0,4.0,Extremely High (>80%),9999.0,5.0,4.0,Extremely High (>75%),5.819301822892449,5.0,4.0,Extremely High (>80%),1.430237383317582,5.0,4.0,Extremely High (>75%),United States,California
774160,1.7173051218751376,5.0,4.0,Extremely High (>80%),0.4046686330245641,2.6186745320982565,2.0,Medium - High (25-50%),1.7046117707851456,5.0,4.0,Extremely High (>80%),0.400637667948047,2.602550671792188,2.0,Medium - High (25-50%),2.564445719186098,5.0,4.0,Extremely High (>80%),0.6070661046525316,3.4282644186101265,3.0,High (50-75%),2.87747396173,5.0,4.0,Extremely High (>80%),0.8022172400168219,4.208868960067288,4.0,Extremely High (>75%),4.949665634927231,5.0,4.0,Extremely High (>80%),1.6509772064534516,5.0,4.0,Extremely High (>75%),7.834564089430745,5.0,4.0,Extremely High (>80%),2.41501867178126,5.0,4.0,Extremely High (>75%),8.426964997432375,5.0,4.0,Extremely High (>80%),2.536533259408507,5.0,4.0,Extremely High (>75%),9.197862939758828,5.0,4.0,Extremely High (>80%),2.673672587310416,5.0,4.0,Extremely High (>75%),8.050861203499448,5.0,4.0,Extremely High (>80%),2.082417018815206,5.0,4.0,Extremely High (>75%),5.671055880140235,5.0,4.0,Extremely High (>80%),1.2763788746369815,5.0,4.0,Extremely High (>75%),4.420519076452712,5.0,4.0,Extremely High (>80%),1.008874341986128,5.0,4.0,Extremely High (>75%),2.1478164566612827,5.0,4.0,Extremely High (>80%),0.5018195683752037,3.007278273500815,3.0,High (50-75%),United States,California
774170,1.284666027693822,4.683321448226007,4.0,Extremely High (>80%),0.2801117628568733,2.120447051427493,2.0,Medium - High (25-50%),1.3413574528718848,4.7456218412771936,4.0,Extremely High (>80%),0.2926713540862086,2.1706854163448344,2.0,Medium - High (25-50%),1.8226895630531448,5.0,4.0,Extremely High (>80%),0.3986121371898717,2.594448548759487,2.0,Medium - High (25-50%),2.080095219740581,5.0,4.0,Extremely High (>80%),0.4702198986262915,2.880879594505166,2.0,Medium - High (25-50%),2.963492260591619,5.0,4.0,Extremely High (>80%),0.8672537975267915,4.469015190107166,4.0,Extremely High (>75%),4.376002808386585,5.0,4.0,Extremely High (>80%),1.2982796154907523,5.0,4.0,Extremely High (>75%),5.105301914344898,5.0,4.0,Extremely High (>80%),1.513986016736904,5.0,4.0,Extremely High (>75%),5.783213152782887,5.0,4.0,Extremely High (>80%),1.5885329571047335,5.0,4.0,Extremely High (>75%),5.706523104048638,5.0,4.0,Extremely High (>80%),1.3606477803574522,5.0,4.0,Extremely High (>75%),4.057596261132908,5.0,4.0,Extremely High (>80%),0.8663391220561986,4.465356488224794,4.0,Extremely High (>75%),3.738397456863853,5.0,4.0,Extremely High (>80%),0.7993624986866659,4.197449994746664,4.0,Extremely High (>75%),2.039369195927077,5.0,4.0,Extremely High (>80%),0.4435629109199862,2.7742516436799445,2.0,Medium - High (25-50%),United States,California
774180,0.1484587106037031,1.5700617438876563,1.0,Low - Medium (10-20%),0.0482070476600133,0.9641409532002676,0.0,Low (<5%),0.149807669012831,1.5831114806963795,1.0,Low - Medium (10-20%),0.0499872769114127,0.9997455382282552,0.0,Low (<5%),0.1581846097946748,1.6616092429650744,1.0,Low - Medium (10-20%),0.0631443285589959,1.0657216427949796,1.0,Low - Medium (5-25%),0.1847083927256883,1.8852494205631385,1.0,Low - Medium (10-20%),0.0666136892275473,1.083068446137737,1.0,Low - Medium (5-25%),0.3133530895114728,2.6477892174788416,2.0,Medium - High (20-40%),0.2697088614139333,2.0788354456557334,2.0,Medium - High (25-50%),0.8996849295015494,4.169419856744106,4.0,Extremely High (>80%),0.5819172104261463,3.327668841704585,3.0,High (50-75%),1.4472444998315963,4.855236768586122,4.0,Extremely High (>80%),0.8323717244136302,4.329486897654521,4.0,Extremely High (>75%),1.1671245785089035,4.544886656964806,4.0,Extremely High (>80%),0.6447041844060878,3.578816737624351,3.0,High (50-75%),0.7938892758519801,3.988937807974872,3.0,High (40-80%),0.3640850008932341,2.4563400035729366,2.0,Medium - High (25-50%),0.4601403054504547,3.202073833156424,3.0,High (40-80%),0.1238823112133487,1.3694115560667437,1.0,Low - Medium (5-25%),0.3747321402163065,2.90585972077389,2.0,Medium - High (20-40%),0.0979285927608264,1.2396429638041322,1.0,Low - Medium (5-25%),0.213623275926777,2.095068848498601,2.0,Medium - High (20-40%),0.0662395972877692,1.081197986438846,1.0,Low - Medium (5-25%),United States,California
774190,0.200345837081882,2.0024925328097867,2.0,Medium - High (20-40%),0.0756765846026308,1.1283829230131543,1.0,Low - Medium (5-25%),0.2412993785400947,2.2708241999370955,2.0,Medium - High (20-40%),0.0918361554806338,1.209180777403169,1.0,Low - Medium (5-25%),0.2397002346177811,2.261231321092777,2.0,Medium - High (20-40%),0.0914843171932413,1.2074215859662067,1.0,Low - Medium (5-25%),0.247051139246015,2.304809708611923,2.0,Medium - High (20-40%),0.0953895235990793,1.2269476179953966,1.0,Low - Medium (5-25%),0.3746829607723846,2.905670370599686,2.0,Medium - High (20-40%),0.2188866336673375,1.844433168336688,1.0,Low - Medium (5-25%),0.5981572204633755,3.580524734208047,3.0,High (40-80%),0.3469036942541892,2.387614777016757,2.0,Medium - High (25-50%),0.7997288976172308,3.999511019563976,3.0,High (40-80%),0.422177817688789,2.688711270755156,2.0,Medium - High (25-50%),0.7514373544818723,3.909652835152224,3.0,High (40-80%),0.3760729733726354,2.504291893490542,2.0,Medium - High (25-50%),0.6294806642728334,3.654162063430989,3.0,High (40-80%),0.2686136040388632,2.074454416155453,2.0,Medium - High (25-50%),0.4587176041093973,3.197606274487644,3.0,High (40-80%),0.1572957406504787,1.5364787032523934,1.0,Low - Medium (5-25%),0.4142471305936024,3.0504917042235102,3.0,High (40-80%),0.1473780822375687,1.4868904111878436,1.0,Low - Medium (5-25%),0.214172236711209,2.0987714746957504,2.0,Medium - High (20-40%),0.0804922165786636,1.1524610828933182,1.0,Low - Medium (5-25%),United States,California
774200,0.1492048668319288,1.5772945948409691,1.0,Low - Medium (10-20%),0.0517750228740286,1.008875114370143,1.0,Low - Medium (5-25%),0.1666283566656747,1.736633938156834,1.0,Low - Medium (10-20%),0.0608300954902675,1.0541504774513375,1.0,Low - Medium (5-25%),0.1688434304030166,1.7556860460354908,1.0,Low - Medium (10-20%),0.0725672685641508,1.1128363428207542,1.0,Low - Medium (5-25%),0.1762278635512548,1.8174420481466904,1.0,Low - Medium (10-20%),0.0998285464884475,1.249142732442238,1.0,Low - Medium (5-25%),0.5374676552245249,3.426177936002086,3.0,High (40-80%),0.6280189723263012,3.512075889305205,3.0,High (50-75%),1.96426692141003,5.0,4.0,Extremely High (>80%),1.2974333256807793,5.0,4.0,Extremely High (>75%),2.730358983115974,5.0,4.0,Extremely High (>80%),1.6496206582497284,5.0,4.0,Extremely High (>75%),2.17686542957595,5.0,4.0,Extremely High (>80%),1.2587191352767602,5.0,4.0,Extremely High (>75%),1.2587322773576264,4.653899560469364,4.0,Extremely High (>80%),0.555546871291658,3.222187485166632,3.0,High (50-75%),0.5560441963301405,3.4751995579348365,3.0,High (40-80%),0.1133219531865973,1.3166097659329867,1.0,Low - Medium (5-25%),0.3511476428467424,2.812077750806197,2.0,Medium - High (20-40%),0.0864066025192694,1.1820330125963474,1.0,Low - Medium (5-25%),0.1640206020704695,1.7138770382467057,1.0,Low - Medium (10-20%),0.0541444595404424,1.0207222977022123,1.0,Low - Medium (5-25%),United States,California
774300,0.0540554602439725,0.1125122597798506,0.0,Low (<10%),0.012438327803692,0.2487665560738413,0.0,Low (<5%),0.0505068578434695,0.0145511960472394,0.0,Low (<10%),0.0116347788660298,0.2326955773205963,0.0,Low (<5%),0.0375963012229265,0.0,0.0,Low (<10%),0.0086745369612274,0.1734907392245495,0.0,Low (<5%),0.0392748784804351,0.0,0.0,Low (<10%),0.0091216502370789,0.1824330047415788,0.0,Low (<5%),0.054866191912247,0.1339893515242233,0.0,Low (<10%),0.0159359210496973,0.3187184209939469,0.0,Low (<5%),0.1482236590893667,1.567775745394464,1.0,Low - Medium (10-20%),0.0461985996153425,0.92397199230685,0.0,Low (<5%),0.3132996689619507,2.647543245332317,2.0,Medium - High (20-40%),0.0981750085455163,1.240875042727582,1.0,Low - Medium (5-25%),0.3589676980270256,2.843854027912084,2.0,Medium - High (20-40%),0.1051028751584987,1.2755143757924938,1.0,Low - Medium (5-25%),0.2993881025446809,2.5820168909326235,2.0,Medium - High (20-40%),0.0750272030253151,1.1251360151265757,1.0,Low - Medium (5-25%),0.2158132566798749,2.1097834874343606,2.0,Medium - High (20-40%),0.0489028703678721,0.9780574073574428,0.0,Low (<5%),0.2332684234414341,2.221991029021086,2.0,Medium - High (20-40%),0.0532179242404624,1.016089621202312,1.0,Low - Medium (5-25%),0.120782521037458,1.2724116911107708,1.0,Low - Medium (10-20%),0.0277804314479746,0.5556086289594924,0.0,Low (<5%),United States,California
774401,0.3909341983051606,2.9669257948272696,2.0,Medium - High (20-40%),0.0936326338277416,1.218163169138708,1.0,Low - Medium (5-25%),0.2944987679810987,2.55826159863544,2.0,Medium - High (20-40%),0.084957753403612,1.1747887670180606,1.0,Low - Medium (5-25%),0.3200792049416071,2.6784289502288408,2.0,Medium - High (20-40%),0.1874942361389621,1.6874711806948106,1.0,Low - Medium (5-25%),0.7341255334251067,3.876026781003958,3.0,High (40-80%),0.7981988563593126,4.19279542543725,4.0,Extremely High (>75%),3.92088452564188,5.0,4.0,Extremely High (>80%),2.720302073761536,5.0,4.0,Extremely High (>75%),6.862994914412517,5.0,4.0,Extremely High (>80%),3.904192424707849,5.0,4.0,Extremely High (>75%),7.231893582567949,5.0,4.0,Extremely High (>80%),3.868645480387769,5.0,4.0,Extremely High (>75%),5.478409228004564,5.0,4.0,Extremely High (>80%),2.6583686675351745,5.0,4.0,Extremely High (>75%),3.11228698703001,5.0,4.0,Extremely High (>80%),0.9311994345182072,4.724797738072829,4.0,Extremely High (>75%),1.7092941171506353,5.0,4.0,Extremely High (>80%),0.1816977671232826,1.6584888356164134,1.0,Low - Medium (5-25%),1.1929157547074478,4.576420256480981,4.0,Extremely High (>80%),0.1720936122045552,1.6104680610227762,1.0,Low - Medium (5-25%),0.5791527041013652,3.533943791052938,3.0,High (40-80%),0.1195852851441407,1.3479264257207035,1.0,Low - Medium (5-25%),United States,California
774402,0.3648159555161756,2.8671688282983734,2.0,Medium - High (20-40%),0.0872826750679973,1.1864133753399868,1.0,Low - Medium (5-25%),0.3313387564486886,2.72830696425836,2.0,Medium - High (20-40%),0.0903562313270098,1.2017811566350491,1.0,Low - Medium (5-25%),0.3704220078127624,2.8891698157124024,2.0,Medium - High (20-40%),0.1922801487236662,1.7114007436183314,1.0,Low - Medium (5-25%),0.7134761022589139,3.834865107724936,3.0,High (40-80%),0.5794228837875331,3.3176915351501326,3.0,High (50-75%),2.411106907005698,5.0,4.0,Extremely High (>80%),1.462547703690686,5.0,4.0,Extremely High (>75%),3.6429882181353697,5.0,4.0,Extremely High (>80%),1.942621053566376,5.0,4.0,Extremely High (>75%),3.929763814433998,5.0,4.0,Extremely High (>80%),1.998365635104948,5.0,4.0,Extremely High (>75%),3.244744747313648,5.0,4.0,Extremely High (>80%),1.459789097337211,5.0,4.0,Extremely High (>75%),2.2118333797286107,5.0,4.0,Extremely High (>80%),0.6203268893776934,3.4813075575107737,3.0,High (50-75%),1.2468919952551638,4.640264600425449,4.0,Extremely High (>80%),0.1903727556823317,1.7018637784116586,1.0,Low - Medium (5-25%),1.0261380965137856,4.359152995178185,4.0,Extremely High (>80%),0.1797269960930972,1.648634980465486,1.0,Low - Medium (5-25%),0.5254071275933507,3.3934357719862605,3.0,High (40-80%),0.1140608879298886,1.3203044396494432,1.0,Low - Medium (5-25%),United States,California
774403,9999.0,5.0,4.0,Extremely High (>80%),9999.0,5.0,4.0,Extremely High (>75%),9999.0,5.0,4.0,Extremely High (>80%),9999.0,5.0,4.0,Extremely High (>75%),9999.0,5.0,4.0,Extremely High (>80%),9999.0,5.0,4.0,Extremely High (>75%),9999.0,5.0,4.0,Extremely High (>80%),9999.0,5.0,4.0,Extremely High (>75%),9999.0,5.0,4.0,Extremely High (>80%),9999.0,5.0,4.0,Extremely High (>75%),9999.0,5.0,4.0,Extremely High (>80%),9999.0,5.0,4.0,Extremely High (>75%),9999.0,5.0,4.0,Extremely High (>80%),9999.0,5.0,4.0,Extremely High (>75%),9999.0,5.0,4.0,Extremely High (>80%),9999.0,5.0,4.0,Extremely High (>75%),9999.0,5.0,4.0,Extremely High (>80%),9999.0,5.0,4.0,Extremely High (>75%),9999.0,5.0,4.0,Extremely High (>80%),9999.0,5.0,4.0,Extremely High (>75%),9999.0,5.0,4.0,Extremely High (>80%),9999.0,5.0,4.0,Extremely High (>75%),9999.0,5.0,4.0,Extremely High (>80%),9999.0,5.0,4.0,Extremely High (>75%),United States,California
774410,0.0007384668123602,0.0,0.0,Low (<10%),0.0001825859302685,0.0036517186053716,0.0,Low (<5%),0.0006980900849344,0.0,0.0,Low (<10%),0.0001730769684074,0.0034615393681492,0.0,Low (<5%),0.0004980727903611,0.0,0.0,Low (<10%),0.0001233923346358,0.0024678466927175,0.0,Low (<5%),0.0005310586692998,0.0,0.0,Low (<10%),0.0001330562641998,0.002661125283997,0.0,Low (<5%),0.0007357127744267,0.0,0.0,Low (<10%),0.0001940308339277,0.003880616678555,0.0,Low (<5%),0.001849670981818,0.0,0.0,Low (<10%),0.0004908369678224,0.0098167393564494,0.0,Low (<5%),0.003354316610565,0.0,0.0,Low (<10%),0.0008868095161168,0.0177361903223365,0.0,Low (<5%),0.0045208048153631,0.0,0.0,Low (<10%),0.0011721229169047,0.0234424583380941,0.0,Low (<5%),0.0041763151784069,0.0,0.0,Low (<10%),0.0010501270047078,0.0210025400941576,0.0,Low (<5%),0.0029718368892691,0.0,0.0,Low (<10%),0.0007323080894397,0.0146461617887948,0.0,Low (<5%),0.0033927272868953,0.0,0.0,Low (<10%),0.0008366618906294,0.0167332378125886,0.0,Low (<5%),0.001835104938175,0.0,0.0,Low (<10%),0.0004518111493619,0.0090362229872381,0.0,Low (<5%),United States,California
774421,0.0229649713071962,0.0,0.0,Low (<10%),0.0061195062546344,0.1223901250926898,0.0,Low (<5%),0.0216094331853872,0.0,0.0,Low (<10%),0.0058166082896765,0.1163321657935313,0.0,Low (<5%),0.0145041293726391,0.0,0.0,Low (<10%),0.0044806209300084,0.0896124186001693,0.0,Low (<5%),0.0157610438777858,0.0,0.0,Low (<10%),0.0093013857610819,0.1860277152216388,0.0,Low (<5%),0.0539831847637108,0.1105819969095797,0.0,Low (<10%),0.047265158756066,0.9453031751213202,0.0,Low (<5%),0.5681054002373092,3.5061586168654624,3.0,High (40-80%),0.3173826901005939,2.269530760402376,2.0,Medium - High (25-50%),3.005075566683468,5.0,4.0,Extremely High (>80%),1.5601241440030709,5.0,4.0,Extremely High (>75%),2.9611313830100148,5.0,4.0,Extremely High (>80%),1.414405872044702,5.0,4.0,Extremely High (>75%),0.5931034511055661,3.568283766457641,3.0,High (40-80%),0.2256253722444033,1.8781268612220168,1.0,Low - Medium (5-25%),0.1004399887361944,1.0063337719315548,1.0,Low - Medium (10-20%),0.0185542611095262,0.3710852221905248,0.0,Low (<5%),0.0768259352157931,0.6196653292214659,0.0,Low (<10%),0.016839351051105,0.3367870210221008,0.0,Low (<5%),0.0468908366295619,0.0,0.0,Low (<10%),0.0120680243878122,0.241360487756245,0.0,Low (<5%),United States,California
774422,0.0086335872518033,0.0,0.0,Low (<10%),0.002774413459305,0.0554882691861007,0.0,Low (<5%),0.0080253223950106,0.0,0.0,Low (<10%),0.0026324602582744,0.0526492051654899,0.0,Low (<5%),0.0053722748617597,0.0,0.0,Low (<10%),0.0017799711358473,0.0355994227169466,0.0,Low (<5%),0.0066951946424297,0.0,0.0,Low (<10%),0.0037993869903562,0.0759877398071243,0.0,Low (<5%),0.0238623335137817,0.0,0.0,Low (<10%),0.0218579194767072,0.4371583895341444,0.0,Low (<5%),0.1236058888539671,1.3057474780160092,1.0,Low - Medium (10-20%),0.0742497284562839,1.1212486422814196,1.0,Low - Medium (5-25%),0.1703562972296385,1.768555277719292,1.0,Low - Medium (10-20%),0.0968625293944397,1.234312646972199,1.0,Low - Medium (5-25%),0.1751060003032673,1.8082285210041904,1.0,Low - Medium (10-20%),0.0912315275538624,1.2061576377693122,1.0,Low - Medium (5-25%),0.1199846104181017,1.2628493733562716,1.0,Low - Medium (10-20%),0.0501079182076476,1.0005395910382382,1.0,Low - Medium (5-25%),0.0609241945900493,0.2850871789459956,0.0,Low (<10%),0.0129471396162322,0.2589427923246442,0.0,Low (<5%),0.0539036109869019,0.1084538270403087,0.0,Low (<10%),0.0143576103148477,0.2871522062969556,0.0,Low (<5%),0.0207396561140464,0.0,0.0,Low (<10%),0.006586295218805,0.1317259043761014,0.0,Low (<5%),United States,California
774423,0.0532094918958192,0.0897555322215234,0.0,Low (<10%),0.0145193196987591,0.2903863939751829,0.0,Low (<5%),0.0471775634922254,0.0,0.0,Low (<10%),0.0128020859530975,0.256041719061951,0.0,Low (<5%),0.0326343214075706,0.0,0.0,Low (<10%),0.0119236811794579,0.2384736235891594,0.0,Low (<5%),0.0407086532484214,0.0,0.0,Low (<10%),0.0290656714095044,0.5813134281900896,0.0,Low (<5%),0.1591470906904033,1.6703607838359673,1.0,Low - Medium (10-20%),0.1452304511559627,1.476152255779814,1.0,Low - Medium (5-25%),0.8310137834318329,4.054872406145847,4.0,Extremely High (>80%),0.4813474135151935,2.9253896540607744,2.0,Medium - High (25-50%),1.2956124717238775,4.695562355758592,4.0,Extremely High (>80%),0.7048740769525418,3.819496307810167,3.0,High (50-75%),1.1778805406308486,4.558121324905812,4.0,Extremely High (>80%),0.5994313524443611,3.3977254097774443,3.0,High (50-75%),0.7560946554356561,3.918566856641264,3.0,High (40-80%),0.307345456714554,2.229381826858216,2.0,Medium - High (25-50%),0.2340860843924321,2.227039173771835,2.0,Medium - High (20-40%),0.0374831272002807,0.7496625440056157,0.0,Low (<5%),0.1731259545894679,1.7918220259788344,1.0,Low - Medium (10-20%),0.0347875605685843,0.695751211371687,0.0,Low (<5%),0.0949100652262088,0.9246329984910544,0.0,Low (<10%),0.0238852453292081,0.4777049065841622,0.0,Low (<5%),United States,California
774424,0.0328850073524698,0.0,0.0,Low (<10%),0.0093334100132962,0.1866682002659255,0.0,Low (<5%),0.0352600676637381,0.0,0.0,Low (<10%),0.0099924002950468,0.199848005900937,0.0,Low (<5%),0.0258300751724181,0.0,0.0,Low (<10%),0.0090100993418651,0.1802019868373024,0.0,Low (<5%),0.0277342464636569,0.0,0.0,Low (<10%),0.0160735054155201,0.3214701083104024,0.0,Low (<5%),0.0800339775699024,0.6786845159229249,0.0,Low (<10%),0.064791458355984,1.0739572917799205,1.0,Low - Medium (5-25%),0.3039792598031054,2.6039728934058672,2.0,Medium - High (20-40%),0.1752529839482738,1.6262649197413692,1.0,Low - Medium (5-25%),0.385694636913456,2.9474590854218103,2.0,Medium - High (20-40%),0.2181655991283964,1.8408279956419824,1.0,Low - Medium (5-25%),0.3225336006754851,2.689449464420483,2.0,Medium - High (20-40%),0.16594161900416,1.5797080950208002,1.0,Low - Medium (5-25%),0.2607544701926317,2.382691985513829,2.0,Medium - High (20-40%),0.106234771871796,1.28117385935898,1.0,Low - Medium (5-25%),0.131424997868276,1.3942397115091598,1.0,Low - Medium (10-20%),0.0245562647134,0.4911252942680014,0.0,Low (<5%),0.1026915064981695,1.0383168628664798,1.0,Low - Medium (10-20%),0.0237304644950172,0.474609289900344,0.0,Low (<5%),0.062634179257548,0.3250220509079374,0.0,Low (<10%),0.0172910852918628,0.3458217058372568,0.0,Low (<5%),United States,California
774425,0.0173255086750141,0.0,0.0,Low (<10%),0.0052125174562869,0.104250349125738,0.0,Low (<5%),0.0158594820817945,0.0,0.0,Low (<10%),0.0048134731467539,0.0962694629350797,0.0,Low (<5%),0.0108844778108296,0.0,0.0,Low (<10%),0.0052716637964121,0.1054332759282439,0.0,Low (<5%),0.0174775802918401,0.0,0.0,Low (<10%),0.0192397848201897,0.3847956964037948,0.0,Low (<5%),0.1038119266946163,1.0539722008704424,1.0,Low - Medium (10-20%),0.0969062256959018,1.2345311284795093,1.0,Low - Medium (5-25%),0.6451529278964153,3.689641179398981,3.0,High (40-80%),0.3925420272100303,2.5701681088401216,2.0,Medium - High (25-50%),1.2193930473232828,4.6080913201285325,4.0,Extremely High (>80%),0.7244188680022844,3.8976754720091376,3.0,High (50-75%),0.9559987412478834,4.257008718627957,4.0,Extremely High (>80%),0.5301934382943235,3.120773753177294,3.0,High (50-75%),0.5330811310384196,3.414355117298643,3.0,High (40-80%),0.2404128512677851,1.9520642563389257,1.0,Low - Medium (5-25%),0.1111968107851333,1.1531154109890012,1.0,Low - Medium (10-20%),0.0150694173927256,0.3013883478545137,0.0,Low (<5%),0.0722213216583136,0.5304967271223671,0.0,Low (<10%),0.0131072928467979,0.2621458569359588,0.0,Low (<5%),0.0324206850982512,0.0,0.0,Low (<10%),0.008617261990632,0.1723452398126404,0.0,Low (<5%),United States,California
774426,0.0181477631499287,0.0,0.0,Low (<10%),0.0054589871923475,0.109179743846951,0.0,Low (<5%),0.017760547613648,0.0,0.0,Low (<10%),0.005610033836308,0.1122006767261616,0.0,Low (<5%),0.0160403532286503,0.0,0.0,Low (<10%),0.0055810717397003,0.1116214347940061,0.0,Low (<5%),0.0237963627884219,0.0,0.0,Low (<10%),0.0258219057760216,0.5164381155204333,0.0,Low (<5%),0.1179665798305308,1.238378199063106,1.0,Low - Medium (10-20%),0.0993680514866967,1.2468402574334836,1.0,Low - Medium (5-25%),0.3655977859743479,2.870257333597568,2.0,Medium - High (20-40%),0.2266356178942527,1.8831780894712635,1.0,Low - Medium (5-25%),0.4380657790827123,3.131147518299354,3.0,High (40-80%),0.265486980052633,2.061947920210532,2.0,Medium - High (25-50%),0.3473474263846826,2.796379407951971,2.0,Medium - High (20-40%),0.1966999827959867,1.7334999139799336,1.0,Low - Medium (5-25%),0.2236712737100849,2.161379981756052,2.0,Medium - High (20-40%),0.1041070633877273,1.2705353169386369,1.0,Low - Medium (5-25%),0.0929601318523805,0.8946840201399398,0.0,Low (<10%),0.0134128936690587,0.268257873381175,0.0,Low (<5%),0.0577591513097704,0.208121449100518,0.0,Low (<10%),0.011041030125204,0.2208206025040809,0.0,Low (<5%),0.0295596057211954,0.0,0.0,Low (<10%),0.0076640670120594,0.15328134024119,0.0,Low (<5%),United States,California
774427,0.0945854794173331,0.9196906258810086,0.0,Low (<10%),0.025288419114162,0.5057683822832401,0.0,Low (<5%),0.0762683628882315,0.6091566375388622,0.0,Low (<10%),0.0233492622383031,0.4669852447660633,0.0,Low (<5%),0.059623232601695,0.253946501374412,0.0,Low (<10%),0.030506252645747,0.6101250529149402,0.0,Low (<5%),0.1365406745725373,1.4493307845728094,1.0,Low - Medium (10-20%),0.167937115197358,1.5896855759867905,1.0,Low - Medium (5-25%),1.0047628957583712,4.328783188857554,4.0,Extremely High (>80%),0.8006375891462284,4.202550356584913,4.0,Extremely High (>75%),5.446311750774571,5.0,4.0,Extremely High (>80%),3.188057518180546,5.0,4.0,Extremely High (>75%),8.922951767657333,5.0,4.0,Extremely High (>80%),4.94364644969721,5.0,4.0,Extremely High (>75%),7.110178758350814,5.0,4.0,Extremely High (>80%),3.6586395000653154,5.0,4.0,Extremely High (>75%),2.7593899743282773,5.0,4.0,Extremely High (>80%),1.1016564175617751,5.0,4.0,Extremely High (>75%),0.5744351708194612,3.522144083446204,3.0,High (40-80%),0.0571025759975086,1.035512879987543,1.0,Low - Medium (5-25%),0.3881772906174506,2.9567157191027897,2.0,Medium - High (20-40%),0.0556928671621189,1.028464335810595,1.0,Low - Medium (5-25%),0.1912690621493451,1.935603536029579,1.0,Low - Medium (10-20%),0.042513122755253,0.8502624551050613,0.0,Low (<5%),United States,California
774428,0.0076915642407392,0.0,0.0,Low (<10%),0.0018731900710954,0.037463801421909,0.0,Low (<5%),0.0095433029544438,0.0,0.0,Low (<10%),0.0024454284791971,0.0489085695839426,0.0,Low (<5%),0.005432680957219,0.0,0.0,Low (<10%),0.0021342394826168,0.0426847896523372,0.0,Low (<5%),0.0099264980241173,0.0,0.0,Low (<10%),0.0081972370881668,0.1639447417633361,0.0,Low (<5%),0.0607819659918854,0.2817152446795338,0.0,Low (<10%),0.0403961515006652,0.8079230300133058,0.0,Low (<5%),0.101688192677439,1.0241521732502568,1.0,Low - Medium (10-20%),0.0559545408286854,1.0297727041434277,1.0,Low - Medium (5-25%),0.1876489221531969,1.9080360034745367,1.0,Low - Medium (10-20%),0.0977592909982033,1.2387964549910169,1.0,Low - Medium (5-25%),0.1250111539008707,1.3220568225639666,1.0,Low - Medium (10-20%),0.058407748459859,1.0420387422992952,1.0,Low - Medium (5-25%),0.0712652621067462,0.5112709186852327,0.0,Low (<10%),0.0216488929095924,0.4329778581918492,0.0,Low (<5%),0.038829075658634,0.0,0.0,Low (<10%),0.0054030927714259,0.1080618554285195,0.0,Low (<5%),0.0317406705655574,0.0,0.0,Low (<10%),0.0056680829609644,0.1133616592192885,0.0,Low (<5%),0.0208012116587857,0.0,0.0,Low (<10%),0.0047073576072984,0.0941471521459687,0.0,Low (<5%),United States,California
774429,0.3738092231286452,2.9023021656529013,2.0,Medium - High (20-40%),0.0931845821722823,1.2159229108614118,1.0,Low - Medium (5-25%),0.2743034488537665,2.4557727614969656,2.0,Medium - High (20-40%),0.0738093061276047,1.1190465306380235,1.0,Low - Medium (5-25%),0.256052675676941,2.356440634914516,2.0,Medium - High (20-40%),0.1158973760472575,1.329486880236288,1.0,Low - Medium (5-25%),0.4744030089688408,3.246113160412285,3.0,High (40-80%),0.4864609482408839,2.945843792963536,2.0,Medium - High (25-50%),1.8776618314498683,5.0,4.0,Extremely High (>80%),1.3272733173042717,5.0,4.0,Extremely High (>75%),3.644770846689859,5.0,4.0,Extremely High (>80%),2.049528462320757,5.0,4.0,Extremely High (>75%),4.035433097998327,5.0,4.0,Extremely High (>80%),2.1607344847205368,5.0,4.0,Extremely High (>75%),3.672713834845794,5.0,4.0,Extremely High (>80%),1.7629899320547773,5.0,4.0,Extremely High (>75%),2.3957177754423498,5.0,4.0,Extremely High (>80%),0.8064597476935568,4.225838990774227,4.0,Extremely High (>75%),1.468915497131524,4.876679498694516,4.0,Extremely High (>80%),0.1631009220803405,1.5655046104017027,1.0,Low - Medium (5-25%),1.0871639256745549,4.442497585323588,4.0,Extremely High (>80%),0.1676586184466239,1.58829309223312,1.0,Low - Medium (5-25%),0.5869278284039549,3.553183113207384,3.0,High (40-80%),0.1263396417295066,1.3816982086475331,1.0,Low - Medium (5-25%),United States,California
774430,0.009021581005947,0.0,0.0,Low (<10%),0.0021125393951446,0.0422507879028938,0.0,Low (<5%),0.008181416673199,0.0,0.0,Low (<10%),0.0019648057458126,0.0392961149162536,0.0,Low (<5%),0.00597803481559,0.0,0.0,Low (<10%),0.0015753797507413,0.0315075950148272,0.0,Low (<5%),0.0072898358436126,0.0,0.0,Low (<10%),0.0034611794309113,0.0692235886182278,0.0,Low (<5%),0.0255615626616163,0.0,0.0,Low (<10%),0.020376250779722,0.4075250155944409,0.0,Low (<5%),0.1370056743740552,1.4542356466294444,1.0,Low - Medium (10-20%),0.0783607320851619,1.14180366042581,1.0,Low - Medium (5-25%),0.2403176113249951,2.2649423781399625,2.0,Medium - High (20-40%),0.1333574741785253,1.4167873708926269,1.0,Low - Medium (5-25%),0.2477213760855983,2.3087183653225845,2.0,Medium - High (20-40%),0.1241273700524946,1.3706368502624733,1.0,Low - Medium (5-25%),0.1532321117232831,1.61571866390352,1.0,Low - Medium (10-20%),0.0587298581219983,1.043649290609992,1.0,Low - Medium (5-25%),0.0561311016081466,0.1668722784872225,0.0,Low (<10%),0.0102364386415995,0.2047287728319914,0.0,Low (<5%),0.0485549984020348,0.0,0.0,Low (<10%),0.0098146577248354,0.1962931544967086,0.0,Low (<5%),0.0214671817246022,0.0,0.0,Low (<10%),0.0049747679127197,0.0994953582543957,0.0,Low (<5%),United States,California
774440,0.129996126794498,1.3784686391182397,1.0,Low - Medium (10-20%),0.0340760265191357,0.6815205303827153,0.0,Low (<5%),0.1235147229357171,1.3046830210840552,1.0,Low - Medium (10-20%),0.0324325680718739,0.6486513614374783,0.0,Low (<5%),0.0874165456022052,0.8059782740731606,0.0,Low (<10%),0.0231868975405876,0.4637379508117523,0.0,Low (<5%),0.0943350237062179,0.9158654039691654,0.0,Low (<10%),0.0267061048229446,0.5341220964588933,0.0,Low (<5%),0.1502071793774733,1.5869537702739136,1.0,Low - Medium (10-20%),0.0598587132983922,1.049293566491961,1.0,Low - Medium (5-25%),0.2951576950948685,2.561485954966872,2.0,Medium - High (20-40%),0.1226837470326185,1.3634187351630929,1.0,Low - Medium (5-25%),0.4002395225586853,3.000863636469268,3.0,High (40-80%),0.1678221844555861,1.5891109222779307,1.0,Low - Medium (5-25%),0.4456887312005645,3.156036484292305,3.0,High (40-80%),0.1705978207319915,1.602989103659958,1.0,Low - Medium (5-25%),0.4854725201653403,3.27938963520532,3.0,High (40-80%),0.1523042998151809,1.5115214990759047,1.0,Low - Medium (5-25%),0.3978223081528953,2.9921241785325687,2.0,Medium - High (20-40%),0.1028795806682796,1.2643979033413983,1.0,Low - Medium (5-25%),0.4290978287327562,3.1013066009594974,3.0,High (40-80%),0.1114498011297705,1.3072490056488528,1.0,Low - Medium (5-25%),0.205059848191357,2.0360450321101538,2.0,Medium - High (20-40%),0.0538328275263509,1.0191641376317548,1.0,Low - Medium (5-25%),United States,California
774450,0.0086645826981349,0.0,0.0,Low (<10%),0.002566378660566,0.0513275732113219,0.0,Low (<5%),0.0076941185364243,0.0,0.0,Low (<10%),0.0023240137500066,0.0464802750001326,0.0,Low (<5%),0.0053671173402234,0.0,0.0,Low (<10%),0.0017245823932966,0.0344916478659335,0.0,Low (<5%),0.0078586237304318,0.0,0.0,Low (<10%),0.0055741489497203,0.1114829789944064,0.0,Low (<5%),0.0435092140239319,0.0,0.0,Low (<10%),0.0336124367711669,0.672248735423338,0.0,Low (<5%),0.208538235493444,2.0603119261134726,2.0,Medium - High (20-40%),0.1228096237135566,1.3640481185677833,1.0,Low - Medium (5-25%),0.3040977799454571,2.604535284065617,2.0,Medium - High (20-40%),0.1758051215661643,1.6290256078308218,1.0,Low - Medium (5-25%),0.318899145865404,2.6731002335030114,2.0,Medium - High (20-40%),0.1699780068517761,1.5998900342588809,1.0,Low - Medium (5-25%),0.2173163311594986,2.119796596044769,2.0,Medium - High (20-40%),0.091203809884443,1.206019049422215,1.0,Low - Medium (5-25%),0.0647567500493113,0.3731024879520755,0.0,Low (<10%),0.0146744281672389,0.2934885633447799,0.0,Low (<5%),0.0544548971652891,0.1231337024181289,0.0,Low (<10%),0.0134326960686874,0.2686539213737483,0.0,Low (<5%),0.0189730181122416,0.0,0.0,Low (<10%),0.0055843691773387,0.1116873835467739,0.0,Low (<5%),United States,California
774460,0.0058216542017834,0.0,0.0,Low (<10%),0.00200045765066,0.0400091530132002,0.0,Low (<5%),0.0052737004312314,0.0,0.0,Low (<10%),0.0019711171493517,0.0394223429870346,0.0,Low (<5%),0.0040121947765867,0.0,0.0,Low (<10%),0.0014025543165981,0.0280510863319638,0.0,Low (<5%),0.0054927481343485,0.0,0.0,Low (<10%),0.0040884446023,0.0817688920460011,0.0,Low (<5%),0.0417198032701642,0.0,0.0,Low (<10%),0.0261068894459217,0.5221377889184347,0.0,Low (<5%),0.138710022734886,1.4720720358770625,1.0,Low - Medium (10-20%),0.0816948203424421,1.1584741017122109,1.0,Low - Medium (5-25%),0.2168102261299096,2.116432804842044,2.0,Medium - High (20-40%),0.1240700088971339,1.3703500444856698,1.0,Low - Medium (5-25%),0.2459063405172106,2.2981089342622,2.0,Medium - High (20-40%),0.1305630602730204,1.402815301365102,1.0,Low - Medium (5-25%),0.1786428151042346,1.837077890850492,1.0,Low - Medium (10-20%),0.0755209951598017,1.1276049757990083,1.0,Low - Medium (5-25%),0.0437651906490007,0.0,0.0,Low (<10%),0.0136762961545199,0.2735259230903982,0.0,Low (<5%),0.0354283588650056,0.0,0.0,Low (<10%),0.0108921929010157,0.2178438580203152,0.0,Low (<5%),0.0121927239112459,0.0,0.0,Low (<10%),0.0041352773427493,0.0827055468549874,0.0,Low (<5%),United States,California
774470,0.0002500383098068,0.0,0.0,Low (<10%),5.950657278965841e-05,0.0011901314557931,0.0,Low (<5%),0.0001999390126739,0.0,0.0,Low (<10%),5.0777324296092576e-05,0.0010155464859218,0.0,Low (<5%),0.0001433373726739,0.0,0.0,Low (<10%),6.203478486450502e-05,0.0012406956972901,0.0,Low (<5%),0.0004540234552263,0.0,0.0,Low (<10%),0.000657338940979,0.0131467788195816,0.0,Low (<5%),0.0056864103691536,0.0,0.0,Low (<10%),0.0044210847255339,0.0884216945106783,0.0,Low (<5%),0.0256990149969579,0.0,0.0,Low (<10%),0.0151560839484626,0.3031216789692532,0.0,Low (<5%),0.0380460412001633,0.0,0.0,Low (<10%),0.0224543808165567,0.4490876163311357,0.0,Low (<5%),0.039383946795022,0.0,0.0,Low (<10%),0.0215323336900333,0.4306466738006665,0.0,Low (<5%),0.0294633929427538,0.0,0.0,Low (<10%),0.0127065600111289,0.2541312002225783,0.0,Low (<5%),0.0047547405065348,0.0,0.0,Low (<10%),0.0009828928022041,0.0196578560440835,0.0,Low (<5%),0.0030253002205803,0.0,0.0,Low (<10%),0.0004383888352181,0.0087677767043622,0.0,Low (<5%),0.0006514162786149,0.0,0.0,Low (<10%),0.0001619120846435,0.0032382416928715,0.0,Low (<5%),United States,California
774480,0.0042762576350874,0.0,0.0,Low (<10%),0.001989918402728,0.0397983680545601,0.0,Low (<5%),0.0031828734943536,0.0,0.0,Low (<10%),0.001037930478843,0.0207586095768614,0.0,Low (<5%),0.0025997652259932,0.0,0.0,Low (<10%),0.0016953594402685,0.0339071888053712,0.0,Low (<5%),0.0088583443760007,0.0,0.0,Low (<10%),0.0154192158918669,0.3083843178373386,0.0,Low (<5%),0.1572164084370979,1.6527517973386456,1.0,Low - Medium (10-20%),0.1072943814257978,1.286471907128989,1.0,Low - Medium (5-25%),0.6873390760254859,3.781021980585437,3.0,High (40-80%),0.3968574651687054,2.5874298606748214,2.0,Medium - High (25-50%),0.9933739280402598,4.312336882490246,4.0,Extremely High (>80%),0.5708623881628208,3.283449552651283,3.0,High (50-75%),1.0838850095594414,4.438139802743283,4.0,Extremely High (>80%),0.5793489924897968,3.317395969959187,3.0,High (50-75%),0.8149909134889344,4.026783974512389,4.0,Extremely High (>80%),0.3405254310909692,2.362101724363877,2.0,Medium - High (25-50%),0.0925721236836914,0.8886497241059157,0.0,Low (<10%),0.030205488742564,0.6041097748512801,0.0,Low (<5%),0.0493065255991742,0.0,0.0,Low (<10%),0.0094238944834758,0.1884778896695164,0.0,Low (<5%),0.0104910703679221,0.0,0.0,Low (<10%),0.0026583588410295,0.0531671768205903,0.0,Low (<5%),United States,California
774491,0.0056860009030785,0.0,0.0,Low (<10%),0.0021742557329489,0.0434851146589789,0.0,Low (<5%),0.0041931721656697,0.0,0.0,Low (<10%),0.0018474929806969,0.0369498596139386,0.0,Low (<5%),0.0034787405703246,0.0,0.0,Low (<10%),0.0014913588160914,0.029827176321828,0.0,Low (<5%),0.0082840355447106,0.0,0.0,Low (<10%),0.0119098776815278,0.2381975536305571,0.0,Low (<5%),0.1494864823060054,1.5800150309664005,1.0,Low - Medium (10-20%),0.0994089957339768,1.247044978669884,1.0,Low - Medium (5-25%),0.5562856382544336,3.4758258597051936,3.0,High (40-80%),0.3223325084562176,2.2893300338248705,2.0,Medium - High (25-50%),0.7768221963043828,3.9575844237755935,3.0,High (40-80%),0.4493058923640892,2.7972235694563565,2.0,Medium - High (25-50%),0.8010741732796668,4.001935831233817,4.0,Extremely High (>80%),0.4305782082956317,2.722312833182527,2.0,Medium - High (25-50%),0.5766999767707036,3.5278209642837246,3.0,High (40-80%),0.2465939347409531,1.9829696737047653,1.0,Low - Medium (5-25%),0.079958024194621,0.6773147278725145,0.0,Low (<10%),0.0274555825258841,0.5491116505176825,0.0,Low (<5%),0.0461036694109232,0.0,0.0,Low (<10%),0.0127728821060023,0.2554576421200476,0.0,Low (<5%),0.0111967507382836,0.0,0.0,Low (<10%),0.0036956927506703,0.0739138550134063,0.0,Low (<5%),United States,California
774492,0.005319182530673,0.0,0.0,Low (<10%),0.0024068689091614,0.048137378183228,0.0,Low (<5%),0.0044937560815321,0.0,0.0,Low (<10%),0.0017856764402097,0.0357135288041947,0.0,Low (<5%),0.0040013604922485,0.0,0.0,Low (<10%),0.0029559975323433,0.0591199506468673,0.0,Low (<5%),0.0084358696932855,0.0,0.0,Low (<10%),0.0112942524502261,0.2258850490045229,0.0,Low (<5%),0.1015792747098002,1.022606078060162,1.0,Low - Medium (10-20%),0.0732833475202357,1.1164167376011789,1.0,Low - Medium (5-25%),0.3074154141648795,2.6201895052424247,2.0,Medium - High (20-40%),0.1815395816051896,1.657697908025948,1.0,Low - Medium (5-25%),0.3887395221396435,2.958803790199144,2.0,Medium - High (20-40%),0.2311519197147658,1.9057595985738287,1.0,Low - Medium (5-25%),0.3753990433817653,2.9084249737965395,2.0,Medium - High (20-40%),0.2052388828564001,1.776194414282001,1.0,Low - Medium (5-25%),0.2700561972677737,2.4332596557325865,2.0,Medium - High (20-40%),0.1205592759053348,1.3527963795266744,1.0,Low - Medium (5-25%),0.048953324545184,0.0,0.0,Low (<10%),0.0132682903271938,0.2653658065438773,0.0,Low (<5%),0.0224179583005133,0.0,0.0,Low (<10%),0.0064712632442589,0.1294252648851798,0.0,Low (<5%),0.007142179178038,0.0,0.0,Low (<10%),0.0026057980219259,0.0521159604385187,0.0,Low (<5%),United States,California
774493,0.0098842744112867,0.0,0.0,Low (<10%),0.0037051564894014,0.0741031297880299,0.0,Low (<5%),0.0082490912818131,0.0,0.0,Low (<10%),0.003002839549822,0.0600567909964413,0.0,Low (<5%),0.0060777841868644,0.0,0.0,Low (<10%),0.0027188718755886,0.0543774375117739,0.0,Low (<5%),0.0090617553719287,0.0,0.0,Low (<10%),0.0085462772398469,0.1709255447969387,0.0,Low (<5%),0.0553118874049641,0.1456614770222677,0.0,Low (<10%),0.0438295503116395,0.8765910062327917,0.0,Low (<5%),0.177316909570402,1.8263301233212703,1.0,Low - Medium (10-20%),0.1088368870646656,1.294184435323328,1.0,Low - Medium (5-25%),0.2576362936669314,2.3653358426957523,2.0,Medium - High (20-40%),0.1531290171013526,1.5156450855067631,1.0,Low - Medium (5-25%),0.2722297231874044,2.4448245949609064,2.0,Medium - High (20-40%),0.1483817863690894,1.4919089318454477,1.0,Low - Medium (5-25%),0.2133433977638226,2.0931774648358443,2.0,Medium - High (20-40%),0.0870487975882256,1.185243987941128,1.0,Low - Medium (5-25%),0.0855407909527833,0.7746844522658893,0.0,Low (<10%),0.0169739830896567,0.3394796617931349,0.0,Low (<5%),0.0483169825174333,0.0,0.0,Low (<10%),0.0143605993802377,0.2872119876047548,0.0,Low (<5%),0.0160915586505336,0.0,0.0,Low (<10%),0.0056482535811918,0.1129650716238378,0.0,Low (<5%),United States,California
774494,0.0021179772630032,0.0,0.0,Low (<10%),0.0007820276291777,0.0156405525835547,0.0,Low (<5%),0.0019668250634968,0.0,0.0,Low (<10%),0.0007294300792839,0.0145886015856793,0.0,Low (<5%),0.0015195034486588,0.0,0.0,Low (<10%),0.0005713345222456,0.011426690444913,0.0,Low (<5%),0.0018742091460422,0.0,0.0,Low (<10%),0.0012655276596118,0.025310553192236,0.0,Low (<5%),0.00882936662785,0.0,0.0,Low (<10%),0.0079224865026568,0.1584497300531362,0.0,Low (<5%),0.0308761192155963,0.0,0.0,Low (<10%),0.0189644884628304,0.3792897692566084,0.0,Low (<5%),0.0383124741119626,0.0,0.0,Low (<10%),0.0218414093559904,0.4368281871198092,0.0,Low (<5%),0.0370812977417306,0.0,0.0,Low (<10%),0.0191064334179216,0.3821286683584322,0.0,Low (<5%),0.0295074964529489,0.0,0.0,Low (<10%),0.0102610128953862,0.2052202579077252,0.0,Low (<5%),0.0168902295319321,0.0,0.0,Low (<10%),0.0033687886845257,0.0673757736905141,0.0,Low (<5%),0.0087524015830493,0.0,0.0,Low (<10%),0.0027568386882859,0.0551367737657189,0.0,Low (<5%),0.0034942646263743,0.0,0.0,Low (<10%),0.0012793909774952,0.0255878195499056,0.0,Low (<5%),United States,California
774495,0.0402120597603633,0.0,0.0,Low (<10%),0.0122781723542717,0.2455634470854356,0.0,Low (<5%),0.0309246424832049,0.0,0.0,Low (<10%),0.0094731731916731,0.1894634638334624,0.0,Low (<5%),0.0267800600186202,0.0,0.0,Low (<10%),0.0082306906877358,0.1646138137547174,0.0,Low (<5%),0.0322127168453968,0.0,0.0,Low (<10%),0.011917769816902,0.2383553963380409,0.0,Low (<5%),0.0713027159641037,0.5120289359657758,0.0,Low (<10%),0.0465936167905687,0.9318723358113744,0.0,Low (<5%),0.1791225981834021,1.8409473598279584,1.0,Low - Medium (10-20%),0.1022291350176943,1.261145675088472,1.0,Low - Medium (5-25%),0.2573907531574966,2.3639602252235363,2.0,Medium - High (20-40%),0.1350533898795062,1.4252669493975312,1.0,Low - Medium (5-25%),0.2524019612774317,2.3357231207571933,2.0,Medium - High (20-40%),0.1183044666070222,1.3415223330351114,1.0,Low - Medium (5-25%),0.2025493163553966,2.0182732156471905,2.0,Medium - High (20-40%),0.0655691661498477,1.077845830749239,1.0,Low - Medium (5-25%),0.14981600367712,1.5831917439061085,1.0,Low - Medium (10-20%),0.0381071535965159,0.762143071930319,0.0,Low (<5%),0.1244858370395298,1.3159816138184224,1.0,Low - Medium (10-20%),0.0367578135329311,0.7351562706586239,0.0,Low (<5%),0.0465899206329888,0.0,0.0,Low (<10%),0.0142099593449018,0.2841991868980367,0.0,Low (<5%),United States,California
774496,0.0002857718810856,0.0,0.0,Low (<10%),7.400805020502968e-05,0.0014801610041005,0.0,Low (<5%),0.0002483568609954,0.0,0.0,Low (<10%),6.45154513658825e-05,0.0012903090273176,0.0,Low (<5%),0.0001815332121076,0.0,0.0,Low (<10%),4.724139432233879e-05,0.0009448278864467,0.0,Low (<5%),0.0001885850184962,0.0,0.0,Low (<10%),4.92562159316613e-05,0.0009851243186332,0.0,Low (<5%),0.0002112609128063,0.0,0.0,Low (<10%),5.5540056899264346e-05,0.0011108011379852,0.0,Low (<5%),0.0002986071684906,0.0,0.0,Low (<10%),7.897838159744657e-05,0.0015795676319489,0.0,Low (<5%),0.0004066924546815,0.0,0.0,Low (<10%),0.0001080877188096,0.0021617543761938,0.0,Low (<5%),0.0006215812653717,0.0,0.0,Low (<10%),0.0001650215833588,0.0033004316671765,0.0,Low (<5%),0.0008681051255952,0.0,0.0,Low (<10%),0.0002294055070725,0.0045881101414516,0.0,Low (<5%),0.0010029748307471,0.0,0.0,Low (<10%),0.0002631767936309,0.0052635358726192,0.0,Low (<5%),0.0009234454652695,0.0,0.0,Low (<10%),0.0002403445651525,0.0048068913030516,0.0,Low (<5%),0.0004535388333159,0.0,0.0,Low (<10%),0.0001174947996859,0.0023498959937199,0.0,Low (<5%),United States,California
774497,0.0009124274106329,0.0,0.0,Low (<10%),0.0003605195716491,0.0072103914329834,0.0,Low (<5%),0.0008548657851665,0.0,0.0,Low (<10%),0.0003359496996866,0.0067189939937337,0.0,Low (<5%),0.0005697524897773,0.0,0.0,Low (<10%),0.0002188143012475,0.0043762860249514,0.0,Low (<5%),0.0005943284881271,0.0,0.0,Low (<10%),0.0002368778509717,0.0047375570194341,0.0,Low (<5%),0.0011483217954506,0.0,0.0,Low (<10%),0.0010995149324793,0.0219902986495875,0.0,Low (<5%),0.0082984929532794,0.0,0.0,Low (<10%),0.0076384542143384,0.1527690842867691,0.0,Low (<5%),0.0292451238417686,0.0,0.0,Low (<10%),0.0180317044604354,0.3606340892087098,0.0,Low (<5%),0.0324942286916706,0.0,0.0,Low (<10%),0.0194625319575069,0.3892506391501383,0.0,Low (<5%),0.0200906584050196,0.0,0.0,Low (<10%),0.0088290194654937,0.1765803893098752,0.0,Low (<5%),0.008069026542035,0.0,0.0,Low (<10%),0.0015008105547928,0.0300162110958577,0.0,Low (<5%),0.0037428030095734,0.0,0.0,Low (<10%),0.001305251727641,0.0261050345528202,0.0,Low (<5%),0.0015645053118746,0.0,0.0,Low (<10%),0.0006026977854532,0.0120539557090659,0.0,Low (<5%),United States,California
774498,0.0028661919050146,0.0,0.0,Low (<10%),0.001634745317653,0.0326949063530603,0.0,Low (<5%),0.0021880226413047,0.0,0.0,Low (<10%),0.0016426553182417,0.0328531063648352,0.0,Low (<5%),0.0012115489308874,0.0,0.0,Low (<10%),0.0007015472429913,0.0140309448598269,0.0,Low (<5%),0.000937980765305,0.0,0.0,Low (<10%),0.0005853786525923,0.0117075730518472,0.0,Low (<5%),0.0071468877942069,0.0,0.0,Low (<10%),0.0130823421503197,0.2616468430063953,0.0,Low (<5%),0.069730268771982,0.4798569475470186,0.0,Low (<10%),0.0643388800033038,1.0716944000165194,1.0,Low - Medium (5-25%),0.2717629755861652,2.442348919767426,2.0,Medium - High (20-40%),0.1716793575795322,1.6083967878976613,1.0,Low - Medium (5-25%),0.2539010251932746,2.34426622026414,2.0,Medium - High (20-40%),0.156174918106433,1.530874590532165,1.0,Low - Medium (5-25%),0.1336079201713368,1.4180055321624905,1.0,Low - Medium (10-20%),0.0552545254943924,1.026272627471962,1.0,Low - Medium (5-25%),0.040926430121598,0.0,0.0,Low (<10%),0.0025877067717437,0.0517541354348748,0.0,Low (<5%),0.0132331353694215,0.0,0.0,Low (<10%),0.002673139550609,0.0534627910121804,0.0,Low (<5%),0.0039019984243285,0.0,0.0,Low (<10%),0.00183214469915,0.0366428939830006,0.0,Low (<5%),United States,California
774499,0.1083024432010814,1.1150657891542337,1.0,Low - Medium (10-20%),0.0349986844251442,0.6999736885028841,0.0,Low (<5%),0.0761781626438244,0.6074493967864097,0.0,Low (<10%),0.0264904930403314,0.5298098608066283,0.0,Low (<5%),0.0431186560920597,0.0,0.0,Low (<10%),0.0142345005896337,0.2846900117926755,0.0,Low (<5%),0.024051490152231,0.0,0.0,Low (<10%),0.0090922323661233,0.1818446473224662,0.0,Low (<5%),0.0788879744351534,0.6578772998374856,0.0,Low (<10%),0.1192649837257574,1.3463249186287871,1.0,Low - Medium (5-25%),0.9380195054211076,4.229617922827774,4.0,Extremely High (>80%),1.1360829519993008,5.0,4.0,Extremely High (>75%),7.107029521184468,5.0,4.0,Extremely High (>80%),3.9332846260412686,5.0,4.0,Extremely High (>75%),9.740979190998468,5.0,4.0,Extremely High (>80%),4.824558388425598,5.0,4.0,Extremely High (>75%),9999.0,5.0,4.0,Extremely High (>80%),9999.0,5.0,4.0,Extremely High (>75%),1.59156223505938,4.992371666850862,4.0,Extremely High (>80%),0.0694971325481875,1.097485662740938,1.0,Low - Medium (5-25%),9999.0,5.0,4.0,Extremely High (>80%),9999.0,5.0,4.0,Extremely High (>75%),0.225096052220031,2.170540754737305,2.0,Medium - High (20-40%),0.0511085150458148,1.0055425752290743,1.0,Low - Medium (5-25%),United States,California
774500,0.0952655745278811,0.930026876535792,0.0,Low (<10%),0.0280428583433291,0.5608571668665834,0.0,Low (<5%),0.0931429726337301,0.8975188312423761,0.0,Low (<10%),0.0275401211169457,0.5508024223389159,0.0,Low (<5%),0.0724302475774635,0.5346642117706136,0.0,Low (<10%),0.0214646941121147,0.4292938822422942,0.0,Low (<5%),0.0766603100321843,0.6165517378583009,0.0,Low (<10%),0.0237873246305151,0.475746492610303,0.0,Low (<5%),0.1209140584143747,1.2739819933511658,1.0,Low - Medium (10-20%),0.0718767852739536,1.1093839263697682,1.0,Low - Medium (5-25%),0.3452089458930225,2.7874698516207785,2.0,Medium - High (20-40%),0.1948719495750754,1.7243597478753772,1.0,Low - Medium (5-25%),0.5762603325725065,3.5267207138586296,3.0,High (40-80%),0.3073739429978585,2.229495771991434,2.0,Medium - High (25-50%),0.6098818671759378,3.608529822766827,3.0,High (40-80%),0.2938559321725219,2.175423728690088,2.0,Medium - High (25-50%),0.5384591764190957,3.4288369701914303,3.0,High (40-80%),0.1886594107973123,1.6932970539865615,1.0,Low - Medium (5-25%),0.4369274332533885,3.1273936907583533,3.0,High (40-80%),0.1111689047956527,1.3058445239782637,1.0,Low - Medium (5-25%),0.3697929500047547,2.886717720442132,2.0,Medium - High (20-40%),0.1045942799874215,1.272971399937108,1.0,Low - Medium (5-25%),0.16730654566394,1.7424938901591258,1.0,Low - Medium (10-20%),0.0493090886177139,0.9861817723542788,0.0,Low (<5%),United States,California
774600,0.0043956193234877,0.0,0.0,Low (<10%),0.0018046771693857,0.0360935433877147,0.0,Low (<5%),0.0039307849865999,0.0,0.0,Low (<10%),0.0016183769951775,0.0323675399035505,0.0,Low (<5%),0.0028529790465909,0.0,0.0,Low (<10%),0.0011740416877554,0.0234808337551092,0.0,Low (<5%),0.0032600560592347,0.0,0.0,Low (<10%),0.0013478817174561,0.0269576343491229,0.0,Low (<5%),0.0041752752373095,0.0,0.0,Low (<10%),0.001881552740971,0.0376310548194214,0.0,Low (<5%),0.0098270276109688,0.0,0.0,Low (<10%),0.0087097795546929,0.1741955910938599,0.0,Low (<5%),0.0235485194397657,0.0,0.0,Low (<10%),0.0195977500540755,0.3919550010815104,0.0,Low (<5%),0.0398521002422074,0.0,0.0,Low (<10%),0.0206944072059204,0.4138881441184099,0.0,Low (<5%),0.0376238906721874,0.0,0.0,Low (<10%),0.0092223170140624,0.1844463402812484,0.0,Low (<5%),0.0289065223116152,0.0,0.0,Low (<10%),0.0083965977323326,0.1679319546466522,0.0,Low (<5%),0.0209489193411339,0.0,0.0,Low (<10%),0.0083871556218275,0.1677431124365518,0.0,Low (<5%),0.0087335266067879,0.0,0.0,Low (<10%),0.003584623821361,0.0716924764272219,0.0,Low (<5%),United States,California
774700,0.0052220778440939,0.0,0.0,Low (<10%),0.0018266682754693,0.0365333655093865,0.0,Low (<5%),0.0048040783529376,0.0,0.0,Low (<10%),0.0016876082721705,0.0337521654434101,0.0,Low (<5%),0.0035631721032874,0.0,0.0,Low (<10%),0.0012519396149343,0.025038792298686,0.0,Low (<5%),0.0040955908613615,0.0,0.0,Low (<10%),0.0014429698842712,0.0288593976854254,0.0,Low (<5%),0.0051740773799039,0.0,0.0,Low (<10%),0.0019073396574761,0.0381467931495234,0.0,Low (<5%),0.008824271024949,0.0,0.0,Low (<10%),0.0059091806641235,0.1181836132824709,0.0,Low (<5%),0.0191454980345856,0.0,0.0,Low (<10%),0.0130533695317957,0.261067390635915,0.0,Low (<5%),0.0310448493645683,0.0,0.0,Low (<10%),0.0149880680574901,0.2997613611498021,0.0,Low (<5%),0.0270507419099778,0.0,0.0,Low (<10%),0.0083916793982525,0.1678335879650517,0.0,Low (<5%),0.0226488003640444,0.0,0.0,Low (<10%),0.0072743580721786,0.1454871614435723,0.0,Low (<5%),0.0223234715213188,0.0,0.0,Low (<10%),0.0078106373385716,0.1562127467714331,0.0,Low (<5%),0.0096035310333707,0.0,0.0,Low (<10%),0.0033651461305342,0.0673029226106843,0.0,Low (<5%),United States,California
774800,0.0887934796814242,0.828525645014044,0.0,Low (<10%),0.0258405893140091,0.5168117862801825,0.0,Low (<5%),0.0712713810214498,0.5113947847692109,0.0,Low (<10%),0.0208910805182986,0.4178216103659727,0.0,Low (<5%),0.0442060854687569,0.0,0.0,Low (<10%),0.0133188428748793,0.2663768574975871,0.0,Low (<5%),0.0279924417189069,0.0,0.0,Low (<10%),0.0093544079978034,0.1870881599560692,0.0,Low (<5%),0.0741819919910187,0.5691409138133434,0.0,Low (<10%),0.07080948440915,1.10404742204575,1.0,Low - Medium (5-25%),0.8330300116522388,4.0583684726399225,4.0,Extremely High (>80%),1.1568539907992217,5.0,4.0,Extremely High (>75%),5.053498783610911,5.0,4.0,Extremely High (>80%),3.183242501223903,5.0,4.0,Extremely High (>75%),5.353237630515894,5.0,4.0,Extremely High (>80%),3.066525308869726,5.0,4.0,Extremely High (>75%),2.978588193990554,5.0,4.0,Extremely High (>80%),1.198728699759886,5.0,4.0,Extremely High (>75%),1.0078631242274627,4.333227817647172,4.0,Extremely High (>80%),0.0472687966083626,0.9453759321672538,0.0,Low (<5%),0.3909398814736738,2.966946767715981,2.0,Medium - High (20-40%),0.0452761947965027,0.9055238959300554,0.0,Low (<5%),0.1414929681641051,1.500730356612954,1.0,Low - Medium (10-20%),0.0329405078729248,0.6588101574584969,0.0,Low (<5%),United States,California
774801,5.564973058082094e-05,0.0,0.0,Low (<10%),3.1405433547048165e-05,0.0006281086709409,0.0,Low (<5%),5.665504093380118e-05,0.0,0.0,Low (<10%),3.2122542600106375e-05,0.0006424508520021,0.0,Low (<5%),4.178623087870404e-05,0.0,0.0,Low (<10%),2.3736248100225342e-05,0.0004747249620045,0.0,Low (<5%),4.538230689886911e-05,0.0,0.0,Low (<10%),2.590072571827308e-05,0.0005180145143654,0.0,Low (<5%),5.267233257975091e-05,0.0,0.0,Low (<10%),3.0362308863597508e-05,0.0006072461772719,0.0,Low (<5%),6.851144550117007e-05,0.0,0.0,Low (<10%),3.9815529568268175e-05,0.0007963105913653,0.0,Low (<5%),8.677909014714691e-05,0.0,0.0,Low (<10%),5.071846631031011e-05,0.0010143693262062,0.0,Low (<5%),0.0001090465959206,0.0,0.0,Low (<10%),6.38190372272509e-05,0.001276380744545,0.0,Low (<5%),0.0001304432026046,0.0,0.0,Low (<10%),7.607863346982193e-05,0.0015215726693964,0.0,Low (<5%),0.000127736668151,0.0,0.0,Low (<10%),7.372987766715881e-05,0.0014745975533431,0.0,Low (<5%),0.0001281814379489,0.0,0.0,Low (<10%),7.304365432339447e-05,0.0014608730864678,0.0,Low (<5%),7.918882782311954e-05,0.0,0.0,Low (<10%),4.4731644705084304e-05,0.0008946328941016,0.0,Low (<5%),United States,California
774802,0.0021429427706069,0.0,0.0,Low (<10%),0.0009261555193413,0.0185231103868264,0.0,Low (<5%),0.0021129322221449,0.0,0.0,Low (<10%),0.0009160600718513,0.0183212014370273,0.0,Low (<5%),0.0016403637002158,0.0,0.0,Low (<10%),0.0007110424916301,0.0142208498326039,0.0,Low (<5%),0.0018511353319096,0.0,0.0,Low (<10%),0.0008169432658783,0.0163388653175676,0.0,Low (<5%),0.0021112059516138,0.0,0.0,Low (<10%),0.0011188967307347,0.0223779346146941,0.0,Low (<5%),0.0034229288853673,0.0,0.0,Low (<10%),0.0022869689625064,0.045739379250129,0.0,Low (<5%),0.006090273452643,0.0,0.0,Low (<10%),0.0035209566986102,0.0704191339722054,0.0,Low (<5%),0.0065910229237108,0.0,0.0,Low (<10%),0.0031526496727924,0.0630529934558492,0.0,Low (<5%),0.0057516849421873,0.0,0.0,Low (<10%),0.0021844104079115,0.0436882081582319,0.0,Low (<5%),0.0045800383354293,0.0,0.0,Low (<10%),0.0018384493469558,0.0367689869391178,0.0,Low (<5%),0.0043982517670749,0.0,0.0,Low (<10%),0.0018966056171689,0.0379321123433784,0.0,Low (<5%),0.0027067721318193,0.0,0.0,Low (<10%),0.001171031172524,0.0234206234504813,0.0,Low (<5%),United States,California
774803,0.0001991004657865,0.0,0.0,Low (<10%),9.492751361796596e-05,0.0018985502723593,0.0,Low (<5%),0.0001957958241342,0.0,0.0,Low (<10%),9.377117345603151e-05,0.0018754234691206,0.0,Low (<5%),0.0001521529870368,0.0,0.0,Low (<10%),7.304994263819305e-05,0.0014609988527638,0.0,Low (<5%),0.0001529794400821,0.0,0.0,Low (<10%),7.391619812422414e-05,0.0014783239624844,0.0,Low (<5%),0.0001827759779418,0.0,0.0,Low (<10%),8.974073785725115e-05,0.001794814757145,0.0,Low (<5%),0.0002574193921136,0.0,0.0,Low (<10%),0.0001380908079401,0.0027618161588022,0.0,Low (<5%),0.0003895498728266,0.0,0.0,Low (<10%),0.0002028456455665,0.0040569129113301,0.0,Low (<5%),0.0004925004578123,0.0,0.0,Low (<10%),0.0002306362183585,0.0046127243671709,0.0,Low (<5%),0.0005815696695608,0.0,0.0,Low (<10%),0.0002624672993908,0.0052493459878161,0.0,Low (<5%),0.0005344521477731,0.0,0.0,Low (<10%),0.0002562522717512,0.0051250454350253,0.0,Low (<5%),0.0005087772773768,0.0,0.0,Low (<10%),0.0002448778189492,0.0048975563789846,0.0,Low (<5%),0.0003020335001098,0.0,0.0,Low (<10%),0.0001440949318742,0.0028818986374843,0.0,Low (<5%),United States,California
774804,0.004986356295666,0.0,0.0,Low (<10%),0.0020455109190638,0.0409102183812768,0.0,Low (<5%),0.0055268717020713,0.0,0.0,Low (<10%),0.0022639767880437,0.0452795357608744,0.0,Low (<5%),0.0039802282835418,0.0,0.0,Low (<10%),0.0016265643738511,0.0325312874770222,0.0,Low (<5%),0.0042791432976686,0.0,0.0,Low (<10%),0.0019150569342291,0.0383011386845828,0.0,Low (<5%),0.0184962384845575,0.0,0.0,Low (<10%),0.0328601277764465,0.6572025555289306,0.0,Low (<5%),0.1605656197747221,1.6831630168258611,1.0,Low - Medium (10-20%),0.1653090917498424,1.5765454587492125,1.0,Low - Medium (5-25%),0.4643413106256514,3.215185637535107,3.0,High (40-80%),0.2916392009307607,2.1665568037230427,2.0,Medium - High (25-50%),0.4150748161912435,3.053371402049488,3.0,High (40-80%),0.2551399754606936,2.0205599018427742,2.0,Medium - High (25-50%),0.1810698074042526,1.856546003275568,1.0,Low - Medium (10-20%),0.0755401680765423,1.1277008403827116,1.0,Low - Medium (5-25%),0.0575525104029958,0.2029507642601073,0.0,Low (<10%),0.0037410065919613,0.0748201318392275,0.0,Low (<5%),0.0145840780884363,0.0,0.0,Low (<10%),0.0034545355002208,0.0690907100044178,0.0,Low (<5%),0.0057148062550477,0.0,0.0,Low (<10%),0.0023615284853484,0.0472305697069685,0.0,Low (<5%),United States,California
774805,0.0003166936363947,0.0,0.0,Low (<10%),0.0001069458779778,0.0021389175595567,0.0,Low (<5%),0.0002700989696597,0.0,0.0,Low (<10%),9.171764066291998e-05,0.0018343528132583,0.0,Low (<5%),0.0001930814957075,0.0,0.0,Low (<10%),6.576645302198121e-05,0.0013153290604396,0.0,Low (<5%),0.000181742325833,0.0,0.0,Low (<10%),6.253024054916013e-05,0.0012506048109832,0.0,Low (<5%),0.000202858216055,0.0,0.0,Low (<10%),7.42961788636027e-05,0.001485923577272,0.0,Low (<5%),0.000293056684553,0.0,0.0,Low (<10%),0.0001215918492626,0.0024318369852538,0.0,Low (<5%),0.0005492098834738,0.0,0.0,Low (<10%),0.0002282973694983,0.0045659473899667,0.0,Low (<5%),0.0006918233190262,0.0,0.0,Low (<10%),0.0002758449167924,0.005516898335849,0.0,Low (<5%),0.0006834974511157,0.0,0.0,Low (<10%),0.0002405295868849,0.0048105917376997,0.0,Low (<5%),0.0006462695898888,0.0,0.0,Low (<10%),0.0002177786303672,0.004355572607345,0.0,Low (<5%),0.0006349896464949,0.0,0.0,Low (<10%),0.0002154208608627,0.0043084172172541,0.0,Low (<5%),0.0004818328108778,0.0,0.0,Low (<10%),0.0001628459161944,0.0032569183238888,0.0,Low (<5%),United States,California
774806,0.0516289749295019,0.0462528594233175,0.0,Low (<10%),0.0180680221049087,0.3613604420981746,0.0,Low (<5%),0.048344597259809,0.0,0.0,Low (<10%),0.0170970541550653,0.3419410831013076,0.0,Low (<5%),0.0326193038744233,0.0,0.0,Low (<10%),0.0115958629317086,0.2319172586341722,0.0,Low (<5%),0.0328006694100799,0.0,0.0,Low (<10%),0.0127678564750735,0.2553571295014714,0.0,Low (<5%),0.0611242998061361,0.2898179388462047,0.0,Low (<10%),0.0652302259713463,1.0761511298567317,1.0,Low - Medium (5-25%),0.3136338135975702,2.649081108176799,2.0,Medium - High (20-40%),0.2778221037238831,2.111288414895532,2.0,Medium - High (25-50%),0.7948778469454917,3.990733170904741,3.0,High (40-80%),0.4885525964521684,2.9542103858086737,2.0,Medium - High (25-50%),0.7347548812686855,3.8772630383049616,3.0,High (40-80%),0.4537400155683012,2.8149600622732045,2.0,Medium - High (25-50%),0.3906845485382936,2.966004198475288,2.0,Medium - High (20-40%),0.1565974284398701,1.5329871421993506,1.0,Low - Medium (5-25%),0.1540920648613415,1.6237925706135714,1.0,Low - Medium (10-20%),0.0256781646613441,0.5135632932268839,0.0,Low (<5%),0.0971203322183023,0.9578452617235056,0.0,Low (<10%),0.0285147752467542,0.5702955049350845,0.0,Low (<5%),0.0657422935347086,0.3948936933445474,0.0,Low (<10%),0.0230044375243612,0.4600887504872258,0.0,Low (<5%),United States,California
774807,0.0134126496994912,0.0,0.0,Low (<10%),0.0032500869388368,0.0650017387767361,0.0,Low (<5%),0.0118498992786955,0.0,0.0,Low (<10%),0.0028853865613684,0.0577077312273699,0.0,Low (<5%),0.0088717054471171,0.0,0.0,Low (<10%),0.0021671926228665,0.0433438524573319,0.0,Low (<5%),0.0083437266545259,0.0,0.0,Low (<10%),0.0021064434685255,0.0421288693705118,0.0,Low (<5%),0.0113621959707994,0.0,0.0,Low (<10%),0.0043594421857489,0.0871888437149792,0.0,Low (<5%),0.0341838313869935,0.0,0.0,Low (<10%),0.0321452378151452,0.6429047563029057,0.0,Low (<5%),0.1589515786154678,1.668587344562694,1.0,Low - Medium (10-20%),0.0968244006254787,1.234122003127394,1.0,Low - Medium (5-25%),0.1754534261564096,1.8110881201572928,1.0,Low - Medium (10-20%),0.0853010314931268,1.176505157465634,1.0,Low - Medium (5-25%),0.1053520767761592,1.0752187538812232,1.0,Low - Medium (10-20%),0.0322522105388435,0.645044210776871,0.0,Low (<5%),0.0572182772326833,0.1945479657712789,0.0,Low (<10%),0.0093102649317672,0.1862052986353459,0.0,Low (<5%),0.0386578917446126,0.0,0.0,Low (<10%),0.0084209520863582,0.1684190417271649,0.0,Low (<5%),0.0214190209375063,0.0,0.0,Low (<10%),0.0051687556982602,0.1033751139652059,0.0,Low (<5%),United States,California
774900,0.0009485647847859,0.0,0.0,Low (<10%),0.0003851970323797,0.0077039406475945,0.0,Low (<5%),0.0009503766481724,0.0,0.0,Low (<10%),0.0003880947662379,0.0077618953247596,0.0,Low (<5%),0.000715344506651,0.0,0.0,Low (<10%),0.0002924766759726,0.0058495335194539,0.0,Low (<5%),0.0007751811292278,0.0,0.0,Low (<10%),0.0003186388824516,0.0063727776490333,0.0,Low (<5%),0.0009704044449867,0.0,0.0,Low (<10%),0.0004013024991133,0.0080260499822679,0.0,Low (<5%),0.001372230659598,0.0,0.0,Low (<10%),0.0011269789164548,0.0225395783290974,0.0,Low (<5%),0.0047091984937706,0.0,0.0,Low (<10%),0.0035764475050016,0.0715289501000336,0.0,Low (<5%),0.0061382905556501,0.0,0.0,Low (<10%),0.0036723839741298,0.0734476794825963,0.0,Low (<5%),0.0041729532501283,0.0,0.0,Low (<10%),0.0018869508986747,0.0377390179734956,0.0,Low (<5%),0.0024911497802912,0.0,0.0,Low (<10%),0.0009279125170603,0.018558250341207,0.0,Low (<5%),0.0021807725037638,0.0,0.0,Low (<10%),0.0008944345269238,0.017888690538476,0.0,Low (<5%),0.0012945361268581,0.0,0.0,Low (<10%),0.0005259929490359,0.0105198589807186,0.0,Low (<5%),United States,California
781001,0.0039563545146357,0.0,0.0,Low (<10%),0.0011608919518369,0.0232178390367381,0.0,Low (<5%),0.003823003126566,0.0,0.0,Low (<10%),0.0011254643866879,0.0225092877337582,0.0,Low (<5%),0.0031470685056988,0.0,0.0,Low (<10%),0.0009274252517943,0.0185485050358876,0.0,Low (<5%),0.0035763653222228,0.0,0.0,Low (<10%),0.0010568320171379,0.0211366403427594,0.0,Low (<5%),0.0041322585832786,0.0,0.0,Low (<10%),0.0012306540600753,0.0246130812015064,0.0,Low (<5%),0.0051383339316147,0.0,0.0,Low (<10%),0.0016539237540586,0.0330784750811736,0.0,Low (<5%),0.0065003973749309,0.0,0.0,Low (<10%),0.0022820012505377,0.0456400250107559,0.0,Low (<5%),0.0078591716432418,0.0,0.0,Low (<10%),0.0025201180116653,0.0504023602333078,0.0,Low (<5%),0.0088649249073557,0.0,0.0,Low (<10%),0.0025890610682555,0.0517812213651116,0.0,Low (<5%),0.0093809872443714,0.0,0.0,Low (<10%),0.002772045204547,0.0554409040909402,0.0,Low (<5%),0.0101440304957976,0.0,0.0,Low (<10%),0.0029964175952256,0.0599283519045123,0.0,Low (<5%),0.0060095093974156,0.0,0.0,Low (<10%),0.0017647273336724,0.0352945466734493,0.0,Low (<5%),United States,California
781002,0.0188545723664259,0.0,0.0,Low (<10%),0.0045834805408263,0.091669610816527,0.0,Low (<5%),0.0171272670003622,0.0,0.0,Low (<10%),0.0041683547385133,0.0833670947702675,0.0,Low (<5%),0.0144126946412064,0.0,0.0,Low (<10%),0.0035151222579946,0.0703024451598925,0.0,Low (<5%),0.0168724449401318,0.0,0.0,Low (<10%),0.0041663734813644,0.0833274696272889,0.0,Low (<5%),0.0217980690316107,0.0,0.0,Low (<10%),0.0069776562270436,0.139553124540872,0.0,Low (<5%),0.0428236679910573,0.0,0.0,Low (<10%),0.0236549829576615,0.4730996591532312,0.0,Low (<5%),0.0984941309005729,0.978109664474447,0.0,Low (<10%),0.0490355834068518,0.980711668137036,0.0,Low (<5%),0.1202055604137041,1.2655036331184395,1.0,Low - Medium (10-20%),0.0560441687710966,1.0302208438554832,1.0,Low - Medium (5-25%),0.101106504718141,1.0158758164568151,1.0,Low - Medium (10-20%),0.0306721654314641,0.6134433086292826,0.0,Low (<5%),0.0724558126226265,0.5351733368611657,0.0,Low (<10%),0.0159936740378824,0.3198734807576486,0.0,Low (<5%),0.0563152037675393,0.1715963734018338,0.0,Low (<10%),0.0135887387955042,0.2717747759100846,0.0,Low (<5%),0.0285594432141742,0.0,0.0,Low (<10%),0.0069442583797698,0.1388851675953976,0.0,Low (<5%),United States,California
